
     Program PROJWFC v.7.5 starts on 20Aug2026 at  7:27:32 

     This program is part of the open-source Quantum ESPRESSO suite
     for quantum simulation of materials; please cite
         "P. Giannozzi et al., J. Phys.:Condens. Matter 21 395502 (2009);
         "P. Giannozzi et al., J. Phys.:Condens. Matter 29 465901 (2017);
         "P. Giannozzi et al., J. Chem. Phys. 152 154105 (2020);
          URL http://www.quantum-espresso.org", 
     in publications or presentations arising from this work. More details at
     http://www.quantum-espresso.org/quote

     Parallel version (MPI & OpenMP), running on       1 processor cores
     Number of MPI processes:                 1
     Threads/MPI process:                     1

     MPI processes distributed on     1 nodes
     4057 MiB available memory on the printing compute node when the environment starts


     Reading xml data from directory:

     /home/user/workspace/qe_runs/strain_0/out/te0.save/
     file Te.rel-pbe-n-rrkjus_psl.1.0.0.UPF: wavefunction(s)  5S renormalized

     IMPORTANT: XC functional enforced from input :
     Exchange-correlation= PBE
                           (   1   4   3   4   0   0   0)
     Any further DFT definition will be discarded
     Please, verify this is what you really want


     G-vector sticks info
     --------------------
     sticks:   dense  smooth     PW     G-vecs:    dense   smooth      PW
     Sum        1483     967    295                60431    32821    5265

     Using Slab Decomposition


     Gaussian broadening (read from file): ngauss,degauss=   0    0.010000


     Calling projwave .... 
     Subspace diagonalization in iterative solution of the eigenvalue problem:
     a serial algorithm will be used


  Problem Sizes 
  natomwfc =           24
  nbnd     =           28
  nkstot   =           14
  npwx     =         4142
  nkb      =          102


     Atomic states used for projection
     (read from pseudopotential files):

     state #   1: atom   1 (Te ), wfc  1 (l=0 j=0.5 m_j=-0.5)
     state #   2: atom   1 (Te ), wfc  1 (l=0 j=0.5 m_j= 0.5)
     state #   3: atom   1 (Te ), wfc  2 (l=1 j=0.5 m_j=-0.5)
     state #   4: atom   1 (Te ), wfc  2 (l=1 j=0.5 m_j= 0.5)
     state #   5: atom   1 (Te ), wfc  3 (l=1 j=1.5 m_j=-1.5)
     state #   6: atom   1 (Te ), wfc  3 (l=1 j=1.5 m_j=-0.5)
     state #   7: atom   1 (Te ), wfc  3 (l=1 j=1.5 m_j= 0.5)
     state #   8: atom   1 (Te ), wfc  3 (l=1 j=1.5 m_j= 1.5)
     state #   9: atom   2 (Te ), wfc  1 (l=0 j=0.5 m_j=-0.5)
     state #  10: atom   2 (Te ), wfc  1 (l=0 j=0.5 m_j= 0.5)
     state #  11: atom   2 (Te ), wfc  2 (l=1 j=0.5 m_j=-0.5)
     state #  12: atom   2 (Te ), wfc  2 (l=1 j=0.5 m_j= 0.5)
     state #  13: atom   2 (Te ), wfc  3 (l=1 j=1.5 m_j=-1.5)
     state #  14: atom   2 (Te ), wfc  3 (l=1 j=1.5 m_j=-0.5)
     state #  15: atom   2 (Te ), wfc  3 (l=1 j=1.5 m_j= 0.5)
     state #  16: atom   2 (Te ), wfc  3 (l=1 j=1.5 m_j= 1.5)
     state #  17: atom   3 (Te ), wfc  1 (l=0 j=0.5 m_j=-0.5)
     state #  18: atom   3 (Te ), wfc  1 (l=0 j=0.5 m_j= 0.5)
     state #  19: atom   3 (Te ), wfc  2 (l=1 j=0.5 m_j=-0.5)
     state #  20: atom   3 (Te ), wfc  2 (l=1 j=0.5 m_j= 0.5)
     state #  21: atom   3 (Te ), wfc  3 (l=1 j=1.5 m_j=-1.5)
     state #  22: atom   3 (Te ), wfc  3 (l=1 j=1.5 m_j=-0.5)
     state #  23: atom   3 (Te ), wfc  3 (l=1 j=1.5 m_j= 0.5)
     state #  24: atom   3 (Te ), wfc  3 (l=1 j=1.5 m_j= 1.5)

 k =   0.3333333000  0.5772950894  0.0000000000
==== e(   1) =    -6.49580 eV ==== 
     psi = 0.148*[#   1]+0.148*[#   2]+0.148*[#   9]+0.148*[#  10]+0.148*[#  17]
          +0.148*[#  18]+0.009*[#   5]+0.009*[#   8]+0.009*[#  13]+0.009*[#  16]
          +0.009*[#  21]+0.009*[#  24]+0.006*[#   3]+0.006*[#   4]+0.006*[#  11]
          +0.006*[#  12]+0.006*[#  19]+0.006*[#  20]+0.003*[#   6]+0.003*[#   7]
          +0.003*[#  14]+0.003*[#  15]+0.003*[#  22]+0.003*[#  23]
    |psi|^2 = 0.997
==== e(   2) =    -6.49580 eV ==== 
     psi = 0.148*[#   9]+0.148*[#  10]+0.148*[#  17]+0.148*[#  18]+0.148*[#   1]
          +0.148*[#   2]+0.009*[#   5]+0.009*[#   8]+0.009*[#  13]+0.009*[#  16]
          +0.009*[#  21]+0.009*[#  24]+0.006*[#   3]+0.006*[#   4]+0.006*[#  11]
          +0.006*[#  12]+0.006*[#  19]+0.006*[#  20]+0.003*[#   6]+0.003*[#   7]
          +0.003*[#  14]+0.003*[#  15]+0.003*[#  22]+0.003*[#  23]
    |psi|^2 = 0.997
==== e(   3) =    -4.65862 eV ==== 
     psi = 0.150*[#   9]+0.150*[#  10]+0.150*[#  17]+0.150*[#  18]+0.141*[#   1]
          +0.141*[#   2]+0.011*[#   5]+0.011*[#   8]+0.010*[#  13]+0.010*[#  16]
          +0.010*[#  21]+0.010*[#  24]+0.009*[#   3]+0.009*[#   4]+0.008*[#  11]
          +0.008*[#  12]+0.008*[#  19]+0.008*[#  20]
    |psi|^2 = 0.998
==== e(   4) =    -4.65554 eV ==== 
     psi = 0.148*[#   9]+0.148*[#  10]+0.148*[#  17]+0.148*[#  18]+0.146*[#   1]
          +0.146*[#   2]+0.009*[#  11]+0.009*[#  12]+0.009*[#  19]+0.009*[#  20]
          +0.009*[#   6]+0.009*[#   7]+0.007*[#   3]+0.007*[#   4]+0.006*[#  14]
          +0.006*[#  15]+0.006*[#  22]+0.006*[#  23]+0.004*[#   5]+0.004*[#   8]
          +0.004*[#  13]+0.004*[#  16]+0.004*[#  21]+0.004*[#  24]
    |psi|^2 = 0.998
==== e(   5) =    -4.65554 eV ==== 
     psi = 0.153*[#   1]+0.153*[#   2]+0.145*[#   9]+0.145*[#  10]+0.145*[#  17]
          +0.145*[#  18]+0.010*[#   3]+0.010*[#   4]+0.008*[#  11]+0.008*[#  12]
          +0.008*[#  14]+0.008*[#  15]+0.008*[#  19]+0.008*[#  20]+0.008*[#  22]
          +0.008*[#  23]+0.005*[#   6]+0.005*[#   7]+0.004*[#  13]+0.004*[#  16]
          +0.004*[#  21]+0.004*[#  24]+0.004*[#   5]+0.004*[#   8]
    |psi|^2 = 0.998
==== e(   6) =    -4.64395 eV ==== 
     psi = 0.149*[#   1]+0.149*[#   2]+0.147*[#   9]+0.147*[#  10]+0.147*[#  17]
          +0.147*[#  18]+0.010*[#   5]+0.010*[#   8]+0.010*[#  13]+0.010*[#  16]
          +0.010*[#  21]+0.010*[#  24]+0.008*[#  14]+0.008*[#  15]+0.008*[#  22]
          +0.008*[#  23]+0.008*[#   6]+0.008*[#   7]
    |psi|^2 = 0.998
==== e(   7) =     1.23502 eV ==== 
     psi = 0.103*[#   3]+0.103*[#   4]+0.102*[#  11]+0.102*[#  12]+0.102*[#  19]
          +0.102*[#  20]+0.038*[#   6]+0.038*[#   7]+0.038*[#  14]+0.038*[#  15]
          +0.038*[#  22]+0.038*[#  23]+0.024*[#   5]+0.024*[#   8]+0.024*[#  13]
          +0.024*[#  16]+0.024*[#  21]+0.024*[#  24]+0.001*[#   1]+0.001*[#   2]
          +0.002*[#   9]+0.002*[#  10]+0.002*[#  17]+0.002*[#  18]
    |psi|^2 = 0.995
==== e(   8) =     1.42224 eV ==== 
     psi = 0.072*[#  11]+0.072*[#  12]+0.072*[#  19]+0.072*[#  20]+0.056*[#   6]
          +0.056*[#   7]+0.054*[#  14]+0.054*[#  15]+0.054*[#  22]+0.054*[#  23]
          +0.054*[#   3]+0.054*[#   4]+0.050*[#   5]+0.050*[#   8]+0.041*[#  13]
          +0.041*[#  16]+0.041*[#  21]+0.041*[#  24]+0.002*[#   1]+0.002*[#   2]
          
    |psi|^2 = 0.995
==== e(   9) =     1.42227 eV ==== 
     psi = 0.078*[#   3]+0.078*[#   4]+0.060*[#  11]+0.060*[#  12]+0.060*[#  19]
          +0.060*[#  20]+0.055*[#  14]+0.055*[#  15]+0.055*[#  22]+0.055*[#  23]
          +0.054*[#   6]+0.054*[#   7]+0.047*[#  13]+0.047*[#  16]+0.047*[#  21]
          +0.047*[#  24]+0.039*[#   5]+0.039*[#   8]+0.001*[#   9]+0.001*[#  10]
          +0.001*[#  17]+0.001*[#  18]
    |psi|^2 = 0.995
==== e(  10) =     1.43711 eV ==== 
     psi = 0.093*[#  14]+0.093*[#  15]+0.093*[#  22]+0.093*[#  23]+0.093*[#   6]
          +0.093*[#   7]+0.055*[#   3]+0.055*[#   4]+0.055*[#  11]+0.055*[#  12]
          +0.055*[#  19]+0.055*[#  20]+0.016*[#   5]+0.016*[#   8]+0.016*[#  13]
          +0.016*[#  16]+0.016*[#  21]+0.016*[#  24]+0.002*[#   1]+0.002*[#   2]
          +0.002*[#   9]+0.002*[#  10]+0.002*[#  17]+0.002*[#  18]
    |psi|^2 = 0.995
==== e(  11) =     2.76342 eV ==== 
     psi = 0.151*[#   3]+0.151*[#   4]+0.076*[#  11]+0.076*[#  12]+0.076*[#  19]
          +0.076*[#  20]+0.047*[#  13]+0.047*[#  16]+0.047*[#  21]+0.047*[#  24]
          +0.017*[#  14]+0.017*[#  15]+0.017*[#  22]+0.017*[#  23]+0.016*[#   5]
          +0.016*[#   8]+0.016*[#   1]+0.016*[#   2]+0.013*[#   9]+0.013*[#  10]
          +0.013*[#  17]+0.013*[#  18]+0.006*[#   6]+0.006*[#   7]
    |psi|^2 = 0.989
==== e(  12) =     2.76345 eV ==== 
     psi = 0.126*[#  11]+0.126*[#  12]+0.126*[#  19]+0.126*[#  20]+0.058*[#   5]
          +0.058*[#   8]+0.051*[#   3]+0.051*[#   4]+0.026*[#  13]+0.026*[#  16]
          +0.026*[#  21]+0.026*[#  24]+0.020*[#   6]+0.020*[#   7]+0.015*[#   9]
          +0.015*[#  10]+0.015*[#  17]+0.015*[#  18]+0.012*[#   1]+0.012*[#   2]
          +0.010*[#  14]+0.010*[#  15]+0.010*[#  22]+0.010*[#  23]
    |psi|^2 = 0.989
==== e(  13) =     2.86009 eV ==== 
     psi = 0.098*[#   5]+0.098*[#   8]+0.098*[#  13]+0.098*[#  16]+0.098*[#  21]
          +0.098*[#  24]+0.050*[#  11]+0.050*[#  12]+0.050*[#  19]+0.050*[#  20]
          +0.050*[#   3]+0.050*[#   4]+0.014*[#   1]+0.014*[#   2]+0.014*[#   9]
          +0.014*[#  10]+0.014*[#  17]+0.014*[#  18]+0.003*[#   6]+0.003*[#   7]
          +0.003*[#  14]+0.003*[#  15]+0.003*[#  22]+0.003*[#  23]
    |psi|^2 = 0.988
==== e(  14) =     3.06108 eV ==== 
     psi = 0.089*[#   3]+0.089*[#   4]+0.068*[#  14]+0.068*[#  15]+0.068*[#  22]
          +0.068*[#  23]+0.042*[#   6]+0.042*[#   7]+0.039*[#  13]+0.039*[#  16]
          +0.039*[#  21]+0.039*[#  24]+0.035*[#   5]+0.035*[#   8]+0.034*[#  11]
          +0.034*[#  12]+0.034*[#  19]+0.034*[#  20]+0.021*[#   1]+0.021*[#   2]
          +0.012*[#   9]+0.012*[#  10]+0.012*[#  17]+0.012*[#  18]
    |psi|^2 = 0.988
==== e(  15) =     3.06110 eV ==== 
     psi = 0.077*[#   6]+0.077*[#   7]+0.071*[#  11]+0.071*[#  12]+0.071*[#  19]
          +0.071*[#  20]+0.051*[#  14]+0.051*[#  15]+0.051*[#  22]+0.051*[#  23]
          +0.041*[#   5]+0.041*[#   8]+0.036*[#  13]+0.036*[#  16]+0.036*[#  21]
          +0.036*[#  24]+0.018*[#   9]+0.018*[#  10]+0.018*[#  17]+0.018*[#  18]
          +0.016*[#   3]+0.016*[#   4]+0.009*[#   1]+0.009*[#   2]
    |psi|^2 = 0.988
==== e(  16) =     3.09044 eV ==== 
     psi = 0.092*[#  13]+0.092*[#  16]+0.092*[#  21]+0.092*[#  24]+0.091*[#   5]
          +0.091*[#   8]+0.055*[#   6]+0.055*[#   7]+0.055*[#  14]+0.055*[#  15]
          +0.055*[#  22]+0.055*[#  23]+0.014*[#   1]+0.014*[#   2]+0.013*[#   9]
          +0.013*[#  10]+0.013*[#  17]+0.013*[#  18]+0.005*[#   3]+0.005*[#   4]
          +0.005*[#  11]+0.005*[#  12]+0.005*[#  19]+0.005*[#  20]
    |psi|^2 = 0.988
==== e(  17) =     3.44711 eV ==== 
     psi = 0.085*[#  13]+0.085*[#  16]+0.085*[#  21]+0.085*[#  24]+0.076*[#   6]
          +0.076*[#   7]+0.068*[#  14]+0.068*[#  15]+0.068*[#  22]+0.068*[#  23]
          +0.066*[#   5]+0.066*[#   8]+0.021*[#   3]+0.021*[#   4]+0.008*[#  11]
          +0.008*[#  12]+0.008*[#  19]+0.008*[#  20]+0.006*[#   9]+0.006*[#  10]
          +0.006*[#  17]+0.006*[#  18]
    |psi|^2 = 0.993
==== e(  18) =     3.44714 eV ==== 
     psi = 0.091*[#   5]+0.091*[#   8]+0.073*[#  14]+0.073*[#  15]+0.073*[#  22]
          +0.073*[#  23]+0.072*[#  13]+0.072*[#  16]+0.072*[#  21]+0.072*[#  24]
          +0.066*[#   6]+0.066*[#   7]+0.016*[#  11]+0.016*[#  12]+0.016*[#  19]
          +0.016*[#  20]+0.007*[#   1]+0.007*[#   2]+0.004*[#   3]+0.004*[#   4]
          +0.002*[#   9]+0.002*[#  10]+0.002*[#  17]+0.002*[#  18]
    |psi|^2 = 0.993
==== e(  19) =     8.73863 eV ==== 
     psi = 0.062*[#   6]+0.062*[#   7]+0.062*[#  14]+0.062*[#  15]+0.062*[#  22]
          +0.062*[#  23]+0.056*[#   3]+0.056*[#   4]+0.056*[#  11]+0.056*[#  12]
          +0.056*[#  19]+0.056*[#  20]+0.035*[#  13]+0.035*[#  16]+0.035*[#  21]
          +0.035*[#  24]+0.035*[#   5]+0.035*[#   8]+0.003*[#   1]+0.003*[#   2]
          +0.003*[#   9]+0.003*[#  10]+0.003*[#  17]+0.003*[#  18]
    |psi|^2 = 0.931
==== e(  20) =     8.77973 eV ==== 
     psi = 0.066*[#   6]+0.066*[#   7]+0.066*[#  14]+0.066*[#  15]+0.066*[#  22]
          +0.066*[#  23]+0.051*[#   3]+0.051*[#   4]+0.051*[#  11]+0.051*[#  12]
          +0.051*[#  19]+0.051*[#  20]+0.037*[#  13]+0.037*[#  16]+0.037*[#  21]
          +0.037*[#  24]+0.036*[#   5]+0.036*[#   8]+0.003*[#   1]+0.003*[#   2]
          +0.003*[#   9]+0.003*[#  10]+0.003*[#  17]+0.003*[#  18]
    |psi|^2 = 0.933
==== e(  21) =     8.94569 eV ==== 
     psi = 0.084*[#   6]+0.084*[#   7]+0.073*[#   5]+0.073*[#   8]+0.064*[#  13]
          +0.064*[#  16]+0.064*[#  21]+0.064*[#  24]+0.049*[#  11]+0.049*[#  12]
          +0.049*[#  19]+0.049*[#  20]+0.037*[#  14]+0.037*[#  15]+0.037*[#  22]
          +0.037*[#  23]+0.008*[#   3]+0.008*[#   4]+0.003*[#   9]+0.003*[#  10]
          +0.003*[#  17]+0.003*[#  18]+0.002*[#   1]+0.002*[#   2]
    |psi|^2 = 0.942
==== e(  22) =     8.94573 eV ==== 
     psi = 0.070*[#  13]+0.070*[#  16]+0.070*[#  21]+0.070*[#  24]+0.068*[#  14]
          +0.068*[#  15]+0.068*[#  22]+0.068*[#  23]+0.062*[#   3]+0.062*[#   4]
          +0.062*[#   5]+0.062*[#   8]+0.021*[#  11]+0.021*[#  12]+0.021*[#  19]
          +0.021*[#  20]+0.021*[#   6]+0.021*[#   7]+0.003*[#   1]+0.003*[#   2]
          +0.002*[#   9]+0.002*[#  10]+0.002*[#  17]+0.002*[#  18]
    |psi|^2 = 0.942
==== e(  23) =     9.19305 eV ==== 
     psi = 0.104*[#   6]+0.104*[#   7]+0.064*[#  11]+0.064*[#  12]+0.064*[#  19]
          +0.064*[#  20]+0.056*[#   5]+0.056*[#   8]+0.048*[#  13]+0.048*[#  16]
          +0.048*[#  21]+0.048*[#  24]+0.047*[#  14]+0.047*[#  15]+0.047*[#  22]
          +0.047*[#  23]+0.013*[#   3]+0.013*[#   4]
    |psi|^2 = 0.982
==== e(  24) =     9.19308 eV ==== 
     psi = 0.085*[#  14]+0.085*[#  15]+0.085*[#  22]+0.085*[#  23]+0.081*[#   3]
          +0.081*[#   4]+0.053*[#  13]+0.053*[#  16]+0.053*[#  21]+0.053*[#  24]
          +0.044*[#   5]+0.044*[#   8]+0.030*[#  11]+0.030*[#  12]+0.030*[#  19]
          +0.030*[#  20]+0.028*[#   6]+0.028*[#   7]
    |psi|^2 = 0.982
==== e(  25) =    10.86604 eV ==== 

    |psi|^2 = 0.006
==== e(  26) =    10.86605 eV ==== 

    |psi|^2 = 0.006
==== e(  27) =    11.86774 eV ==== 
     psi = 0.004*[#   3]+0.004*[#   4]+0.003*[#  14]+0.003*[#  15]+0.003*[#  22]
          +0.003*[#  23]+0.002*[#  11]+0.002*[#  12]+0.002*[#  13]+0.002*[#  16]
          +0.002*[#  19]+0.002*[#  20]+0.002*[#  21]+0.002*[#  24]+0.002*[#   5]
          +0.002*[#   6]+0.002*[#   7]+0.002*[#   8]
    |psi|^2 = 0.046
==== e(  28) =    11.86775 eV ==== 
     psi = 0.004*[#   6]+0.004*[#   7]+0.003*[#  11]+0.003*[#  12]+0.003*[#  19]
          +0.003*[#  20]+0.002*[#  14]+0.002*[#  15]+0.002*[#  22]+0.002*[#  23]
          +0.002*[#   5]+0.002*[#   8]+0.002*[#  13]+0.002*[#  16]+0.002*[#  21]
          +0.002*[#  24]+0.001*[#   3]+0.001*[#   4]
    |psi|^2 = 0.046

 k =   0.3333333000  0.5772950894  0.0751762523
==== e(   1) =    -6.47016 eV ==== 
     psi = 0.148*[#   1]+0.148*[#   2]+0.148*[#   9]+0.148*[#  10]+0.148*[#  17]
          +0.148*[#  18]+0.008*[#   5]+0.008*[#   8]+0.008*[#  13]+0.008*[#  16]
          +0.008*[#  21]+0.008*[#  24]+0.007*[#   3]+0.007*[#   4]+0.007*[#  11]
          +0.007*[#  12]+0.007*[#  19]+0.007*[#  20]+0.004*[#   6]+0.004*[#   7]
          +0.004*[#  14]+0.004*[#  15]+0.004*[#  22]+0.004*[#  23]
    |psi|^2 = 0.997
==== e(   2) =    -6.46733 eV ==== 
     psi = 0.148*[#   1]+0.148*[#   2]+0.148*[#   9]+0.148*[#  10]+0.148*[#  17]
          +0.148*[#  18]+0.010*[#   5]+0.010*[#   8]+0.010*[#  13]+0.010*[#  16]
          +0.010*[#  21]+0.010*[#  24]+0.005*[#   3]+0.005*[#   4]+0.005*[#  11]
          +0.005*[#  12]+0.005*[#  19]+0.005*[#  20]+0.003*[#   6]+0.003*[#   7]
          +0.003*[#  14]+0.003*[#  15]+0.003*[#  22]+0.003*[#  23]
    |psi|^2 = 0.997
==== e(   3) =    -4.88470 eV ==== 
     psi = 0.148*[#   9]+0.148*[#  10]+0.148*[#  17]+0.148*[#  18]+0.148*[#   1]
          +0.148*[#   2]+0.008*[#   5]+0.008*[#   8]+0.008*[#  13]+0.008*[#  16]
          +0.008*[#  21]+0.008*[#  24]+0.005*[#   3]+0.005*[#   4]+0.005*[#   6]
          +0.005*[#   7]+0.005*[#  11]+0.005*[#  12]+0.005*[#  14]+0.005*[#  15]
          +0.005*[#  19]+0.005*[#  20]+0.005*[#  22]+0.005*[#  23]
    |psi|^2 = 0.998
==== e(   4) =    -4.88400 eV ==== 
     psi = 0.149*[#   1]+0.149*[#   2]+0.149*[#   9]+0.149*[#  10]+0.149*[#  17]
          +0.149*[#  18]+0.007*[#   3]+0.007*[#   4]+0.007*[#  11]+0.007*[#  12]
          +0.007*[#  19]+0.007*[#  20]+0.006*[#   6]+0.006*[#   7]+0.006*[#  14]
          +0.006*[#  15]+0.006*[#  22]+0.006*[#  23]+0.005*[#   5]+0.005*[#   8]
          +0.005*[#  13]+0.005*[#  16]+0.005*[#  21]+0.005*[#  24]
    |psi|^2 = 0.998
==== e(   5) =    -4.44875 eV ==== 
     psi = 0.146*[#   1]+0.146*[#   2]+0.146*[#   9]+0.146*[#  10]+0.146*[#  17]
          +0.146*[#  18]+0.010*[#   3]+0.010*[#   4]+0.010*[#  11]+0.010*[#  12]
          +0.010*[#  19]+0.010*[#  20]+0.007*[#   6]+0.007*[#   7]+0.007*[#  14]
          +0.007*[#  15]+0.007*[#  22]+0.007*[#  23]+0.004*[#   5]+0.004*[#   8]
          +0.004*[#  13]+0.004*[#  16]+0.004*[#  21]+0.004*[#  24]
    |psi|^2 = 0.998
==== e(   6) =    -4.44029 eV ==== 
     psi = 0.146*[#   1]+0.146*[#   2]+0.146*[#   9]+0.146*[#  10]+0.146*[#  17]
          +0.146*[#  18]+0.013*[#   5]+0.013*[#   8]+0.013*[#  13]+0.013*[#  16]
          +0.013*[#  21]+0.013*[#  24]+0.004*[#   6]+0.004*[#   7]+0.004*[#  14]
          +0.004*[#  15]+0.004*[#  22]+0.004*[#  23]+0.004*[#   3]+0.004*[#   4]
          +0.004*[#  11]+0.004*[#  12]+0.004*[#  19]+0.004*[#  20]
    |psi|^2 = 0.998
==== e(   7) =     1.08125 eV ==== 
     psi = 0.077*[#   3]+0.077*[#   4]+0.077*[#  11]+0.077*[#  12]+0.077*[#  19]
          +0.077*[#  20]+0.045*[#   6]+0.045*[#   7]+0.045*[#  14]+0.045*[#  15]
          +0.045*[#  22]+0.045*[#  23]+0.042*[#   5]+0.042*[#   8]+0.042*[#  13]
          +0.042*[#  16]+0.042*[#  21]+0.042*[#  24]
    |psi|^2 = 0.996
==== e(   8) =     1.10688 eV ==== 
     psi = 0.071*[#  11]+0.071*[#  12]+0.071*[#  19]+0.071*[#  20]+0.071*[#   3]
          +0.071*[#   4]+0.056*[#   6]+0.056*[#   7]+0.056*[#  14]+0.056*[#  15]
          +0.056*[#  22]+0.056*[#  23]+0.038*[#   5]+0.038*[#   8]+0.038*[#  13]
          +0.038*[#  16]+0.038*[#  21]+0.038*[#  24]
    |psi|^2 = 0.996
==== e(   9) =     1.43591 eV ==== 
     psi = 0.081*[#   6]+0.081*[#   7]+0.081*[#  14]+0.081*[#  15]+0.081*[#  22]
          +0.081*[#  23]+0.079*[#   3]+0.079*[#   4]+0.079*[#  11]+0.079*[#  12]
          +0.079*[#  19]+0.079*[#  20]+0.003*[#   1]+0.003*[#   2]+0.003*[#   9]
          +0.003*[#  10]+0.003*[#  17]+0.003*[#  18]+0.002*[#   5]+0.002*[#   8]
          +0.002*[#  13]+0.002*[#  16]+0.002*[#  21]+0.002*[#  24]
    |psi|^2 = 0.994
==== e(  10) =     1.60595 eV ==== 
     psi = 0.060*[#   5]+0.060*[#   8]+0.060*[#  13]+0.060*[#  16]+0.060*[#  21]
          +0.060*[#  24]+0.053*[#   3]+0.053*[#   4]+0.053*[#  11]+0.053*[#  12]
          +0.053*[#  19]+0.053*[#  20]+0.051*[#   6]+0.051*[#   7]+0.051*[#  14]
          +0.051*[#  15]+0.051*[#  22]+0.051*[#  23]+0.003*[#   1]+0.003*[#   2]
          +0.003*[#   9]+0.003*[#  10]+0.003*[#  17]+0.003*[#  18]
    |psi|^2 = 0.994
==== e(  11) =     2.46972 eV ==== 
     psi = 0.090*[#   3]+0.090*[#   4]+0.090*[#  11]+0.090*[#  12]+0.090*[#  19]
          +0.090*[#  20]+0.041*[#   6]+0.041*[#   7]+0.041*[#  14]+0.041*[#  15]
          +0.041*[#  22]+0.041*[#  23]+0.024*[#   5]+0.024*[#   8]+0.024*[#  13]
          +0.024*[#  16]+0.024*[#  21]+0.024*[#  24]+0.011*[#   1]+0.011*[#   2]
          +0.011*[#   9]+0.011*[#  10]+0.011*[#  17]+0.011*[#  18]
    |psi|^2 = 0.993
==== e(  12) =     2.49289 eV ==== 
     psi = 0.097*[#  11]+0.097*[#  12]+0.097*[#  19]+0.097*[#  20]+0.097*[#   3]
          +0.097*[#   4]+0.044*[#   5]+0.044*[#   8]+0.044*[#  13]+0.044*[#  16]
          +0.044*[#  21]+0.044*[#  24]+0.012*[#   6]+0.012*[#   7]+0.012*[#  14]
          +0.012*[#  15]+0.012*[#  22]+0.012*[#  23]+0.012*[#   1]+0.012*[#   2]
          +0.012*[#   9]+0.012*[#  10]+0.012*[#  17]+0.012*[#  18]
    |psi|^2 = 0.990
==== e(  13) =     2.75157 eV ==== 
     psi = 0.072*[#   6]+0.072*[#   7]+0.072*[#  14]+0.072*[#  15]+0.072*[#  22]
          +0.072*[#  23]+0.053*[#   5]+0.053*[#   8]+0.053*[#  13]+0.053*[#  16]
          +0.053*[#  21]+0.053*[#  24]+0.029*[#   3]+0.029*[#   4]+0.029*[#  11]
          +0.029*[#  12]+0.029*[#  19]+0.029*[#  20]+0.012*[#   1]+0.012*[#   2]
          +0.012*[#   9]+0.012*[#  10]+0.012*[#  17]+0.012*[#  18]
    |psi|^2 = 0.990
==== e(  14) =     2.83758 eV ==== 
     psi = 0.112*[#  13]+0.112*[#  16]+0.112*[#  21]+0.112*[#  24]+0.111*[#   5]
          +0.111*[#   8]+0.023*[#   3]+0.023*[#   4]+0.023*[#  11]+0.023*[#  12]
          +0.023*[#  19]+0.023*[#  20]+0.019*[#   6]+0.019*[#   7]+0.019*[#  14]
          +0.019*[#  15]+0.019*[#  22]+0.019*[#  23]+0.011*[#   1]+0.011*[#   2]
          +0.011*[#   9]+0.011*[#  10]+0.011*[#  17]+0.011*[#  18]
    |psi|^2 = 0.988
==== e(  15) =     3.46015 eV ==== 
     psi = 0.058*[#   5]+0.058*[#   8]+0.057*[#  13]+0.057*[#  16]+0.057*[#  21]
          +0.057*[#  24]+0.048*[#   6]+0.048*[#   7]+0.048*[#  14]+0.048*[#  15]
          +0.048*[#  22]+0.048*[#  23]+0.044*[#  11]+0.044*[#  12]+0.044*[#  19]
          +0.044*[#  20]+0.044*[#   3]+0.044*[#   4]+0.015*[#   1]+0.015*[#   2]
          +0.015*[#   9]+0.015*[#  10]+0.015*[#  17]+0.015*[#  18]
    |psi|^2 = 0.986
==== e(  16) =     3.46508 eV ==== 
     psi = 0.073*[#  13]+0.073*[#  16]+0.073*[#  21]+0.073*[#  24]+0.073*[#   5]
          +0.073*[#   8]+0.043*[#  14]+0.043*[#  15]+0.043*[#  22]+0.043*[#  23]
          +0.043*[#   6]+0.043*[#   7]+0.034*[#   3]+0.034*[#   4]+0.034*[#  11]
          +0.034*[#  12]+0.034*[#  19]+0.034*[#  20]+0.014*[#   1]+0.014*[#   2]
          +0.014*[#   9]+0.014*[#  10]+0.014*[#  17]+0.014*[#  18]
    |psi|^2 = 0.986
==== e(  17) =     3.81808 eV ==== 
     psi = 0.066*[#   6]+0.066*[#   7]+0.066*[#  14]+0.066*[#  15]+0.066*[#  22]
          +0.066*[#  23]+0.056*[#   3]+0.056*[#   4]+0.056*[#  11]+0.056*[#  12]
          +0.056*[#  19]+0.056*[#  20]+0.037*[#   5]+0.037*[#   8]+0.037*[#  13]
          +0.037*[#  16]+0.037*[#  21]+0.037*[#  24]+0.007*[#   1]+0.007*[#   2]
          +0.007*[#   9]+0.007*[#  10]+0.007*[#  17]+0.007*[#  18]
    |psi|^2 = 0.990
==== e(  18) =     3.98458 eV ==== 
     psi = 0.083*[#   5]+0.083*[#   8]+0.083*[#  13]+0.083*[#  16]+0.083*[#  21]
          +0.083*[#  24]+0.049*[#   6]+0.049*[#   7]+0.049*[#  14]+0.049*[#  15]
          +0.049*[#  22]+0.049*[#  23]+0.025*[#   3]+0.025*[#   4]+0.025*[#  11]
          +0.025*[#  12]+0.025*[#  19]+0.025*[#  20]+0.007*[#   1]+0.007*[#   2]
          +0.007*[#   9]+0.007*[#  10]+0.007*[#  17]+0.007*[#  18]
    |psi|^2 = 0.989
==== e(  19) =     8.50995 eV ==== 
     psi = 0.063*[#   6]+0.063*[#   7]+0.063*[#  14]+0.063*[#  15]+0.063*[#  22]
          +0.063*[#  23]+0.054*[#   3]+0.054*[#   4]+0.054*[#  11]+0.054*[#  12]
          +0.054*[#  19]+0.054*[#  20]+0.036*[#   5]+0.036*[#   8]+0.036*[#  13]
          +0.036*[#  16]+0.036*[#  21]+0.036*[#  24]+0.005*[#   1]+0.005*[#   2]
          +0.005*[#   9]+0.005*[#  10]+0.005*[#  17]+0.005*[#  18]
    |psi|^2 = 0.950
==== e(  20) =     8.68446 eV ==== 
     psi = 0.071*[#  13]+0.071*[#  16]+0.071*[#  21]+0.071*[#  24]+0.071*[#   5]
          +0.071*[#   8]+0.051*[#   6]+0.051*[#   7]+0.051*[#  14]+0.051*[#  15]
          +0.051*[#  22]+0.051*[#  23]+0.033*[#   3]+0.033*[#   4]+0.033*[#  11]
          +0.033*[#  12]+0.033*[#  19]+0.033*[#  20]+0.004*[#   1]+0.004*[#   2]
          +0.005*[#   9]+0.005*[#  10]+0.005*[#  17]+0.005*[#  18]
    |psi|^2 = 0.957
==== e(  21) =     8.77713 eV ==== 
     psi = 0.065*[#  14]+0.065*[#  15]+0.065*[#  22]+0.065*[#  23]+0.065*[#   6]
          +0.065*[#   7]+0.051*[#   3]+0.051*[#   4]+0.051*[#  11]+0.051*[#  12]
          +0.051*[#  19]+0.051*[#  20]+0.037*[#   5]+0.037*[#   8]+0.037*[#  13]
          +0.037*[#  16]+0.037*[#  21]+0.037*[#  24]+0.002*[#   1]+0.002*[#   2]
          +0.002*[#   9]+0.002*[#  10]+0.002*[#  17]+0.002*[#  18]
    |psi|^2 = 0.930
==== e(  22) =     8.94547 eV ==== 
     psi = 0.064*[#   5]+0.064*[#   8]+0.063*[#  13]+0.063*[#  16]+0.063*[#  21]
          +0.063*[#  24]+0.055*[#  14]+0.055*[#  15]+0.055*[#  22]+0.055*[#  23]
          +0.055*[#   6]+0.055*[#   7]+0.038*[#  11]+0.038*[#  12]+0.038*[#  19]
          +0.038*[#  20]+0.037*[#   3]+0.037*[#   4]+0.001*[#   1]+0.001*[#   2]
          +0.001*[#   9]+0.001*[#  10]+0.001*[#  17]+0.001*[#  18]
    |psi|^2 = 0.942
==== e(  23) =     9.03835 eV ==== 
     psi = 0.064*[#   6]+0.064*[#   7]+0.064*[#  14]+0.064*[#  15]+0.064*[#  22]
          +0.064*[#  23]+0.052*[#  13]+0.052*[#  16]+0.052*[#  21]+0.052*[#  24]
          +0.052*[#   5]+0.052*[#   8]+0.044*[#   3]+0.044*[#   4]+0.044*[#  11]
          +0.044*[#  12]+0.044*[#  19]+0.044*[#  20]
    |psi|^2 = 0.967
==== e(  24) =     9.05393 eV ==== 
     psi = 0.067*[#   6]+0.067*[#   7]+0.067*[#  14]+0.067*[#  15]+0.067*[#  22]
          +0.067*[#  23]+0.048*[#   5]+0.048*[#   8]+0.048*[#  13]+0.048*[#  16]
          +0.048*[#  21]+0.048*[#  24]+0.048*[#   3]+0.048*[#   4]+0.048*[#  11]
          +0.048*[#  12]+0.048*[#  19]+0.048*[#  20]
    |psi|^2 = 0.978
==== e(  25) =    10.92886 eV ==== 

    |psi|^2 = 0.006
==== e(  26) =    10.96531 eV ==== 
     psi = 0.001*[#   5]+0.001*[#   8]+0.001*[#  13]+0.001*[#  16]+0.001*[#  21]
          +0.001*[#  24]
    |psi|^2 = 0.016
==== e(  27) =    11.71069 eV ==== 
     psi = 0.001*[#   3]+0.001*[#   4]+0.002*[#   6]+0.002*[#   7]+0.001*[#  11]
          +0.001*[#  12]+0.002*[#  14]+0.002*[#  15]+0.001*[#  19]+0.001*[#  20]
          +0.002*[#  22]+0.002*[#  23]+0.001*[#   5]+0.001*[#   8]+0.001*[#  13]
          +0.001*[#  16]+0.001*[#  21]+0.001*[#  24]
    |psi|^2 = 0.029
==== e(  28) =    11.80657 eV ==== 
     psi = 0.003*[#   5]+0.003*[#   8]+0.003*[#  13]+0.003*[#  16]+0.003*[#  21]
          +0.003*[#  24]+0.001*[#   3]+0.001*[#   4]+0.001*[#   6]+0.001*[#   7]
          +0.001*[#  11]+0.001*[#  12]+0.001*[#  14]+0.001*[#  15]+0.001*[#  19]
          +0.001*[#  20]+0.001*[#  22]+0.001*[#  23]
    |psi|^2 = 0.036

 k =   0.3333333000  0.5772950894  0.1503525046
==== e(   1) =    -6.39141 eV ==== 
     psi = 0.148*[#   1]+0.148*[#   2]+0.148*[#   9]+0.148*[#  10]+0.148*[#  17]
          +0.148*[#  18]+0.007*[#   3]+0.007*[#   4]+0.007*[#  11]+0.007*[#  12]
          +0.007*[#  19]+0.007*[#  20]+0.006*[#   5]+0.006*[#   8]+0.006*[#  13]
          +0.006*[#  16]+0.006*[#  21]+0.006*[#  24]+0.004*[#   6]+0.004*[#   7]
          +0.004*[#  14]+0.004*[#  15]+0.004*[#  22]+0.004*[#  23]
    |psi|^2 = 0.998
==== e(   2) =    -6.38591 eV ==== 
     psi = 0.148*[#   1]+0.148*[#   2]+0.148*[#   9]+0.148*[#  10]+0.148*[#  17]
          +0.148*[#  18]+0.011*[#   5]+0.011*[#   8]+0.011*[#  13]+0.011*[#  16]
          +0.011*[#  21]+0.011*[#  24]+0.004*[#   3]+0.004*[#   4]+0.004*[#  11]
          +0.004*[#  12]+0.004*[#  19]+0.004*[#  20]+0.003*[#   6]+0.003*[#   7]
          +0.003*[#  14]+0.003*[#  15]+0.003*[#  22]+0.003*[#  23]
    |psi|^2 = 0.998
==== e(   3) =    -5.13359 eV ==== 
     psi = 0.149*[#   1]+0.149*[#   2]+0.150*[#   9]+0.150*[#  10]+0.150*[#  17]
          +0.150*[#  18]+0.006*[#   3]+0.006*[#   4]+0.006*[#   6]+0.006*[#   7]
          +0.006*[#  11]+0.006*[#  12]+0.006*[#  14]+0.006*[#  15]+0.006*[#  19]
          +0.006*[#  20]+0.006*[#  22]+0.006*[#  23]+0.005*[#   5]+0.005*[#   8]
          +0.005*[#  13]+0.005*[#  16]+0.005*[#  21]+0.005*[#  24]
    |psi|^2 = 0.998
==== e(   4) =    -5.12849 eV ==== 
     psi = 0.150*[#   1]+0.150*[#   2]+0.150*[#   9]+0.150*[#  10]+0.150*[#  17]
          +0.150*[#  18]+0.006*[#   6]+0.006*[#   7]+0.006*[#  14]+0.006*[#  15]
          +0.006*[#  22]+0.006*[#  23]+0.005*[#   5]+0.005*[#   8]+0.005*[#  13]
          +0.005*[#  16]+0.005*[#  21]+0.005*[#  24]+0.005*[#   3]+0.005*[#   4]
          +0.005*[#  11]+0.005*[#  12]+0.005*[#  19]+0.005*[#  20]
    |psi|^2 = 0.998
==== e(   5) =    -4.26944 eV ==== 
     psi = 0.146*[#   1]+0.146*[#   2]+0.146*[#   9]+0.146*[#  10]+0.146*[#  17]
          +0.146*[#  18]+0.010*[#   3]+0.010*[#   4]+0.010*[#  11]+0.010*[#  12]
          +0.010*[#  19]+0.010*[#  20]+0.006*[#   6]+0.006*[#   7]+0.006*[#  14]
          +0.006*[#  15]+0.006*[#  22]+0.006*[#  23]+0.004*[#   5]+0.004*[#   8]
          +0.004*[#  13]+0.004*[#  16]+0.004*[#  21]+0.004*[#  24]
    |psi|^2 = 0.998
==== e(   6) =    -4.25891 eV ==== 
     psi = 0.146*[#   1]+0.146*[#   2]+0.146*[#   9]+0.146*[#  10]+0.146*[#  17]
          +0.146*[#  18]+0.014*[#   5]+0.014*[#   8]+0.014*[#  13]+0.014*[#  16]
          +0.014*[#  21]+0.014*[#  24]+0.004*[#   3]+0.004*[#   4]+0.004*[#  11]
          +0.004*[#  12]+0.004*[#  19]+0.004*[#  20]+0.003*[#   6]+0.003*[#   7]
          +0.003*[#  14]+0.003*[#  15]+0.003*[#  22]+0.003*[#  23]
    |psi|^2 = 0.998
==== e(   7) =     0.87200 eV ==== 
     psi = 0.074*[#   3]+0.074*[#   4]+0.074*[#  11]+0.074*[#  12]+0.074*[#  19]
          +0.074*[#  20]+0.056*[#   6]+0.056*[#   7]+0.056*[#  14]+0.056*[#  15]
          +0.056*[#  22]+0.056*[#  23]+0.036*[#   5]+0.036*[#   8]+0.036*[#  13]
          +0.036*[#  16]+0.036*[#  21]+0.036*[#  24]
    |psi|^2 = 0.996
==== e(   8) =     0.90015 eV ==== 
     psi = 0.065*[#   3]+0.065*[#   4]+0.065*[#  11]+0.065*[#  12]+0.065*[#  19]
          +0.065*[#  20]+0.057*[#   5]+0.057*[#   8]+0.057*[#  13]+0.057*[#  16]
          +0.057*[#  21]+0.057*[#  24]+0.044*[#   6]+0.044*[#   7]+0.044*[#  14]
          +0.044*[#  15]+0.044*[#  22]+0.044*[#  23]
    |psi|^2 = 0.996
==== e(   9) =     1.23489 eV ==== 
     psi = 0.078*[#   3]+0.078*[#   4]+0.078*[#  11]+0.078*[#  12]+0.078*[#  19]
          +0.078*[#  20]+0.072*[#   6]+0.072*[#   7]+0.072*[#  14]+0.072*[#  15]
          +0.072*[#  22]+0.072*[#  23]+0.012*[#   5]+0.012*[#   8]+0.012*[#  13]
          +0.012*[#  16]+0.012*[#  21]+0.012*[#  24]+0.004*[#   1]+0.004*[#   2]
          +0.004*[#   9]+0.004*[#  10]+0.004*[#  17]+0.004*[#  18]
    |psi|^2 = 0.995
==== e(  10) =     1.38176 eV ==== 
     psi = 0.063*[#   5]+0.063*[#   8]+0.063*[#  13]+0.063*[#  16]+0.063*[#  21]
          +0.063*[#  24]+0.050*[#   3]+0.050*[#   4]+0.050*[#  11]+0.050*[#  12]
          +0.050*[#  19]+0.050*[#  20]+0.049*[#   6]+0.049*[#   7]+0.049*[#  14]
          +0.049*[#  15]+0.049*[#  22]+0.049*[#  23]+0.004*[#   1]+0.004*[#   2]
          +0.004*[#   9]+0.004*[#  10]+0.004*[#  17]+0.004*[#  18]
    |psi|^2 = 0.995
==== e(  11) =     1.96671 eV ==== 
     psi = 0.081*[#   3]+0.081*[#   4]+0.081*[#  11]+0.081*[#  12]+0.081*[#  19]
          +0.081*[#  20]+0.049*[#   6]+0.049*[#   7]+0.049*[#  14]+0.049*[#  15]
          +0.049*[#  22]+0.049*[#  23]+0.027*[#   5]+0.027*[#   8]+0.027*[#  13]
          +0.027*[#  16]+0.027*[#  21]+0.027*[#  24]+0.009*[#   1]+0.009*[#   2]
          +0.009*[#   9]+0.009*[#  10]+0.009*[#  17]+0.009*[#  18]
    |psi|^2 = 0.994
==== e(  12) =     2.08123 eV ==== 
     psi = 0.070*[#   5]+0.070*[#   8]+0.070*[#  13]+0.070*[#  16]+0.070*[#  21]
          +0.070*[#  24]+0.058*[#   3]+0.058*[#   4]+0.058*[#  11]+0.058*[#  12]
          +0.058*[#  19]+0.058*[#  20]+0.028*[#   6]+0.028*[#   7]+0.028*[#  14]
          +0.028*[#  15]+0.028*[#  22]+0.028*[#  23]+0.009*[#   1]+0.009*[#   2]
          +0.010*[#   9]+0.010*[#  10]+0.010*[#  17]+0.010*[#  18]
    |psi|^2 = 0.994
==== e(  13) =     3.01585 eV ==== 
     psi = 0.067*[#   6]+0.067*[#   7]+0.067*[#  14]+0.067*[#  15]+0.067*[#  22]
          +0.067*[#  23]+0.064*[#   3]+0.064*[#   4]+0.064*[#  11]+0.064*[#  12]
          +0.064*[#  19]+0.064*[#  20]+0.025*[#   5]+0.025*[#   8]+0.025*[#  13]
          +0.025*[#  16]+0.025*[#  21]+0.025*[#  24]+0.009*[#   1]+0.009*[#   2]
          +0.009*[#   9]+0.009*[#  10]+0.009*[#  17]+0.009*[#  18]
    |psi|^2 = 0.985
==== e(  14) =     3.19593 eV ==== 
     psi = 0.099*[#   5]+0.099*[#   8]+0.099*[#  13]+0.099*[#  16]+0.099*[#  21]
          +0.099*[#  24]+0.030*[#   6]+0.030*[#   7]+0.030*[#  14]+0.030*[#  15]
          +0.030*[#  22]+0.030*[#  23]+0.026*[#   3]+0.026*[#   4]+0.026*[#  11]
          +0.026*[#  12]+0.026*[#  19]+0.026*[#  20]+0.009*[#   1]+0.009*[#   2]
          +0.009*[#   9]+0.009*[#  10]+0.009*[#  17]+0.009*[#  18]
    |psi|^2 = 0.985
==== e(  15) =     4.06999 eV ==== 
     psi = 0.059*[#   5]+0.059*[#   8]+0.059*[#  13]+0.059*[#  16]+0.059*[#  21]
          +0.059*[#  24]+0.047*[#   3]+0.047*[#   4]+0.047*[#  11]+0.047*[#  12]
          +0.047*[#  19]+0.047*[#  20]+0.043*[#   6]+0.043*[#   7]+0.043*[#  14]
          +0.043*[#  15]+0.043*[#  22]+0.043*[#  23]+0.014*[#   1]+0.014*[#   2]
          +0.014*[#   9]+0.014*[#  10]+0.014*[#  17]+0.014*[#  18]
    |psi|^2 = 0.984
==== e(  16) =     4.13298 eV ==== 
     psi = 0.064*[#   5]+0.064*[#   8]+0.064*[#  13]+0.064*[#  16]+0.064*[#  21]
          +0.064*[#  24]+0.044*[#   3]+0.044*[#   4]+0.044*[#  11]+0.044*[#  12]
          +0.044*[#  19]+0.044*[#  20]+0.041*[#   6]+0.041*[#   7]+0.041*[#  14]
          +0.041*[#  15]+0.041*[#  22]+0.041*[#  23]+0.015*[#   1]+0.015*[#   2]
          +0.015*[#   9]+0.015*[#  10]+0.015*[#  17]+0.015*[#  18]
    |psi|^2 = 0.983
==== e(  17) =     4.45824 eV ==== 
     psi = 0.068*[#   3]+0.068*[#   4]+0.068*[#  11]+0.068*[#  12]+0.068*[#  19]
          +0.068*[#  20]+0.060*[#   6]+0.060*[#   7]+0.060*[#  14]+0.060*[#  15]
          +0.060*[#  22]+0.060*[#  23]+0.030*[#   5]+0.030*[#   8]+0.030*[#  13]
          +0.030*[#  16]+0.030*[#  21]+0.030*[#  24]+0.007*[#   1]+0.007*[#   2]
          +0.007*[#   9]+0.007*[#  10]+0.007*[#  17]+0.007*[#  18]
    |psi|^2 = 0.988
==== e(  18) =     4.66609 eV ==== 
     psi = 0.085*[#   5]+0.085*[#   8]+0.085*[#  13]+0.085*[#  16]+0.085*[#  21]
          +0.085*[#  24]+0.042*[#   6]+0.042*[#   7]+0.042*[#  14]+0.042*[#  15]
          +0.042*[#  22]+0.042*[#  23]+0.030*[#   3]+0.030*[#   4]+0.030*[#  11]
          +0.030*[#  12]+0.030*[#  19]+0.030*[#  20]+0.007*[#   1]+0.007*[#   2]
          +0.007*[#   9]+0.007*[#  10]+0.007*[#  17]+0.007*[#  18]
    |psi|^2 = 0.987
==== e(  19) =     8.02016 eV ==== 
     psi = 0.062*[#   6]+0.062*[#   7]+0.062*[#  14]+0.062*[#  15]+0.062*[#  22]
          +0.062*[#  23]+0.054*[#   3]+0.054*[#   4]+0.054*[#  11]+0.054*[#  12]
          +0.054*[#  19]+0.054*[#  20]+0.038*[#   5]+0.038*[#   8]+0.038*[#  13]
          +0.038*[#  16]+0.038*[#  21]+0.038*[#  24]+0.007*[#   1]+0.007*[#   2]
          +0.007*[#   9]+0.007*[#  10]+0.007*[#  17]+0.007*[#  18]
    |psi|^2 = 0.965
==== e(  20) =     8.16627 eV ==== 
     psi = 0.074*[#   5]+0.074*[#   8]+0.074*[#  13]+0.074*[#  16]+0.074*[#  21]
          +0.074*[#  24]+0.049*[#   6]+0.049*[#   7]+0.049*[#  14]+0.049*[#  15]
          +0.049*[#  22]+0.049*[#  23]+0.031*[#   3]+0.031*[#   4]+0.031*[#  11]
          +0.031*[#  12]+0.031*[#  19]+0.031*[#  20]+0.007*[#   1]+0.007*[#   2]
          +0.007*[#   9]+0.007*[#  10]+0.007*[#  17]+0.007*[#  18]
    |psi|^2 = 0.967
==== e(  21) =     8.59030 eV ==== 
     psi = 0.067*[#  14]+0.067*[#  15]+0.067*[#  22]+0.067*[#  23]+0.067*[#   6]
          +0.067*[#   7]+0.049*[#   3]+0.049*[#   4]+0.049*[#  11]+0.049*[#  12]
          +0.049*[#  19]+0.049*[#  20]+0.040*[#  13]+0.040*[#  16]+0.040*[#  21]
          +0.040*[#  24]+0.040*[#   5]+0.040*[#   8]
    |psi|^2 = 0.940
==== e(  22) =     8.64757 eV ==== 
     psi = 0.067*[#   6]+0.067*[#   7]+0.066*[#  14]+0.066*[#  15]+0.066*[#  22]
          +0.066*[#  23]+0.050*[#  11]+0.050*[#  12]+0.050*[#  19]+0.050*[#  20]
          +0.049*[#   3]+0.049*[#   4]+0.044*[#   5]+0.044*[#   8]+0.043*[#  13]
          +0.043*[#  16]+0.043*[#  21]+0.043*[#  24]+0.002*[#   1]+0.002*[#   2]
          +0.002*[#   9]+0.002*[#  10]+0.002*[#  17]+0.002*[#  18]
    |psi|^2 = 0.965
==== e(  23) =     8.65771 eV ==== 
     psi = 0.063*[#  14]+0.063*[#  15]+0.063*[#  22]+0.063*[#  23]+0.063*[#   6]
          +0.063*[#   7]+0.055*[#   5]+0.055*[#   8]+0.055*[#  13]+0.055*[#  16]
          +0.055*[#  21]+0.055*[#  24]+0.040*[#   3]+0.040*[#   4]+0.040*[#  11]
          +0.040*[#  12]+0.040*[#  19]+0.040*[#  20]+0.002*[#   1]+0.002*[#   2]
          +0.002*[#   9]+0.002*[#  10]+0.002*[#  17]+0.002*[#  18]
    |psi|^2 = 0.954
==== e(  24) =     8.72320 eV ==== 
     psi = 0.061*[#   6]+0.061*[#   7]+0.061*[#  14]+0.061*[#  15]+0.061*[#  22]
          +0.061*[#  23]+0.058*[#  13]+0.058*[#  16]+0.058*[#  21]+0.058*[#  24]
          +0.058*[#   5]+0.058*[#   8]+0.039*[#   3]+0.039*[#   4]+0.039*[#  11]
          +0.039*[#  12]+0.039*[#  19]+0.039*[#  20]
    |psi|^2 = 0.950
==== e(  25) =    11.15077 eV ==== 

    |psi|^2 = 0.011
==== e(  26) =    11.20172 eV ==== 
     psi = 0.001*[#   5]+0.001*[#   8]+0.001*[#  13]+0.001*[#  16]+0.001*[#  21]
          +0.001*[#  24]+0.001*[#   6]+0.001*[#   7]+0.001*[#  14]+0.001*[#  15]
          +0.001*[#  22]+0.001*[#  23]
    |psi|^2 = 0.019
==== e(  27) =    11.62316 eV ==== 

    |psi|^2 = 0.014
==== e(  28) =    11.66177 eV ==== 
     psi = 0.001*[#   5]+0.001*[#   8]+0.001*[#  13]+0.001*[#  16]+0.001*[#  21]
          +0.001*[#  24]
    |psi|^2 = 0.016

 k =   0.3333333000  0.5772950894  0.2255287570
==== e(   1) =    -6.26269 eV ==== 
     psi = 0.149*[#   1]+0.149*[#   2]+0.149*[#   9]+0.149*[#  10]+0.149*[#  17]
          +0.149*[#  18]+0.008*[#   3]+0.008*[#   4]+0.008*[#  11]+0.008*[#  12]
          +0.008*[#  19]+0.008*[#  20]+0.005*[#   6]+0.005*[#   7]+0.005*[#  14]
          +0.005*[#  15]+0.005*[#  22]+0.005*[#  23]+0.004*[#   5]+0.004*[#   8]
          +0.004*[#  13]+0.004*[#  16]+0.004*[#  21]+0.004*[#  24]
    |psi|^2 = 0.998
==== e(   2) =    -6.25486 eV ==== 
     psi = 0.149*[#   1]+0.149*[#   2]+0.149*[#   9]+0.149*[#  10]+0.149*[#  17]
          +0.149*[#  18]+0.011*[#   5]+0.011*[#   8]+0.011*[#  13]+0.011*[#  16]
          +0.011*[#  21]+0.011*[#  24]+0.004*[#   3]+0.004*[#   4]+0.004*[#  11]
          +0.004*[#  12]+0.004*[#  19]+0.004*[#  20]+0.003*[#   6]+0.003*[#   7]
          +0.003*[#  14]+0.003*[#  15]+0.003*[#  22]+0.003*[#  23]
    |psi|^2 = 0.998
==== e(   3) =    -5.38966 eV ==== 
     psi = 0.150*[#   9]+0.150*[#  10]+0.150*[#  17]+0.150*[#  18]+0.150*[#   1]
          +0.150*[#   2]+0.007*[#   3]+0.007*[#   4]+0.007*[#  11]+0.007*[#  12]
          +0.007*[#  19]+0.007*[#  20]+0.006*[#   6]+0.006*[#   7]+0.006*[#  14]
          +0.006*[#  15]+0.006*[#  22]+0.006*[#  23]+0.003*[#   5]+0.003*[#   8]
          +0.003*[#  13]+0.003*[#  16]+0.003*[#  21]+0.003*[#  24]
    |psi|^2 = 0.998
==== e(   4) =    -5.38128 eV ==== 
     psi = 0.151*[#   9]+0.151*[#  10]+0.151*[#  17]+0.151*[#  18]+0.151*[#   1]
          +0.151*[#   2]+0.007*[#   5]+0.007*[#   8]+0.007*[#  13]+0.007*[#  16]
          +0.007*[#  21]+0.007*[#  24]+0.005*[#   6]+0.005*[#   7]+0.005*[#  14]
          +0.005*[#  15]+0.005*[#  22]+0.005*[#  23]+0.004*[#   3]+0.004*[#   4]
          +0.004*[#  11]+0.004*[#  12]+0.004*[#  19]+0.004*[#  20]
    |psi|^2 = 0.998
==== e(   5) =    -4.12615 eV ==== 
     psi = 0.146*[#   1]+0.146*[#   2]+0.146*[#   9]+0.146*[#  10]+0.146*[#  17]
          +0.146*[#  18]+0.010*[#   3]+0.010*[#   4]+0.010*[#  11]+0.010*[#  12]
          +0.010*[#  19]+0.010*[#  20]+0.005*[#   5]+0.005*[#   6]+0.005*[#   7]
          +0.005*[#   8]+0.005*[#  13]+0.005*[#  14]+0.005*[#  15]+0.005*[#  16]
          +0.005*[#  21]+0.005*[#  22]+0.005*[#  23]+0.005*[#  24]
    |psi|^2 = 0.999
==== e(   6) =    -4.11638 eV ==== 
     psi = 0.146*[#   1]+0.146*[#   2]+0.146*[#   9]+0.146*[#  10]+0.146*[#  17]
          +0.146*[#  18]+0.014*[#   5]+0.014*[#   8]+0.014*[#  13]+0.014*[#  16]
          +0.014*[#  21]+0.014*[#  24]+0.004*[#   3]+0.004*[#   4]+0.004*[#  11]
          +0.004*[#  12]+0.004*[#  19]+0.004*[#  20]+0.003*[#   6]+0.003*[#   7]
          +0.003*[#  14]+0.003*[#  15]+0.003*[#  22]+0.003*[#  23]
    |psi|^2 = 0.999
==== e(   7) =     0.75956 eV ==== 
     psi = 0.075*[#   3]+0.075*[#   4]+0.075*[#  11]+0.075*[#  12]+0.075*[#  19]
          +0.075*[#  20]+0.056*[#   6]+0.056*[#   7]+0.056*[#  14]+0.056*[#  15]
          +0.056*[#  22]+0.056*[#  23]+0.034*[#   5]+0.034*[#   8]+0.034*[#  13]
          +0.034*[#  16]+0.034*[#  21]+0.034*[#  24]
    |psi|^2 = 0.997
==== e(   8) =     0.81265 eV ==== 
     psi = 0.063*[#   5]+0.063*[#   8]+0.063*[#  13]+0.063*[#  16]+0.063*[#  21]
          +0.063*[#  24]+0.062*[#   3]+0.062*[#   4]+0.062*[#  11]+0.062*[#  12]
          +0.062*[#  19]+0.062*[#  20]+0.040*[#   6]+0.040*[#   7]+0.040*[#  14]
          +0.040*[#  15]+0.040*[#  22]+0.040*[#  23]+0.001*[#   1]+0.001*[#   2]
          +0.001*[#   9]+0.001*[#  10]+0.001*[#  17]+0.001*[#  18]
    |psi|^2 = 0.996
==== e(   9) =     0.98275 eV ==== 
     psi = 0.068*[#   3]+0.068*[#   4]+0.068*[#  11]+0.068*[#  12]+0.068*[#  19]
          +0.068*[#  20]+0.067*[#   6]+0.067*[#   7]+0.067*[#  14]+0.067*[#  15]
          +0.067*[#  22]+0.067*[#  23]+0.028*[#   5]+0.028*[#   8]+0.028*[#  13]
          +0.028*[#  16]+0.028*[#  21]+0.028*[#  24]+0.002*[#   1]+0.002*[#   2]
          +0.002*[#   9]+0.002*[#  10]+0.002*[#  17]+0.002*[#  18]
    |psi|^2 = 0.995
==== e(  10) =     1.06614 eV ==== 
     psi = 0.058*[#   5]+0.058*[#   8]+0.058*[#  13]+0.058*[#  16]+0.058*[#  21]
          +0.058*[#  24]+0.054*[#   3]+0.054*[#   4]+0.055*[#  11]+0.055*[#  12]
          +0.055*[#  19]+0.055*[#  20]+0.050*[#   6]+0.050*[#   7]+0.050*[#  14]
          +0.050*[#  15]+0.050*[#  22]+0.050*[#  23]+0.003*[#   1]+0.003*[#   2]
          +0.003*[#   9]+0.003*[#  10]+0.003*[#  17]+0.003*[#  18]
    |psi|^2 = 0.995
==== e(  11) =     1.52516 eV ==== 
     psi = 0.078*[#   3]+0.078*[#   4]+0.078*[#  11]+0.078*[#  12]+0.078*[#  19]
          +0.078*[#  20]+0.052*[#   6]+0.052*[#   7]+0.052*[#  14]+0.052*[#  15]
          +0.052*[#  22]+0.052*[#  23]+0.028*[#   5]+0.028*[#   8]+0.028*[#  13]
          +0.028*[#  16]+0.028*[#  21]+0.028*[#  24]+0.008*[#   1]+0.008*[#   2]
          +0.008*[#   9]+0.008*[#  10]+0.008*[#  17]+0.008*[#  18]
    |psi|^2 = 0.996
==== e(  12) =     1.63885 eV ==== 
     psi = 0.073*[#   5]+0.073*[#   8]+0.073*[#  13]+0.073*[#  16]+0.073*[#  21]
          +0.073*[#  24]+0.050*[#   3]+0.050*[#   4]+0.050*[#  11]+0.050*[#  12]
          +0.050*[#  19]+0.050*[#  20]+0.035*[#   6]+0.035*[#   7]+0.035*[#  14]
          +0.035*[#  15]+0.035*[#  22]+0.035*[#  23]+0.008*[#   1]+0.008*[#   2]
          +0.008*[#   9]+0.008*[#  10]+0.008*[#  17]+0.008*[#  18]
    |psi|^2 = 0.996
==== e(  13) =     3.65888 eV ==== 
     psi = 0.070*[#   3]+0.070*[#   4]+0.070*[#  11]+0.070*[#  12]+0.070*[#  19]
          +0.070*[#  20]+0.064*[#   6]+0.064*[#   7]+0.064*[#  14]+0.064*[#  15]
          +0.064*[#  22]+0.064*[#  23]+0.022*[#   5]+0.022*[#   8]+0.022*[#  13]
          +0.022*[#  16]+0.022*[#  21]+0.022*[#  24]+0.007*[#   1]+0.007*[#   2]
          +0.007*[#   9]+0.007*[#  10]+0.007*[#  17]+0.007*[#  18]
    |psi|^2 = 0.981
==== e(  14) =     3.80395 eV ==== 
     psi = 0.082*[#   5]+0.082*[#   8]+0.082*[#  13]+0.082*[#  16]+0.082*[#  21]
          +0.082*[#  24]+0.038*[#   6]+0.038*[#   7]+0.038*[#  14]+0.038*[#  15]
          +0.038*[#  22]+0.038*[#  23]+0.036*[#   3]+0.036*[#   4]+0.036*[#  11]
          +0.036*[#  12]+0.036*[#  19]+0.036*[#  20]+0.007*[#   1]+0.007*[#   2]
          +0.007*[#   9]+0.007*[#  10]+0.007*[#  17]+0.007*[#  18]
    |psi|^2 = 0.981
==== e(  15) =     4.72812 eV ==== 
     psi = 0.056*[#   3]+0.056*[#   4]+0.056*[#  11]+0.056*[#  12]+0.056*[#  19]
          +0.056*[#  20]+0.049*[#   5]+0.049*[#   8]+0.049*[#  13]+0.049*[#  16]
          +0.049*[#  21]+0.049*[#  24]+0.045*[#   6]+0.045*[#   7]+0.045*[#  14]
          +0.045*[#  15]+0.045*[#  22]+0.045*[#  23]+0.014*[#   1]+0.014*[#   2]
          +0.014*[#   9]+0.014*[#  10]+0.014*[#  17]+0.014*[#  18]
    |psi|^2 = 0.982
==== e(  16) =     4.85664 eV ==== 
     psi = 0.071*[#   5]+0.071*[#   8]+0.071*[#  13]+0.071*[#  16]+0.071*[#  21]
          +0.071*[#  24]+0.043*[#   3]+0.043*[#   4]+0.043*[#  11]+0.043*[#  12]
          +0.043*[#  19]+0.043*[#  20]+0.035*[#   6]+0.035*[#   7]+0.035*[#  14]
          +0.035*[#  15]+0.035*[#  22]+0.035*[#  23]+0.014*[#   1]+0.014*[#   2]
          +0.014*[#   9]+0.014*[#  10]+0.014*[#  17]+0.014*[#  18]
    |psi|^2 = 0.980
==== e(  17) =     5.09653 eV ==== 
     psi = 0.076*[#   3]+0.076*[#   4]+0.076*[#  11]+0.076*[#  12]+0.076*[#  19]
          +0.076*[#  20]+0.056*[#   6]+0.056*[#   7]+0.056*[#  14]+0.056*[#  15]
          +0.056*[#  22]+0.056*[#  23]+0.026*[#   5]+0.026*[#   8]+0.026*[#  13]
          +0.026*[#  16]+0.026*[#  21]+0.026*[#  24]+0.007*[#   1]+0.007*[#   2]
          +0.007*[#   9]+0.007*[#  10]+0.007*[#  17]+0.007*[#  18]
    |psi|^2 = 0.987
==== e(  18) =     5.36101 eV ==== 
     psi = 0.092*[#   5]+0.092*[#   8]+0.092*[#  13]+0.092*[#  16]+0.092*[#  21]
          +0.092*[#  24]+0.035*[#   6]+0.035*[#   7]+0.035*[#  14]+0.035*[#  15]
          +0.035*[#  22]+0.035*[#  23]+0.031*[#   3]+0.031*[#   4]+0.031*[#  11]
          +0.031*[#  12]+0.031*[#  19]+0.031*[#  20]+0.006*[#   1]+0.006*[#   2]
          +0.006*[#   9]+0.006*[#  10]+0.006*[#  17]+0.006*[#  18]
    |psi|^2 = 0.986
==== e(  19) =     7.33927 eV ==== 
     psi = 0.058*[#   6]+0.058*[#   7]+0.058*[#  14]+0.058*[#  15]+0.058*[#  22]
          +0.058*[#  23]+0.051*[#   3]+0.051*[#   4]+0.051*[#  11]+0.051*[#  12]
          +0.051*[#  19]+0.051*[#  20]+0.042*[#   5]+0.042*[#   8]+0.042*[#  13]
          +0.042*[#  16]+0.042*[#  21]+0.042*[#  24]+0.010*[#   1]+0.010*[#   2]
          +0.010*[#   9]+0.010*[#  10]+0.010*[#  17]+0.010*[#  18]
    |psi|^2 = 0.969
==== e(  20) =     7.46047 eV ==== 
     psi = 0.078*[#   5]+0.078*[#   8]+0.078*[#  13]+0.078*[#  16]+0.078*[#  21]
          +0.078*[#  24]+0.046*[#   6]+0.046*[#   7]+0.046*[#  14]+0.046*[#  15]
          +0.046*[#  22]+0.046*[#  23]+0.028*[#   3]+0.028*[#   4]+0.028*[#  11]
          +0.028*[#  12]+0.028*[#  19]+0.028*[#  20]+0.010*[#   1]+0.010*[#   2]
          +0.010*[#   9]+0.010*[#  10]+0.010*[#  17]+0.010*[#  18]
    |psi|^2 = 0.968
==== e(  21) =     8.10018 eV ==== 
     psi = 0.072*[#   6]+0.072*[#   7]+0.072*[#  14]+0.072*[#  15]+0.072*[#  22]
          +0.072*[#  23]+0.051*[#   3]+0.051*[#   4]+0.051*[#  11]+0.051*[#  12]
          +0.051*[#  19]+0.051*[#  20]+0.033*[#  13]+0.033*[#  16]+0.033*[#  21]
          +0.033*[#  24]+0.033*[#   5]+0.033*[#   8]+0.003*[#   1]+0.003*[#   2]
          +0.003*[#   9]+0.003*[#  10]+0.003*[#  17]+0.003*[#  18]
    |psi|^2 = 0.960
==== e(  22) =     8.16241 eV ==== 
     psi = 0.064*[#  14]+0.064*[#  15]+0.064*[#  22]+0.064*[#  23]+0.064*[#   6]
          +0.064*[#   7]+0.059*[#   5]+0.059*[#   8]+0.059*[#  13]+0.059*[#  16]
          +0.059*[#  21]+0.059*[#  24]+0.032*[#   3]+0.032*[#   4]+0.033*[#  11]
          +0.033*[#  12]+0.033*[#  19]+0.033*[#  20]+0.003*[#   1]+0.003*[#   2]
          +0.003*[#   9]+0.003*[#  10]+0.003*[#  17]+0.003*[#  18]
    |psi|^2 = 0.951
==== e(  23) =     8.24505 eV ==== 
     psi = 0.069*[#   6]+0.069*[#   7]+0.069*[#  14]+0.069*[#  15]+0.069*[#  22]
          +0.069*[#  23]+0.045*[#   5]+0.045*[#   8]+0.045*[#  13]+0.045*[#  16]
          +0.045*[#  21]+0.045*[#  24]+0.044*[#  11]+0.044*[#  12]+0.044*[#  19]
          +0.044*[#  20]+0.044*[#   3]+0.044*[#   4]
    |psi|^2 = 0.950
==== e(  24) =     8.30446 eV ==== 
     psi = 0.066*[#   6]+0.066*[#   7]+0.066*[#  14]+0.066*[#  15]+0.066*[#  22]
          +0.066*[#  23]+0.052*[#  13]+0.052*[#  16]+0.052*[#  21]+0.052*[#  24]
          +0.052*[#   5]+0.052*[#   8]+0.041*[#   3]+0.041*[#   4]+0.041*[#  11]
          +0.041*[#  12]+0.041*[#  19]+0.041*[#  20]
    |psi|^2 = 0.956
==== e(  25) =    11.51347 eV ==== 

    |psi|^2 = 0.011
==== e(  26) =    11.56341 eV ==== 

    |psi|^2 = 0.015
==== e(  27) =    11.66579 eV ==== 

    |psi|^2 = 0.011
==== e(  28) =    11.67071 eV ==== 

    |psi|^2 = 0.012

 k =   0.3333333000  0.5772950894  0.3007050093
==== e(   1) =    -6.08939 eV ==== 
     psi = 0.150*[#   1]+0.150*[#   2]+0.150*[#   9]+0.150*[#  10]+0.150*[#  17]
          +0.150*[#  18]+0.008*[#   3]+0.008*[#   4]+0.008*[#  11]+0.008*[#  12]
          +0.008*[#  19]+0.008*[#  20]+0.006*[#   6]+0.006*[#   7]+0.006*[#  14]
          +0.006*[#  15]+0.006*[#  22]+0.006*[#  23]+0.003*[#   5]+0.003*[#   8]
          +0.003*[#  13]+0.003*[#  16]+0.003*[#  21]+0.003*[#  24]
    |psi|^2 = 0.998
==== e(   2) =    -6.07983 eV ==== 
     psi = 0.150*[#   1]+0.150*[#   2]+0.150*[#   9]+0.150*[#  10]+0.150*[#  17]
          +0.150*[#  18]+0.010*[#   5]+0.010*[#   8]+0.010*[#  13]+0.010*[#  16]
          +0.010*[#  21]+0.010*[#  24]+0.003*[#   6]+0.003*[#   7]+0.003*[#  14]
          +0.003*[#  15]+0.003*[#  22]+0.003*[#  23]+0.003*[#   3]+0.003*[#   4]
          +0.003*[#  11]+0.003*[#  12]+0.003*[#  19]+0.003*[#  20]
    |psi|^2 = 0.998
==== e(   3) =    -5.64218 eV ==== 
     psi = 0.150*[#   9]+0.150*[#  10]+0.150*[#  17]+0.150*[#  18]+0.150*[#   1]
          +0.150*[#   2]+0.008*[#   3]+0.008*[#   4]+0.008*[#  11]+0.008*[#  12]
          +0.008*[#  19]+0.008*[#  20]+0.007*[#   6]+0.007*[#   7]+0.007*[#  14]
          +0.007*[#  15]+0.007*[#  22]+0.007*[#  23]+0.002*[#   5]+0.002*[#   8]
          +0.002*[#  13]+0.002*[#  16]+0.002*[#  21]+0.002*[#  24]
    |psi|^2 = 0.998
==== e(   4) =    -5.63199 eV ==== 
     psi = 0.151*[#   9]+0.151*[#  10]+0.151*[#  17]+0.151*[#  18]+0.151*[#   1]
          +0.151*[#   2]+0.008*[#   5]+0.008*[#   8]+0.008*[#  13]+0.008*[#  16]
          +0.008*[#  21]+0.008*[#  24]+0.005*[#   6]+0.005*[#   7]+0.005*[#  14]
          +0.005*[#  15]+0.005*[#  22]+0.005*[#  23]+0.003*[#   3]+0.003*[#   4]
          +0.003*[#  11]+0.003*[#  12]+0.003*[#  19]+0.003*[#  20]
    |psi|^2 = 0.998
==== e(   5) =    -4.03067 eV ==== 
     psi = 0.147*[#   1]+0.147*[#   2]+0.147*[#   9]+0.147*[#  10]+0.147*[#  17]
          +0.147*[#  18]+0.008*[#   3]+0.008*[#   4]+0.008*[#  11]+0.008*[#  12]
          +0.008*[#  19]+0.008*[#  20]+0.007*[#   5]+0.007*[#   8]+0.007*[#  13]
          +0.007*[#  16]+0.007*[#  21]+0.007*[#  24]+0.004*[#   6]+0.004*[#   7]
          +0.004*[#  14]+0.004*[#  15]+0.004*[#  22]+0.004*[#  23]
    |psi|^2 = 0.999
==== e(   6) =    -4.02475 eV ==== 
     psi = 0.147*[#   1]+0.147*[#   2]+0.147*[#   9]+0.147*[#  10]+0.147*[#  17]
          +0.147*[#  18]+0.012*[#   5]+0.012*[#   8]+0.012*[#  13]+0.012*[#  16]
          +0.012*[#  21]+0.012*[#  24]+0.005*[#   3]+0.005*[#   4]+0.005*[#  11]
          +0.005*[#  12]+0.005*[#  19]+0.005*[#  20]+0.003*[#   6]+0.003*[#   7]
          +0.003*[#  14]+0.003*[#  15]+0.003*[#  22]+0.003*[#  23]
    |psi|^2 = 0.999
==== e(   7) =     0.77505 eV ==== 
     psi = 0.077*[#  11]+0.077*[#  12]+0.077*[#  19]+0.077*[#  20]+0.076*[#   3]
          +0.076*[#   4]+0.055*[#  14]+0.055*[#  15]+0.055*[#  22]+0.055*[#  23]
          +0.053*[#   6]+0.053*[#   7]+0.036*[#   5]+0.036*[#   8]+0.031*[#  13]
          +0.031*[#  16]+0.031*[#  21]+0.031*[#  24]+0.002*[#   1]+0.002*[#   2]
          +0.002*[#   9]+0.002*[#  10]+0.002*[#  17]+0.002*[#  18]
    |psi|^2 = 0.997
==== e(   8) =     0.77592 eV ==== 
     psi = 0.075*[#   3]+0.075*[#   4]+0.074*[#  11]+0.074*[#  12]+0.074*[#  19]
          +0.074*[#  20]+0.050*[#   6]+0.050*[#   7]+0.048*[#  14]+0.048*[#  15]
          +0.048*[#  22]+0.048*[#  23]+0.043*[#  13]+0.043*[#  16]+0.043*[#  21]
          +0.043*[#  24]+0.038*[#   5]+0.038*[#   8]
    |psi|^2 = 0.995
==== e(   9) =     0.83707 eV ==== 
     psi = 0.060*[#   3]+0.060*[#   4]+0.060*[#  11]+0.060*[#  12]+0.060*[#  19]
          +0.060*[#  20]+0.053*[#  13]+0.053*[#  16]+0.053*[#  21]+0.053*[#  24]
          +0.052*[#   5]+0.052*[#   6]+0.052*[#   7]+0.052*[#   8]+0.052*[#  14]
          +0.052*[#  15]+0.052*[#  22]+0.052*[#  23]
    |psi|^2 = 0.995
==== e(  10) =     0.87635 eV ==== 
     psi = 0.066*[#   5]+0.066*[#   8]+0.066*[#  13]+0.066*[#  16]+0.066*[#  21]
          +0.066*[#  24]+0.052*[#  14]+0.052*[#  15]+0.052*[#  22]+0.052*[#  23]
          +0.052*[#   6]+0.052*[#   7]+0.045*[#  11]+0.045*[#  12]+0.045*[#  19]
          +0.045*[#  20]+0.045*[#   3]+0.045*[#   4]+0.003*[#   1]+0.003*[#   2]
          +0.003*[#   9]+0.003*[#  10]+0.003*[#  17]+0.003*[#  18]
    |psi|^2 = 0.996
==== e(  11) =     1.17139 eV ==== 
     psi = 0.076*[#   3]+0.076*[#   4]+0.076*[#  11]+0.076*[#  12]+0.076*[#  19]
          +0.076*[#  20]+0.054*[#   6]+0.054*[#   7]+0.054*[#  14]+0.054*[#  15]
          +0.054*[#  22]+0.054*[#  23]+0.030*[#   5]+0.030*[#   8]+0.030*[#  13]
          +0.030*[#  16]+0.030*[#  21]+0.030*[#  24]+0.006*[#   1]+0.006*[#   2]
          +0.006*[#   9]+0.006*[#  10]+0.006*[#  17]+0.006*[#  18]
    |psi|^2 = 0.996
==== e(  12) =     1.27746 eV ==== 
     psi = 0.074*[#   5]+0.074*[#   8]+0.074*[#  13]+0.074*[#  16]+0.074*[#  21]
          +0.074*[#  24]+0.047*[#   3]+0.047*[#   4]+0.047*[#  11]+0.047*[#  12]
          +0.047*[#  19]+0.047*[#  20]+0.038*[#   6]+0.038*[#   7]+0.038*[#  14]
          +0.038*[#  15]+0.038*[#  22]+0.038*[#  23]+0.006*[#   1]+0.006*[#   2]
          +0.006*[#   9]+0.006*[#  10]+0.006*[#  17]+0.006*[#  18]
    |psi|^2 = 0.996
==== e(  13) =     4.36963 eV ==== 
     psi = 0.075*[#   3]+0.075*[#   4]+0.075*[#  11]+0.075*[#  12]+0.075*[#  19]
          +0.075*[#  20]+0.063*[#   6]+0.063*[#   7]+0.063*[#  14]+0.063*[#  15]
          +0.063*[#  22]+0.063*[#  23]+0.020*[#   5]+0.020*[#   8]+0.020*[#  13]
          +0.020*[#  16]+0.020*[#  21]+0.020*[#  24]+0.005*[#   1]+0.005*[#   2]
          +0.005*[#   9]+0.005*[#  10]+0.005*[#  17]+0.005*[#  18]
    |psi|^2 = 0.977
==== e(  14) =     4.47314 eV ==== 
     psi = 0.062*[#   5]+0.062*[#   8]+0.062*[#  13]+0.062*[#  16]+0.062*[#  21]
          +0.062*[#  24]+0.052*[#   3]+0.052*[#   4]+0.052*[#  11]+0.052*[#  12]
          +0.052*[#  19]+0.052*[#  20]+0.044*[#   6]+0.044*[#   7]+0.044*[#  14]
          +0.044*[#  15]+0.044*[#  22]+0.044*[#  23]+0.004*[#   1]+0.004*[#   2]
          +0.004*[#   9]+0.004*[#  10]+0.004*[#  17]+0.004*[#  18]
    |psi|^2 = 0.977
==== e(  15) =     5.35905 eV ==== 
     psi = 0.064*[#   3]+0.064*[#   4]+0.064*[#  11]+0.064*[#  12]+0.064*[#  19]
          +0.064*[#  20]+0.048*[#   6]+0.048*[#   7]+0.048*[#  14]+0.048*[#  15]
          +0.048*[#  22]+0.048*[#  23]+0.039*[#   5]+0.039*[#   8]+0.039*[#  13]
          +0.039*[#  16]+0.039*[#  21]+0.039*[#  24]+0.013*[#   1]+0.013*[#   2]
          +0.013*[#   9]+0.013*[#  10]+0.013*[#  17]+0.013*[#  18]
    |psi|^2 = 0.981
==== e(  16) =     5.56894 eV ==== 
     psi = 0.084*[#  13]+0.084*[#  16]+0.084*[#  21]+0.084*[#  24]+0.084*[#   5]
          +0.084*[#   8]+0.042*[#   3]+0.042*[#   4]+0.041*[#  11]+0.041*[#  12]
          +0.041*[#  19]+0.041*[#  20]+0.025*[#   6]+0.025*[#   7]+0.025*[#  14]
          +0.025*[#  15]+0.025*[#  22]+0.025*[#  23]+0.013*[#   1]+0.013*[#   2]
          +0.013*[#   9]+0.013*[#  10]+0.013*[#  17]+0.013*[#  18]
    |psi|^2 = 0.980
==== e(  17) =     5.62260 eV ==== 
     psi = 0.083*[#  11]+0.083*[#  12]+0.083*[#  19]+0.083*[#  20]+0.083*[#   3]
          +0.083*[#   4]+0.052*[#  14]+0.052*[#  15]+0.052*[#  22]+0.052*[#  23]
          +0.052*[#   6]+0.052*[#   7]+0.022*[#   5]+0.022*[#   8]+0.022*[#  13]
          +0.022*[#  16]+0.022*[#  21]+0.022*[#  24]+0.007*[#   1]+0.007*[#   2]
          +0.007*[#   9]+0.007*[#  10]+0.007*[#  17]+0.007*[#  18]
    |psi|^2 = 0.986
==== e(  18) =     5.97945 eV ==== 
     psi = 0.110*[#   5]+0.110*[#   8]+0.110*[#  13]+0.110*[#  16]+0.110*[#  21]
          +0.110*[#  24]+0.028*[#   3]+0.028*[#   4]+0.028*[#  11]+0.028*[#  12]
          +0.028*[#  19]+0.028*[#  20]+0.019*[#   6]+0.019*[#   7]+0.019*[#  14]
          +0.019*[#  15]+0.019*[#  22]+0.019*[#  23]+0.007*[#   1]+0.007*[#   2]
          +0.007*[#   9]+0.007*[#  10]+0.007*[#  17]+0.007*[#  18]
    |psi|^2 = 0.986
==== e(  19) =     6.59795 eV ==== 
     psi = 0.052*[#   5]+0.052*[#   8]+0.052*[#  13]+0.052*[#  16]+0.052*[#  21]
          +0.052*[#  24]+0.051*[#   6]+0.051*[#   7]+0.051*[#  14]+0.051*[#  15]
          +0.051*[#  22]+0.051*[#  23]+0.045*[#   3]+0.045*[#   4]+0.045*[#  11]
          +0.045*[#  12]+0.045*[#  19]+0.045*[#  20]+0.014*[#   1]+0.014*[#   2]
          +0.014*[#   9]+0.014*[#  10]+0.014*[#  17]+0.014*[#  18]
    |psi|^2 = 0.969
==== e(  20) =     6.69359 eV ==== 
     psi = 0.084*[#   5]+0.084*[#   8]+0.084*[#  13]+0.084*[#  16]+0.084*[#  21]
          +0.084*[#  24]+0.040*[#   6]+0.040*[#   7]+0.040*[#  14]+0.040*[#  15]
          +0.040*[#  22]+0.040*[#  23]+0.024*[#   3]+0.024*[#   4]+0.024*[#  11]
          +0.024*[#  12]+0.024*[#  19]+0.024*[#  20]+0.013*[#   1]+0.013*[#   2]
          +0.013*[#   9]+0.013*[#  10]+0.013*[#  17]+0.013*[#  18]
    |psi|^2 = 0.968
==== e(  21) =     7.53002 eV ==== 
     psi = 0.087*[#   6]+0.087*[#   7]+0.087*[#  14]+0.087*[#  15]+0.087*[#  22]
          +0.087*[#  23]+0.054*[#   3]+0.054*[#   4]+0.054*[#  11]+0.054*[#  12]
          +0.054*[#  19]+0.054*[#  20]+0.014*[#   5]+0.014*[#   8]+0.014*[#  13]
          +0.014*[#  16]+0.014*[#  21]+0.014*[#  24]+0.004*[#   1]+0.004*[#   2]
          +0.004*[#   9]+0.004*[#  10]+0.004*[#  17]+0.004*[#  18]
    |psi|^2 = 0.957
==== e(  22) =     7.69827 eV ==== 
     psi = 0.068*[#  14]+0.068*[#  15]+0.068*[#  22]+0.068*[#  23]+0.068*[#   6]
          +0.068*[#   7]+0.065*[#   5]+0.065*[#   8]+0.065*[#  13]+0.065*[#  16]
          +0.065*[#  21]+0.065*[#  24]+0.022*[#  11]+0.022*[#  12]+0.022*[#  19]
          +0.022*[#  20]+0.022*[#   3]+0.022*[#   4]+0.004*[#   1]+0.004*[#   2]
          +0.004*[#   9]+0.004*[#  10]+0.004*[#  17]+0.004*[#  18]
    |psi|^2 = 0.951
==== e(  23) =     7.78595 eV ==== 
     psi = 0.076*[#   6]+0.076*[#   7]+0.076*[#  14]+0.076*[#  15]+0.076*[#  22]
          +0.076*[#  23]+0.045*[#   3]+0.045*[#   4]+0.044*[#  11]+0.044*[#  12]
          +0.044*[#  19]+0.044*[#  20]+0.039*[#  13]+0.039*[#  16]+0.039*[#  21]
          +0.039*[#  24]+0.039*[#   5]+0.039*[#   8]
    |psi|^2 = 0.959
==== e(  24) =     7.82987 eV ==== 
     psi = 0.072*[#   6]+0.072*[#   7]+0.072*[#  14]+0.072*[#  15]+0.072*[#  22]
          +0.072*[#  23]+0.053*[#   5]+0.053*[#   8]+0.052*[#  13]+0.052*[#  16]
          +0.052*[#  21]+0.052*[#  24]+0.034*[#   3]+0.034*[#   4]+0.034*[#  11]
          +0.034*[#  12]+0.034*[#  19]+0.034*[#  20]+0.001*[#   1]+0.001*[#   2]
          +0.001*[#   9]+0.001*[#  10]+0.001*[#  17]+0.001*[#  18]
    |psi|^2 = 0.954
==== e(  25) =    11.79105 eV ==== 
     psi = 0.001*[#   6]+0.001*[#   7]+0.001*[#  14]+0.001*[#  15]+0.001*[#  22]
          +0.001*[#  23]
    |psi|^2 = 0.012
==== e(  26) =    11.81102 eV ==== 
     psi = 0.001*[#   6]+0.001*[#   7]+0.001*[#  14]+0.001*[#  15]+0.001*[#  22]
          +0.001*[#  23]
    |psi|^2 = 0.014
==== e(  27) =    12.00297 eV ==== 

    |psi|^2 = 0.009
==== e(  28) =    12.04816 eV ==== 

    |psi|^2 = 0.010

 k =   0.3333333000  0.5772950894  0.3382931354
==== e(   1) =    -5.98836 eV ==== 
     psi = 0.150*[#   1]+0.150*[#   2]+0.150*[#   9]+0.150*[#  10]+0.150*[#  17]
          +0.150*[#  18]+0.008*[#   3]+0.008*[#   4]+0.008*[#  11]+0.008*[#  12]
          +0.008*[#  19]+0.008*[#  20]+0.006*[#   6]+0.006*[#   7]+0.006*[#  14]
          +0.006*[#  15]+0.006*[#  22]+0.006*[#  23]+0.002*[#   5]+0.002*[#   8]
          +0.002*[#  13]+0.002*[#  16]+0.002*[#  21]+0.002*[#  24]
    |psi|^2 = 0.998
==== e(   2) =    -5.97825 eV ==== 
     psi = 0.150*[#   1]+0.150*[#   2]+0.150*[#   9]+0.150*[#  10]+0.150*[#  17]
          +0.150*[#  18]+0.010*[#   5]+0.010*[#   8]+0.010*[#  13]+0.010*[#  16]
          +0.010*[#  21]+0.010*[#  24]+0.004*[#   6]+0.004*[#   7]+0.004*[#  14]
          +0.004*[#  15]+0.004*[#  22]+0.004*[#  23]+0.003*[#   3]+0.003*[#   4]
          +0.003*[#  11]+0.003*[#  12]+0.003*[#  19]+0.003*[#  20]
    |psi|^2 = 0.998
==== e(   3) =    -5.76339 eV ==== 
     psi = 0.150*[#   9]+0.150*[#  10]+0.150*[#  17]+0.150*[#  18]+0.150*[#   1]
          +0.150*[#   2]+0.008*[#   3]+0.008*[#   4]+0.008*[#  11]+0.008*[#  12]
          +0.008*[#  19]+0.008*[#  20]+0.006*[#   6]+0.006*[#   7]+0.006*[#  14]
          +0.006*[#  15]+0.006*[#  22]+0.006*[#  23]+0.002*[#   5]+0.002*[#   8]
          +0.002*[#  13]+0.002*[#  16]+0.002*[#  21]+0.002*[#  24]
    |psi|^2 = 0.998
==== e(   4) =    -5.75285 eV ==== 
     psi = 0.151*[#   9]+0.151*[#  10]+0.151*[#  17]+0.151*[#  18]+0.150*[#   1]
          +0.150*[#   2]+0.009*[#   5]+0.009*[#   8]+0.009*[#  13]+0.009*[#  16]
          +0.009*[#  21]+0.009*[#  24]+0.004*[#   6]+0.004*[#   7]+0.004*[#  14]
          +0.004*[#  15]+0.004*[#  22]+0.004*[#  23]+0.003*[#   3]+0.003*[#   4]
          +0.003*[#  11]+0.003*[#  12]+0.003*[#  19]+0.003*[#  20]
    |psi|^2 = 0.998
==== e(   5) =    -4.00475 eV ==== 
     psi = 0.147*[#   1]+0.147*[#   2]+0.147*[#   9]+0.147*[#  10]+0.147*[#  17]
          +0.147*[#  18]+0.008*[#   5]+0.008*[#   8]+0.008*[#  13]+0.008*[#  16]
          +0.008*[#  21]+0.008*[#  24]+0.008*[#   3]+0.008*[#   4]+0.008*[#  11]
          +0.008*[#  12]+0.008*[#  19]+0.008*[#  20]+0.004*[#   6]+0.004*[#   7]
          +0.004*[#  14]+0.004*[#  15]+0.004*[#  22]+0.004*[#  23]
    |psi|^2 = 0.999
==== e(   6) =    -4.00164 eV ==== 
     psi = 0.147*[#   1]+0.147*[#   2]+0.147*[#   9]+0.147*[#  10]+0.147*[#  17]
          +0.147*[#  18]+0.011*[#   5]+0.011*[#   8]+0.011*[#  13]+0.011*[#  16]
          +0.011*[#  21]+0.011*[#  24]+0.006*[#   3]+0.006*[#   4]+0.006*[#  11]
          +0.006*[#  12]+0.006*[#  19]+0.006*[#  20]+0.003*[#   6]+0.003*[#   7]
          +0.003*[#  14]+0.003*[#  15]+0.003*[#  22]+0.003*[#  23]
    |psi|^2 = 0.999
==== e(   7) =     0.74362 eV ==== 
     psi = 0.070*[#   3]+0.070*[#   4]+0.070*[#  11]+0.070*[#  12]+0.070*[#  19]
          +0.070*[#  20]+0.054*[#   6]+0.054*[#   7]+0.053*[#  14]+0.053*[#  15]
          +0.053*[#  22]+0.053*[#  23]+0.042*[#   5]+0.042*[#   8]+0.042*[#  13]
          +0.042*[#  16]+0.042*[#  21]+0.042*[#  24]
    |psi|^2 = 0.995
==== e(   8) =     0.77080 eV ==== 
     psi = 0.063*[#   3]+0.063*[#   4]+0.063*[#  11]+0.063*[#  12]+0.063*[#  19]
          +0.063*[#  20]+0.053*[#   6]+0.053*[#   7]+0.053*[#  14]+0.053*[#  15]
          +0.053*[#  22]+0.053*[#  23]+0.049*[#   5]+0.049*[#   8]+0.049*[#  13]
          +0.049*[#  16]+0.049*[#  21]+0.049*[#  24]
    |psi|^2 = 0.995
==== e(   9) =     0.82828 eV ==== 
     psi = 0.078*[#   3]+0.078*[#   4]+0.078*[#  11]+0.078*[#  12]+0.078*[#  19]
          +0.078*[#  20]+0.053*[#   6]+0.053*[#   7]+0.053*[#  14]+0.053*[#  15]
          +0.053*[#  22]+0.053*[#  23]+0.032*[#   5]+0.032*[#   8]+0.032*[#  13]
          +0.032*[#  16]+0.032*[#  21]+0.032*[#  24]+0.003*[#   1]+0.003*[#   2]
          +0.003*[#   9]+0.003*[#  10]+0.003*[#  17]+0.003*[#  18]
    |psi|^2 = 0.997
==== e(  10) =     0.92850 eV ==== 
     psi = 0.072*[#   5]+0.072*[#   8]+0.072*[#  13]+0.072*[#  16]+0.072*[#  21]
          +0.072*[#  24]+0.046*[#   3]+0.046*[#   4]+0.046*[#  11]+0.046*[#  12]
          +0.046*[#  19]+0.046*[#  20]+0.045*[#   6]+0.045*[#   7]+0.045*[#  14]
          +0.045*[#  15]+0.045*[#  22]+0.045*[#  23]+0.004*[#   1]+0.004*[#   2]
          +0.004*[#   9]+0.004*[#  10]+0.004*[#  17]+0.004*[#  18]
    |psi|^2 = 0.997
==== e(  11) =     1.03309 eV ==== 
     psi = 0.074*[#   3]+0.074*[#   4]+0.074*[#  11]+0.074*[#  12]+0.074*[#  19]
          +0.074*[#  20]+0.056*[#   6]+0.056*[#   7]+0.056*[#  14]+0.056*[#  15]
          +0.056*[#  22]+0.056*[#  23]+0.031*[#   5]+0.031*[#   8]+0.031*[#  13]
          +0.031*[#  16]+0.031*[#  21]+0.031*[#  24]+0.005*[#   1]+0.005*[#   2]
          +0.005*[#   9]+0.005*[#  10]+0.005*[#  17]+0.005*[#  18]
    |psi|^2 = 0.997
==== e(  12) =     1.13345 eV ==== 
     psi = 0.074*[#   5]+0.074*[#   8]+0.074*[#  13]+0.074*[#  16]+0.074*[#  21]
          +0.074*[#  24]+0.047*[#   3]+0.047*[#   4]+0.047*[#  11]+0.047*[#  12]
          +0.047*[#  19]+0.047*[#  20]+0.040*[#   6]+0.040*[#   7]+0.040*[#  14]
          +0.040*[#  15]+0.040*[#  22]+0.040*[#  23]+0.005*[#   1]+0.005*[#   2]
          +0.005*[#   9]+0.005*[#  10]+0.005*[#  17]+0.005*[#  18]
    |psi|^2 = 0.997
==== e(  13) =     4.67294 eV ==== 
     psi = 0.079*[#   3]+0.079*[#   4]+0.079*[#  11]+0.079*[#  12]+0.079*[#  19]
          +0.079*[#  20]+0.062*[#   6]+0.062*[#   7]+0.062*[#  14]+0.062*[#  15]
          +0.062*[#  22]+0.062*[#  23]+0.019*[#   5]+0.019*[#   8]+0.019*[#  13]
          +0.019*[#  16]+0.019*[#  21]+0.019*[#  24]+0.003*[#   1]+0.003*[#   2]
          +0.003*[#   9]+0.003*[#  10]+0.003*[#  17]+0.003*[#  18]
    |psi|^2 = 0.976
==== e(  14) =     4.73871 eV ==== 
     psi = 0.066*[#   3]+0.066*[#   4]+0.066*[#  11]+0.066*[#  12]+0.066*[#  19]
          +0.066*[#  20]+0.049*[#   6]+0.049*[#   7]+0.049*[#  14]+0.049*[#  15]
          +0.049*[#  22]+0.049*[#  23]+0.045*[#   5]+0.045*[#   8]+0.045*[#  13]
          +0.045*[#  16]+0.045*[#  21]+0.045*[#  24]+0.002*[#   1]+0.002*[#   2]
          +0.002*[#   9]+0.002*[#  10]+0.002*[#  17]+0.002*[#  18]
    |psi|^2 = 0.976
==== e(  15) =     5.62610 eV ==== 
     psi = 0.066*[#   3]+0.066*[#   4]+0.066*[#  11]+0.066*[#  12]+0.066*[#  19]
          +0.066*[#  20]+0.053*[#   6]+0.053*[#   7]+0.053*[#  14]+0.053*[#  15]
          +0.053*[#  22]+0.053*[#  23]+0.033*[#   5]+0.033*[#   8]+0.033*[#  13]
          +0.033*[#  16]+0.033*[#  21]+0.033*[#  24]+0.012*[#   1]+0.012*[#   2]
          +0.012*[#   9]+0.012*[#  10]+0.012*[#  17]+0.012*[#  18]
    |psi|^2 = 0.981
==== e(  16) =     5.77804 eV ==== 
     psi = 0.081*[#   3]+0.081*[#   4]+0.081*[#  11]+0.081*[#  12]+0.081*[#  19]
          +0.081*[#  20]+0.054*[#   6]+0.054*[#   7]+0.054*[#  14]+0.054*[#  15]
          +0.054*[#  22]+0.054*[#  23]+0.020*[#   5]+0.020*[#   8]+0.020*[#  13]
          +0.020*[#  16]+0.020*[#  21]+0.020*[#  24]+0.009*[#   1]+0.009*[#   2]
          +0.009*[#   9]+0.009*[#  10]+0.009*[#  17]+0.009*[#  18]
    |psi|^2 = 0.985
==== e(  17) =     5.87855 eV ==== 
     psi = 0.096*[#   5]+0.096*[#   8]+0.096*[#  13]+0.096*[#  16]+0.096*[#  21]
          +0.096*[#  24]+0.041*[#  11]+0.041*[#  12]+0.041*[#  19]+0.041*[#  20]
          +0.041*[#   3]+0.041*[#   4]+0.014*[#   6]+0.014*[#   7]+0.014*[#  14]
          +0.014*[#  15]+0.014*[#  22]+0.014*[#  23]+0.012*[#   1]+0.012*[#   2]
          +0.012*[#   9]+0.012*[#  10]+0.012*[#  17]+0.012*[#  18]
    |psi|^2 = 0.981
==== e(  18) =     6.16634 eV ==== 
     psi = 0.122*[#  13]+0.122*[#  16]+0.122*[#  21]+0.122*[#  24]+0.122*[#   5]
          +0.122*[#   8]+0.024*[#   3]+0.024*[#   4]+0.024*[#  11]+0.024*[#  12]
          +0.024*[#  19]+0.024*[#  20]+0.010*[#   6]+0.010*[#   7]+0.010*[#  14]
          +0.010*[#  15]+0.010*[#  22]+0.010*[#  23]+0.008*[#   1]+0.008*[#   2]
          +0.008*[#   9]+0.008*[#  10]+0.008*[#  17]+0.008*[#  18]
    |psi|^2 = 0.986
==== e(  19) =     6.29079 eV ==== 
     psi = 0.064*[#   5]+0.064*[#   8]+0.064*[#  13]+0.064*[#  16]+0.064*[#  21]
          +0.064*[#  24]+0.041*[#   6]+0.041*[#   7]+0.041*[#  14]+0.041*[#  15]
          +0.041*[#  22]+0.041*[#  23]+0.040*[#   3]+0.040*[#   4]+0.040*[#  11]
          +0.040*[#  12]+0.040*[#  19]+0.040*[#  20]+0.016*[#   1]+0.016*[#   2]
          +0.016*[#   9]+0.016*[#  10]+0.016*[#  17]+0.016*[#  18]
    |psi|^2 = 0.970
==== e(  20) =     6.35519 eV ==== 
     psi = 0.088*[#   5]+0.088*[#   8]+0.087*[#  13]+0.087*[#  16]+0.087*[#  21]
          +0.087*[#  24]+0.034*[#   6]+0.034*[#   7]+0.034*[#  14]+0.034*[#  15]
          +0.034*[#  22]+0.034*[#  23]+0.025*[#   3]+0.025*[#   4]+0.025*[#  11]
          +0.025*[#  12]+0.025*[#  19]+0.025*[#  20]+0.015*[#   1]+0.015*[#   2]
          +0.015*[#   9]+0.015*[#  10]+0.015*[#  17]+0.015*[#  18]
    |psi|^2 = 0.969
==== e(  21) =     7.34099 eV ==== 
     psi = 0.097*[#   6]+0.097*[#   7]+0.097*[#  14]+0.097*[#  15]+0.097*[#  22]
          +0.097*[#  23]+0.057*[#   3]+0.057*[#   4]+0.057*[#  11]+0.057*[#  12]
          +0.057*[#  19]+0.057*[#  20]+0.003*[#   1]+0.003*[#   2]+0.003*[#   9]
          +0.003*[#  10]+0.003*[#  17]+0.003*[#  18]+0.002*[#   5]+0.002*[#   8]
          +0.002*[#  13]+0.002*[#  16]+0.002*[#  21]+0.002*[#  24]
    |psi|^2 = 0.955
==== e(  22) =     7.53572 eV ==== 
     psi = 0.086*[#  14]+0.086*[#  15]+0.086*[#  22]+0.086*[#  23]+0.085*[#   6]
          +0.085*[#   7]+0.047*[#  11]+0.047*[#  12]+0.047*[#  19]+0.047*[#  20]
          +0.046*[#   3]+0.046*[#   4]+0.028*[#   5]+0.028*[#   8]+0.027*[#  13]
          +0.027*[#  16]+0.027*[#  21]+0.027*[#  24]
    |psi|^2 = 0.959
==== e(  23) =     7.56154 eV ==== 
     psi = 0.072*[#   6]+0.072*[#   7]+0.071*[#  14]+0.071*[#  15]+0.071*[#  22]
          +0.071*[#  23]+0.066*[#  13]+0.066*[#  16]+0.066*[#  21]+0.066*[#  24]
          +0.065*[#   5]+0.065*[#   8]+0.018*[#   3]+0.018*[#   4]+0.018*[#  11]
          +0.018*[#  12]+0.018*[#  19]+0.018*[#  20]+0.003*[#   1]+0.003*[#   2]
          +0.003*[#   9]+0.003*[#  10]+0.003*[#  17]+0.003*[#  18]
    |psi|^2 = 0.952
==== e(  24) =     7.65098 eV ==== 
     psi = 0.073*[#   6]+0.073*[#   7]+0.073*[#  14]+0.073*[#  15]+0.073*[#  22]
          +0.073*[#  23]+0.058*[#   5]+0.058*[#   8]+0.058*[#  13]+0.058*[#  16]
          +0.058*[#  21]+0.058*[#  24]+0.027*[#   3]+0.027*[#   4]+0.027*[#  11]
          +0.027*[#  12]+0.027*[#  19]+0.027*[#  20]+0.002*[#   1]+0.002*[#   2]
          +0.002*[#   9]+0.002*[#  10]+0.002*[#  17]+0.002*[#  18]
    |psi|^2 = 0.954
==== e(  25) =    11.85992 eV ==== 
     psi = 0.001*[#   6]+0.001*[#   7]+0.001*[#  14]+0.001*[#  15]+0.001*[#  22]
          +0.001*[#  23]
    |psi|^2 = 0.013
==== e(  26) =    11.87437 eV ==== 
     psi = 0.001*[#   6]+0.001*[#   7]+0.001*[#  14]+0.001*[#  15]+0.001*[#  22]
          +0.001*[#  23]
    |psi|^2 = 0.014
==== e(  27) =    12.28205 eV ==== 

    |psi|^2 = 0.008
==== e(  28) =    12.32412 eV ==== 

    |psi|^2 = 0.009

 k =   0.3333333000  0.5772950894  0.3758812616
==== e(   1) =    -5.87926 eV ==== 
     psi = 0.160*[#   1]+0.160*[#   2]+0.145*[#   9]+0.145*[#  10]+0.145*[#  17]
          +0.145*[#  18]+0.009*[#   3]+0.009*[#   4]+0.007*[#  11]+0.007*[#  12]
          +0.007*[#  19]+0.007*[#  20]+0.007*[#  14]+0.007*[#  15]+0.007*[#  22]
          +0.007*[#  23]+0.005*[#   6]+0.005*[#   7]+0.002*[#   5]+0.002*[#   8]
          +0.002*[#  13]+0.002*[#  16]+0.002*[#  21]+0.002*[#  24]
    |psi|^2 = 0.998
==== e(   2) =    -5.87926 eV ==== 
     psi = 0.154*[#   1]+0.154*[#   2]+0.148*[#   9]+0.148*[#  10]+0.148*[#  17]
          +0.148*[#  18]+0.009*[#  11]+0.009*[#  12]+0.009*[#  19]+0.009*[#  20]
          +0.007*[#   6]+0.007*[#   7]+0.007*[#   3]+0.007*[#   4]+0.006*[#  14]
          +0.006*[#  15]+0.006*[#  22]+0.006*[#  23]+0.002*[#   5]+0.002*[#   8]
          +0.002*[#  13]+0.002*[#  16]+0.002*[#  21]+0.002*[#  24]
    |psi|^2 = 0.998
==== e(   3) =    -5.87238 eV ==== 
     psi = 0.155*[#   9]+0.155*[#  10]+0.155*[#  17]+0.155*[#  18]+0.141*[#   1]
          +0.141*[#   2]+0.009*[#   5]+0.009*[#   8]+0.009*[#  13]+0.009*[#  16]
          +0.009*[#  21]+0.009*[#  24]+0.006*[#   3]+0.006*[#   4]+0.006*[#  11]
          +0.006*[#  12]+0.006*[#  19]+0.006*[#  20]+0.001*[#   6]+0.001*[#   7]
          +0.001*[#  14]+0.001*[#  15]+0.001*[#  22]+0.001*[#  23]
    |psi|^2 = 0.998
==== e(   4) =    -5.86517 eV ==== 
     psi = 0.152*[#   9]+0.152*[#  10]+0.152*[#  17]+0.152*[#  18]+0.146*[#   1]
          +0.146*[#   2]+0.009*[#   5]+0.009*[#   8]+0.009*[#  13]+0.009*[#  16]
          +0.009*[#  21]+0.009*[#  24]+0.007*[#   6]+0.007*[#   7]+0.007*[#  14]
          +0.007*[#  15]+0.007*[#  22]+0.007*[#  23]
    |psi|^2 = 0.998
==== e(   5) =    -3.99491 eV ==== 
     psi = 0.147*[#   9]+0.147*[#  10]+0.147*[#  17]+0.147*[#  18]+0.147*[#   1]
          +0.147*[#   2]+0.010*[#   5]+0.010*[#   8]+0.010*[#  13]+0.010*[#  16]
          +0.010*[#  21]+0.010*[#  24]+0.007*[#   3]+0.007*[#   4]+0.007*[#  11]
          +0.007*[#  12]+0.007*[#  19]+0.007*[#  20]+0.003*[#  14]+0.003*[#  15]
          +0.003*[#  22]+0.003*[#  23]+0.003*[#   6]+0.003*[#   7]
    |psi|^2 = 0.999
==== e(   6) =    -3.99491 eV ==== 
     psi = 0.147*[#   1]+0.147*[#   2]+0.147*[#   9]+0.147*[#  10]+0.147*[#  17]
          +0.147*[#  18]+0.010*[#   5]+0.010*[#   8]+0.010*[#  13]+0.010*[#  16]
          +0.010*[#  21]+0.010*[#  24]+0.007*[#   3]+0.007*[#   4]+0.007*[#  11]
          +0.007*[#  12]+0.007*[#  19]+0.007*[#  20]+0.004*[#   6]+0.004*[#   7]
          +0.003*[#  14]+0.003*[#  15]+0.003*[#  22]+0.003*[#  23]
    |psi|^2 = 0.999
==== e(   7) =     0.73979 eV ==== 
     psi = 0.089*[#   6]+0.089*[#   7]+0.078*[#  11]+0.078*[#  12]+0.078*[#  19]
          +0.078*[#  20]+0.053*[#  13]+0.053*[#  16]+0.053*[#  21]+0.053*[#  24]
          +0.042*[#   3]+0.042*[#   4]+0.036*[#  14]+0.036*[#  15]+0.036*[#  22]
          +0.036*[#  23]+0.032*[#   5]+0.032*[#   8]
    |psi|^2 = 0.995
==== e(   8) =     0.73981 eV ==== 
     psi = 0.091*[#   3]+0.091*[#   4]+0.071*[#  14]+0.071*[#  15]+0.071*[#  22]
          +0.071*[#  23]+0.059*[#   5]+0.059*[#   8]+0.054*[#  11]+0.054*[#  12]
          +0.054*[#  19]+0.054*[#  20]+0.039*[#  13]+0.039*[#  16]+0.039*[#  21]
          +0.039*[#  24]+0.019*[#   6]+0.019*[#   7]
    |psi|^2 = 0.995
==== e(   9) =     0.88984 eV ==== 
     psi = 0.084*[#   3]+0.084*[#   4]+0.085*[#  11]+0.085*[#  12]+0.085*[#  19]
          +0.085*[#  20]+0.047*[#   6]+0.047*[#   7]+0.046*[#  14]+0.046*[#  15]
          +0.046*[#  22]+0.046*[#  23]+0.031*[#   5]+0.031*[#   8]+0.031*[#  13]
          +0.031*[#  16]+0.031*[#  21]+0.031*[#  24]+0.004*[#   1]+0.004*[#   2]
          +0.004*[#   9]+0.004*[#  10]+0.004*[#  17]+0.004*[#  18]
    |psi|^2 = 0.997
==== e(  10) =     0.94314 eV ==== 
     psi = 0.068*[#   3]+0.068*[#   4]+0.068*[#  11]+0.068*[#  12]+0.068*[#  19]
          +0.068*[#  20]+0.063*[#  14]+0.063*[#  15]+0.063*[#  22]+0.063*[#  23]
          +0.063*[#   6]+0.063*[#   7]+0.032*[#   5]+0.032*[#   8]+0.031*[#  13]
          +0.031*[#  16]+0.031*[#  21]+0.031*[#  24]+0.004*[#   1]+0.004*[#   2]
          +0.004*[#   9]+0.004*[#  10]+0.004*[#  17]+0.004*[#  18]
    |psi|^2 = 0.997
==== e(  11) =     1.01634 eV ==== 
     psi = 0.081*[#  13]+0.081*[#  16]+0.081*[#  21]+0.081*[#  24]+0.079*[#   6]
          +0.079*[#   7]+0.060*[#  11]+0.060*[#  12]+0.060*[#  19]+0.060*[#  20]
          +0.058*[#   5]+0.058*[#   8]+0.023*[#  14]+0.023*[#  15]+0.023*[#  22]
          +0.023*[#  23]+0.019*[#   3]+0.019*[#   4]+0.005*[#   1]+0.005*[#   2]
          +0.004*[#   9]+0.004*[#  10]+0.004*[#  17]+0.004*[#  18]
    |psi|^2 = 0.997
==== e(  12) =     1.01637 eV ==== 
     psi = 0.089*[#   5]+0.089*[#   8]+0.074*[#   3]+0.074*[#   4]+0.066*[#  13]
          +0.066*[#  16]+0.066*[#  21]+0.066*[#  24]+0.060*[#  14]+0.060*[#  15]
          +0.060*[#  22]+0.060*[#  23]+0.032*[#  11]+0.032*[#  12]+0.032*[#  19]
          +0.032*[#  20]+0.005*[#   9]+0.005*[#  10]+0.005*[#  17]+0.005*[#  18]
          +0.004*[#   6]+0.004*[#   7]+0.004*[#   1]+0.004*[#   2]
    |psi|^2 = 0.997
==== e(  13) =     4.82854 eV ==== 
     psi = 0.110*[#   3]+0.110*[#   4]+0.074*[#  14]+0.074*[#  15]+0.074*[#  22]
          +0.074*[#  23]+0.062*[#  11]+0.062*[#  12]+0.062*[#  19]+0.062*[#  20]
          +0.030*[#  13]+0.030*[#  16]+0.030*[#  21]+0.030*[#  24]+0.021*[#   6]
          +0.021*[#   7]+0.020*[#   5]+0.020*[#   8]+0.001*[#   9]+0.001*[#  10]
          +0.001*[#  17]+0.001*[#  18]
    |psi|^2 = 0.975
==== e(  14) =     4.82855 eV ==== 
     psi = 0.094*[#  11]+0.094*[#  12]+0.094*[#  19]+0.094*[#  20]+0.092*[#   6]
          +0.092*[#   7]+0.047*[#   3]+0.047*[#   4]+0.039*[#  14]+0.039*[#  15]
          +0.039*[#  22]+0.039*[#  23]+0.034*[#   5]+0.034*[#   8]+0.024*[#  13]
          +0.024*[#  16]+0.024*[#  21]+0.024*[#  24]+0.002*[#   1]+0.002*[#   2]
          
    |psi|^2 = 0.975
==== e(  15) =     5.80083 eV ==== 
     psi = 0.100*[#  11]+0.100*[#  12]+0.100*[#  19]+0.100*[#  20]+0.088*[#   6]
          +0.088*[#   7]+0.049*[#  14]+0.049*[#  15]+0.049*[#  22]+0.049*[#  23]
          +0.032*[#   5]+0.032*[#   8]+0.018*[#   1]+0.018*[#   2]+0.014*[#  13]
          +0.014*[#  16]+0.014*[#  21]+0.014*[#  24]+0.014*[#   3]+0.014*[#   4]
          +0.006*[#   9]+0.006*[#  10]+0.006*[#  17]+0.006*[#  18]
    |psi|^2 = 0.982
==== e(  16) =     5.80090 eV ==== 
     psi = 0.129*[#   3]+0.129*[#   4]+0.075*[#  14]+0.075*[#  15]+0.075*[#  22]
          +0.075*[#  23]+0.042*[#  11]+0.042*[#  12]+0.042*[#  19]+0.042*[#  20]
          +0.036*[#   6]+0.036*[#   7]+0.026*[#  13]+0.026*[#  16]+0.026*[#  21]
          +0.026*[#  24]+0.014*[#   9]+0.014*[#  10]+0.014*[#  17]+0.014*[#  18]
          +0.008*[#   5]+0.008*[#   8]+0.003*[#   1]+0.003*[#   2]
    |psi|^2 = 0.982
==== e(  17) =     6.04982 eV ==== 
     psi = 0.107*[#   5]+0.107*[#   8]+0.107*[#  13]+0.107*[#  16]+0.107*[#  21]
          +0.107*[#  24]+0.045*[#   3]+0.045*[#   4]+0.045*[#  11]+0.045*[#  12]
          +0.045*[#  19]+0.045*[#  20]+0.012*[#   1]+0.012*[#   2]+0.012*[#   9]
          +0.012*[#  10]+0.012*[#  17]+0.012*[#  18]
    |psi|^2 = 0.983
==== e(  18) =     6.16609 eV ==== 
     psi = 0.095*[#   5]+0.095*[#   8]+0.081*[#  13]+0.081*[#  16]+0.081*[#  21]
          +0.081*[#  24]+0.041*[#  11]+0.041*[#  12]+0.041*[#  19]+0.041*[#  20]
          +0.040*[#  14]+0.040*[#  15]+0.040*[#  22]+0.040*[#  23]+0.026*[#   1]
          +0.026*[#   2]+0.013*[#   9]+0.013*[#  10]+0.013*[#  17]+0.013*[#  18]
          +0.012*[#   3]+0.012*[#   4]+0.003*[#   6]+0.003*[#   7]
    |psi|^2 = 0.970
==== e(  19) =     6.16615 eV ==== 
     psi = 0.091*[#  13]+0.091*[#  16]+0.091*[#  21]+0.091*[#  24]+0.075*[#   5]
          +0.075*[#   8]+0.052*[#   6]+0.052*[#   7]+0.050*[#   3]+0.050*[#   4]
          +0.022*[#  11]+0.022*[#  12]+0.022*[#  19]+0.022*[#  20]+0.022*[#   9]
          +0.022*[#  10]+0.022*[#  17]+0.022*[#  18]+0.015*[#  14]+0.015*[#  15]
          +0.015*[#  22]+0.015*[#  23]+0.009*[#   1]+0.009*[#   2]
    |psi|^2 = 0.970
==== e(  20) =     6.19082 eV ==== 
     psi = 0.123*[#   5]+0.123*[#   8]+0.122*[#  13]+0.122*[#  16]+0.122*[#  21]
          +0.122*[#  24]+0.018*[#  11]+0.018*[#  12]+0.018*[#  19]+0.018*[#  20]
          +0.018*[#   3]+0.018*[#   4]+0.014*[#  14]+0.014*[#  15]+0.014*[#  22]
          +0.014*[#  23]+0.014*[#   6]+0.014*[#   7]+0.010*[#   1]+0.010*[#   2]
          +0.010*[#   9]+0.010*[#  10]+0.010*[#  17]+0.010*[#  18]
    |psi|^2 = 0.985
==== e(  21) =     7.31624 eV ==== 
     psi = 0.095*[#  14]+0.095*[#  15]+0.095*[#  22]+0.095*[#  23]+0.095*[#   6]
          +0.095*[#   7]+0.061*[#   3]+0.061*[#   4]+0.061*[#  11]+0.061*[#  12]
          +0.061*[#  19]+0.061*[#  20]+0.002*[#   1]+0.002*[#   2]+0.002*[#   9]
          +0.002*[#  10]+0.002*[#  17]+0.002*[#  18]+0.001*[#   5]+0.001*[#   8]
          +0.001*[#  13]+0.001*[#  16]+0.001*[#  21]+0.001*[#  24]
    |psi|^2 = 0.956
==== e(  22) =     7.38354 eV ==== 
     psi = 0.098*[#  14]+0.098*[#  15]+0.098*[#  22]+0.098*[#  23]+0.098*[#   6]
          +0.098*[#   7]+0.045*[#   3]+0.045*[#   4]+0.045*[#  11]+0.045*[#  12]
          +0.045*[#  19]+0.045*[#  20]+0.017*[#   5]+0.017*[#   8]+0.017*[#  13]
          +0.017*[#  16]+0.017*[#  21]+0.017*[#  24]
    |psi|^2 = 0.959
==== e(  23) =     7.54629 eV ==== 
     psi = 0.088*[#   6]+0.088*[#   7]+0.066*[#  14]+0.066*[#  15]+0.066*[#  22]
          +0.066*[#  23]+0.064*[#  13]+0.064*[#  16]+0.064*[#  21]+0.064*[#  24]
          +0.061*[#   5]+0.061*[#   8]+0.023*[#  11]+0.023*[#  12]+0.023*[#  19]
          +0.023*[#  20]+0.015*[#   3]+0.015*[#   4]+0.003*[#   9]+0.003*[#  10]
          +0.003*[#  17]+0.003*[#  18]
    |psi|^2 = 0.953
==== e(  24) =     7.54629 eV ==== 
     psi = 0.080*[#  14]+0.080*[#  15]+0.080*[#  22]+0.080*[#  23]+0.066*[#   5]
          +0.066*[#   8]+0.062*[#  13]+0.062*[#  16]+0.062*[#  21]+0.062*[#  24]
          +0.059*[#   6]+0.059*[#   7]+0.025*[#   3]+0.025*[#   4]+0.017*[#  11]
          +0.017*[#  12]+0.017*[#  19]+0.017*[#  20]+0.004*[#   1]+0.004*[#   2]
          +0.002*[#   9]+0.002*[#  10]+0.002*[#  17]+0.002*[#  18]
    |psi|^2 = 0.953
==== e(  25) =    11.89475 eV ==== 
     psi = 0.002*[#  14]+0.002*[#  15]+0.002*[#  22]+0.002*[#  23]+0.001*[#   6]
          +0.001*[#   7]
    |psi|^2 = 0.014
==== e(  26) =    11.89476 eV ==== 
     psi = 0.002*[#   6]+0.002*[#   7]+0.001*[#  14]+0.001*[#  15]+0.001*[#  22]
          +0.001*[#  23]
    |psi|^2 = 0.014
==== e(  27) =    12.54755 eV ==== 

    |psi|^2 = 0.007
==== e(  28) =    12.55288 eV ==== 

    |psi|^2 = 0.009

 k =   0.3333333000  0.5772950894  0.4134693878
==== e(   1) =    -5.98836 eV ==== 
     psi = 0.150*[#   1]+0.150*[#   2]+0.150*[#   9]+0.150*[#  10]+0.150*[#  17]
          +0.150*[#  18]+0.008*[#   3]+0.008*[#   4]+0.008*[#  11]+0.008*[#  12]
          +0.008*[#  19]+0.008*[#  20]+0.006*[#   6]+0.006*[#   7]+0.006*[#  14]
          +0.006*[#  15]+0.006*[#  22]+0.006*[#  23]+0.002*[#   5]+0.002*[#   8]
          +0.002*[#  13]+0.002*[#  16]+0.002*[#  21]+0.002*[#  24]
    |psi|^2 = 0.998
==== e(   2) =    -5.97825 eV ==== 
     psi = 0.150*[#   1]+0.150*[#   2]+0.150*[#   9]+0.150*[#  10]+0.150*[#  17]
          +0.150*[#  18]+0.010*[#   5]+0.010*[#   8]+0.010*[#  13]+0.010*[#  16]
          +0.010*[#  21]+0.010*[#  24]+0.004*[#   6]+0.004*[#   7]+0.004*[#  14]
          +0.004*[#  15]+0.004*[#  22]+0.004*[#  23]+0.003*[#   3]+0.003*[#   4]
          +0.003*[#  11]+0.003*[#  12]+0.003*[#  19]+0.003*[#  20]
    |psi|^2 = 0.998
==== e(   3) =    -5.76339 eV ==== 
     psi = 0.150*[#   9]+0.150*[#  10]+0.150*[#  17]+0.150*[#  18]+0.150*[#   1]
          +0.150*[#   2]+0.008*[#   3]+0.008*[#   4]+0.008*[#  11]+0.008*[#  12]
          +0.008*[#  19]+0.008*[#  20]+0.006*[#   6]+0.006*[#   7]+0.006*[#  14]
          +0.006*[#  15]+0.006*[#  22]+0.006*[#  23]+0.002*[#   5]+0.002*[#   8]
          +0.002*[#  13]+0.002*[#  16]+0.002*[#  21]+0.002*[#  24]
    |psi|^2 = 0.998
==== e(   4) =    -5.75285 eV ==== 
     psi = 0.151*[#   9]+0.151*[#  10]+0.151*[#  17]+0.151*[#  18]+0.150*[#   1]
          +0.150*[#   2]+0.009*[#   5]+0.009*[#   8]+0.009*[#  13]+0.009*[#  16]
          +0.009*[#  21]+0.009*[#  24]+0.004*[#   6]+0.004*[#   7]+0.004*[#  14]
          +0.004*[#  15]+0.004*[#  22]+0.004*[#  23]+0.003*[#   3]+0.003*[#   4]
          +0.003*[#  11]+0.003*[#  12]+0.003*[#  19]+0.003*[#  20]
    |psi|^2 = 0.998
==== e(   5) =    -4.00475 eV ==== 
     psi = 0.147*[#   1]+0.147*[#   2]+0.147*[#   9]+0.147*[#  10]+0.147*[#  17]
          +0.147*[#  18]+0.008*[#   5]+0.008*[#   8]+0.008*[#  13]+0.008*[#  16]
          +0.008*[#  21]+0.008*[#  24]+0.008*[#   3]+0.008*[#   4]+0.008*[#  11]
          +0.008*[#  12]+0.008*[#  19]+0.008*[#  20]+0.004*[#   6]+0.004*[#   7]
          +0.004*[#  14]+0.004*[#  15]+0.004*[#  22]+0.004*[#  23]
    |psi|^2 = 0.999
==== e(   6) =    -4.00164 eV ==== 
     psi = 0.147*[#   1]+0.147*[#   2]+0.147*[#   9]+0.147*[#  10]+0.147*[#  17]
          +0.147*[#  18]+0.011*[#   5]+0.011*[#   8]+0.011*[#  13]+0.011*[#  16]
          +0.011*[#  21]+0.011*[#  24]+0.006*[#   3]+0.006*[#   4]+0.006*[#  11]
          +0.006*[#  12]+0.006*[#  19]+0.006*[#  20]+0.003*[#   6]+0.003*[#   7]
          +0.003*[#  14]+0.003*[#  15]+0.003*[#  22]+0.003*[#  23]
    |psi|^2 = 0.999
==== e(   7) =     0.74362 eV ==== 
     psi = 0.070*[#   3]+0.070*[#   4]+0.070*[#  11]+0.070*[#  12]+0.070*[#  19]
          +0.070*[#  20]+0.054*[#   6]+0.054*[#   7]+0.053*[#  14]+0.053*[#  15]
          +0.053*[#  22]+0.053*[#  23]+0.042*[#   5]+0.042*[#   8]+0.042*[#  13]
          +0.042*[#  16]+0.042*[#  21]+0.042*[#  24]
    |psi|^2 = 0.995
==== e(   8) =     0.77080 eV ==== 
     psi = 0.063*[#   3]+0.063*[#   4]+0.063*[#  11]+0.063*[#  12]+0.063*[#  19]
          +0.063*[#  20]+0.053*[#   6]+0.053*[#   7]+0.053*[#  14]+0.053*[#  15]
          +0.053*[#  22]+0.053*[#  23]+0.049*[#   5]+0.049*[#   8]+0.049*[#  13]
          +0.049*[#  16]+0.049*[#  21]+0.049*[#  24]
    |psi|^2 = 0.995
==== e(   9) =     0.82828 eV ==== 
     psi = 0.078*[#   3]+0.078*[#   4]+0.078*[#  11]+0.078*[#  12]+0.078*[#  19]
          +0.078*[#  20]+0.053*[#   6]+0.053*[#   7]+0.053*[#  14]+0.053*[#  15]
          +0.053*[#  22]+0.053*[#  23]+0.032*[#   5]+0.032*[#   8]+0.032*[#  13]
          +0.032*[#  16]+0.032*[#  21]+0.032*[#  24]+0.003*[#   1]+0.003*[#   2]
          +0.003*[#   9]+0.003*[#  10]+0.003*[#  17]+0.003*[#  18]
    |psi|^2 = 0.997
==== e(  10) =     0.92850 eV ==== 
     psi = 0.072*[#   5]+0.072*[#   8]+0.072*[#  13]+0.072*[#  16]+0.072*[#  21]
          +0.072*[#  24]+0.046*[#   3]+0.046*[#   4]+0.046*[#  11]+0.046*[#  12]
          +0.046*[#  19]+0.046*[#  20]+0.045*[#   6]+0.045*[#   7]+0.045*[#  14]
          +0.045*[#  15]+0.045*[#  22]+0.045*[#  23]+0.004*[#   1]+0.004*[#   2]
          +0.004*[#   9]+0.004*[#  10]+0.004*[#  17]+0.004*[#  18]
    |psi|^2 = 0.997
==== e(  11) =     1.03309 eV ==== 
     psi = 0.074*[#   3]+0.074*[#   4]+0.074*[#  11]+0.074*[#  12]+0.074*[#  19]
          +0.074*[#  20]+0.056*[#   6]+0.056*[#   7]+0.056*[#  14]+0.056*[#  15]
          +0.056*[#  22]+0.056*[#  23]+0.031*[#   5]+0.031*[#   8]+0.031*[#  13]
          +0.031*[#  16]+0.031*[#  21]+0.031*[#  24]+0.005*[#   1]+0.005*[#   2]
          +0.005*[#   9]+0.005*[#  10]+0.005*[#  17]+0.005*[#  18]
    |psi|^2 = 0.997
==== e(  12) =     1.13345 eV ==== 
     psi = 0.074*[#   5]+0.074*[#   8]+0.074*[#  13]+0.074*[#  16]+0.074*[#  21]
          +0.074*[#  24]+0.047*[#   3]+0.047*[#   4]+0.047*[#  11]+0.047*[#  12]
          +0.047*[#  19]+0.047*[#  20]+0.040*[#   6]+0.040*[#   7]+0.040*[#  14]
          +0.040*[#  15]+0.040*[#  22]+0.040*[#  23]+0.005*[#   1]+0.005*[#   2]
          +0.005*[#   9]+0.005*[#  10]+0.005*[#  17]+0.005*[#  18]
    |psi|^2 = 0.997
==== e(  13) =     4.67294 eV ==== 
     psi = 0.079*[#   3]+0.079*[#   4]+0.079*[#  11]+0.079*[#  12]+0.079*[#  19]
          +0.079*[#  20]+0.062*[#   6]+0.062*[#   7]+0.062*[#  14]+0.062*[#  15]
          +0.062*[#  22]+0.062*[#  23]+0.019*[#   5]+0.019*[#   8]+0.019*[#  13]
          +0.019*[#  16]+0.019*[#  21]+0.019*[#  24]+0.003*[#   1]+0.003*[#   2]
          +0.003*[#   9]+0.003*[#  10]+0.003*[#  17]+0.003*[#  18]
    |psi|^2 = 0.976
==== e(  14) =     4.73871 eV ==== 
     psi = 0.066*[#   3]+0.066*[#   4]+0.066*[#  11]+0.066*[#  12]+0.066*[#  19]
          +0.066*[#  20]+0.049*[#   6]+0.049*[#   7]+0.049*[#  14]+0.049*[#  15]
          +0.049*[#  22]+0.049*[#  23]+0.045*[#   5]+0.045*[#   8]+0.045*[#  13]
          +0.045*[#  16]+0.045*[#  21]+0.045*[#  24]+0.002*[#   1]+0.002*[#   2]
          +0.002*[#   9]+0.002*[#  10]+0.002*[#  17]+0.002*[#  18]
    |psi|^2 = 0.976
==== e(  15) =     5.62610 eV ==== 
     psi = 0.066*[#   3]+0.066*[#   4]+0.066*[#  11]+0.066*[#  12]+0.066*[#  19]
          +0.066*[#  20]+0.053*[#   6]+0.053*[#   7]+0.053*[#  14]+0.053*[#  15]
          +0.053*[#  22]+0.053*[#  23]+0.033*[#   5]+0.033*[#   8]+0.033*[#  13]
          +0.033*[#  16]+0.033*[#  21]+0.033*[#  24]+0.012*[#   1]+0.012*[#   2]
          +0.012*[#   9]+0.012*[#  10]+0.012*[#  17]+0.012*[#  18]
    |psi|^2 = 0.981
==== e(  16) =     5.77804 eV ==== 
     psi = 0.081*[#   3]+0.081*[#   4]+0.081*[#  11]+0.081*[#  12]+0.081*[#  19]
          +0.081*[#  20]+0.054*[#   6]+0.054*[#   7]+0.054*[#  14]+0.054*[#  15]
          +0.054*[#  22]+0.054*[#  23]+0.020*[#   5]+0.020*[#   8]+0.020*[#  13]
          +0.020*[#  16]+0.020*[#  21]+0.020*[#  24]+0.009*[#   1]+0.009*[#   2]
          +0.009*[#   9]+0.009*[#  10]+0.009*[#  17]+0.009*[#  18]
    |psi|^2 = 0.985
==== e(  17) =     5.87855 eV ==== 
     psi = 0.096*[#   5]+0.096*[#   8]+0.096*[#  13]+0.096*[#  16]+0.096*[#  21]
          +0.096*[#  24]+0.041*[#  11]+0.041*[#  12]+0.041*[#  19]+0.041*[#  20]
          +0.041*[#   3]+0.041*[#   4]+0.014*[#   6]+0.014*[#   7]+0.014*[#  14]
          +0.014*[#  15]+0.014*[#  22]+0.014*[#  23]+0.012*[#   1]+0.012*[#   2]
          +0.012*[#   9]+0.012*[#  10]+0.012*[#  17]+0.012*[#  18]
    |psi|^2 = 0.981
==== e(  18) =     6.16634 eV ==== 
     psi = 0.122*[#  13]+0.122*[#  16]+0.122*[#  21]+0.122*[#  24]+0.122*[#   5]
          +0.122*[#   8]+0.024*[#   3]+0.024*[#   4]+0.024*[#  11]+0.024*[#  12]
          +0.024*[#  19]+0.024*[#  20]+0.010*[#   6]+0.010*[#   7]+0.010*[#  14]
          +0.010*[#  15]+0.010*[#  22]+0.010*[#  23]+0.008*[#   1]+0.008*[#   2]
          +0.008*[#   9]+0.008*[#  10]+0.008*[#  17]+0.008*[#  18]
    |psi|^2 = 0.986
==== e(  19) =     6.29079 eV ==== 
     psi = 0.064*[#   5]+0.064*[#   8]+0.064*[#  13]+0.064*[#  16]+0.064*[#  21]
          +0.064*[#  24]+0.041*[#   6]+0.041*[#   7]+0.041*[#  14]+0.041*[#  15]
          +0.041*[#  22]+0.041*[#  23]+0.040*[#   3]+0.040*[#   4]+0.040*[#  11]
          +0.040*[#  12]+0.040*[#  19]+0.040*[#  20]+0.016*[#   1]+0.016*[#   2]
          +0.016*[#   9]+0.016*[#  10]+0.016*[#  17]+0.016*[#  18]
    |psi|^2 = 0.970
==== e(  20) =     6.35519 eV ==== 
     psi = 0.088*[#   5]+0.088*[#   8]+0.087*[#  13]+0.087*[#  16]+0.087*[#  21]
          +0.087*[#  24]+0.034*[#   6]+0.034*[#   7]+0.034*[#  14]+0.034*[#  15]
          +0.034*[#  22]+0.034*[#  23]+0.025*[#   3]+0.025*[#   4]+0.025*[#  11]
          +0.025*[#  12]+0.025*[#  19]+0.025*[#  20]+0.015*[#   1]+0.015*[#   2]
          +0.015*[#   9]+0.015*[#  10]+0.015*[#  17]+0.015*[#  18]
    |psi|^2 = 0.969
==== e(  21) =     7.34099 eV ==== 
     psi = 0.097*[#   6]+0.097*[#   7]+0.097*[#  14]+0.097*[#  15]+0.097*[#  22]
          +0.097*[#  23]+0.057*[#   3]+0.057*[#   4]+0.057*[#  11]+0.057*[#  12]
          +0.057*[#  19]+0.057*[#  20]+0.003*[#   1]+0.003*[#   2]+0.003*[#   9]
          +0.003*[#  10]+0.003*[#  17]+0.003*[#  18]+0.002*[#   5]+0.002*[#   8]
          +0.002*[#  13]+0.002*[#  16]+0.002*[#  21]+0.002*[#  24]
    |psi|^2 = 0.955
==== e(  22) =     7.53572 eV ==== 
     psi = 0.086*[#  14]+0.086*[#  15]+0.086*[#  22]+0.086*[#  23]+0.085*[#   6]
          +0.085*[#   7]+0.047*[#  11]+0.047*[#  12]+0.047*[#  19]+0.047*[#  20]
          +0.046*[#   3]+0.046*[#   4]+0.028*[#   5]+0.028*[#   8]+0.027*[#  13]
          +0.027*[#  16]+0.027*[#  21]+0.027*[#  24]
    |psi|^2 = 0.959
==== e(  23) =     7.56154 eV ==== 
     psi = 0.072*[#   6]+0.072*[#   7]+0.071*[#  14]+0.071*[#  15]+0.071*[#  22]
          +0.071*[#  23]+0.066*[#  13]+0.066*[#  16]+0.066*[#  21]+0.066*[#  24]
          +0.065*[#   5]+0.065*[#   8]+0.018*[#   3]+0.018*[#   4]+0.018*[#  11]
          +0.018*[#  12]+0.018*[#  19]+0.018*[#  20]+0.003*[#   1]+0.003*[#   2]
          +0.003*[#   9]+0.003*[#  10]+0.003*[#  17]+0.003*[#  18]
    |psi|^2 = 0.952
==== e(  24) =     7.65098 eV ==== 
     psi = 0.073*[#   6]+0.073*[#   7]+0.073*[#  14]+0.073*[#  15]+0.073*[#  22]
          +0.073*[#  23]+0.058*[#   5]+0.058*[#   8]+0.058*[#  13]+0.058*[#  16]
          +0.058*[#  21]+0.058*[#  24]+0.027*[#   3]+0.027*[#   4]+0.027*[#  11]
          +0.027*[#  12]+0.027*[#  19]+0.027*[#  20]+0.002*[#   1]+0.002*[#   2]
          +0.002*[#   9]+0.002*[#  10]+0.002*[#  17]+0.002*[#  18]
    |psi|^2 = 0.954
==== e(  25) =    11.85991 eV ==== 
     psi = 0.001*[#   6]+0.001*[#   7]+0.001*[#  14]+0.001*[#  15]+0.001*[#  22]
          +0.001*[#  23]
    |psi|^2 = 0.013
==== e(  26) =    11.87437 eV ==== 
     psi = 0.001*[#   6]+0.001*[#   7]+0.001*[#  14]+0.001*[#  15]+0.001*[#  22]
          +0.001*[#  23]
    |psi|^2 = 0.014
==== e(  27) =    12.28209 eV ==== 

    |psi|^2 = 0.008
==== e(  28) =    12.32415 eV ==== 

    |psi|^2 = 0.009

 k =   0.3333333000  0.5772950894  0.4510575139
==== e(   1) =    -6.08939 eV ==== 
     psi = 0.150*[#   1]+0.150*[#   2]+0.150*[#   9]+0.150*[#  10]+0.150*[#  17]
          +0.150*[#  18]+0.008*[#   3]+0.008*[#   4]+0.008*[#  11]+0.008*[#  12]
          +0.008*[#  19]+0.008*[#  20]+0.006*[#   6]+0.006*[#   7]+0.006*[#  14]
          +0.006*[#  15]+0.006*[#  22]+0.006*[#  23]+0.003*[#   5]+0.003*[#   8]
          +0.003*[#  13]+0.003*[#  16]+0.003*[#  21]+0.003*[#  24]
    |psi|^2 = 0.998
==== e(   2) =    -6.07983 eV ==== 
     psi = 0.150*[#   1]+0.150*[#   2]+0.150*[#   9]+0.150*[#  10]+0.150*[#  17]
          +0.150*[#  18]+0.010*[#   5]+0.010*[#   8]+0.010*[#  13]+0.010*[#  16]
          +0.010*[#  21]+0.010*[#  24]+0.003*[#   6]+0.003*[#   7]+0.003*[#  14]
          +0.003*[#  15]+0.003*[#  22]+0.003*[#  23]+0.003*[#   3]+0.003*[#   4]
          +0.003*[#  11]+0.003*[#  12]+0.003*[#  19]+0.003*[#  20]
    |psi|^2 = 0.998
==== e(   3) =    -5.64218 eV ==== 
     psi = 0.150*[#   9]+0.150*[#  10]+0.150*[#  17]+0.150*[#  18]+0.150*[#   1]
          +0.150*[#   2]+0.008*[#   3]+0.008*[#   4]+0.008*[#  11]+0.008*[#  12]
          +0.008*[#  19]+0.008*[#  20]+0.007*[#   6]+0.007*[#   7]+0.007*[#  14]
          +0.007*[#  15]+0.007*[#  22]+0.007*[#  23]+0.002*[#   5]+0.002*[#   8]
          +0.002*[#  13]+0.002*[#  16]+0.002*[#  21]+0.002*[#  24]
    |psi|^2 = 0.998
==== e(   4) =    -5.63199 eV ==== 
     psi = 0.151*[#   9]+0.151*[#  10]+0.151*[#  17]+0.151*[#  18]+0.151*[#   1]
          +0.151*[#   2]+0.008*[#   5]+0.008*[#   8]+0.008*[#  13]+0.008*[#  16]
          +0.008*[#  21]+0.008*[#  24]+0.005*[#   6]+0.005*[#   7]+0.005*[#  14]
          +0.005*[#  15]+0.005*[#  22]+0.005*[#  23]+0.003*[#   3]+0.003*[#   4]
          +0.003*[#  11]+0.003*[#  12]+0.003*[#  19]+0.003*[#  20]
    |psi|^2 = 0.998
==== e(   5) =    -4.03067 eV ==== 
     psi = 0.147*[#   1]+0.147*[#   2]+0.147*[#   9]+0.147*[#  10]+0.147*[#  17]
          +0.147*[#  18]+0.008*[#   3]+0.008*[#   4]+0.008*[#  11]+0.008*[#  12]
          +0.008*[#  19]+0.008*[#  20]+0.007*[#   5]+0.007*[#   8]+0.007*[#  13]
          +0.007*[#  16]+0.007*[#  21]+0.007*[#  24]+0.004*[#   6]+0.004*[#   7]
          +0.004*[#  14]+0.004*[#  15]+0.004*[#  22]+0.004*[#  23]
    |psi|^2 = 0.999
==== e(   6) =    -4.02475 eV ==== 
     psi = 0.147*[#   1]+0.147*[#   2]+0.147*[#   9]+0.147*[#  10]+0.147*[#  17]
          +0.147*[#  18]+0.012*[#   5]+0.012*[#   8]+0.012*[#  13]+0.012*[#  16]
          +0.012*[#  21]+0.012*[#  24]+0.005*[#   3]+0.005*[#   4]+0.005*[#  11]
          +0.005*[#  12]+0.005*[#  19]+0.005*[#  20]+0.003*[#   6]+0.003*[#   7]
          +0.003*[#  14]+0.003*[#  15]+0.003*[#  22]+0.003*[#  23]
    |psi|^2 = 0.999
==== e(   7) =     0.77505 eV ==== 
     psi = 0.077*[#  11]+0.077*[#  12]+0.077*[#  19]+0.077*[#  20]+0.076*[#   3]
          +0.076*[#   4]+0.055*[#  14]+0.055*[#  15]+0.055*[#  22]+0.055*[#  23]
          +0.053*[#   6]+0.053*[#   7]+0.036*[#   5]+0.036*[#   8]+0.031*[#  13]
          +0.031*[#  16]+0.031*[#  21]+0.031*[#  24]+0.002*[#   1]+0.002*[#   2]
          +0.002*[#   9]+0.002*[#  10]+0.002*[#  17]+0.002*[#  18]
    |psi|^2 = 0.997
==== e(   8) =     0.77592 eV ==== 
     psi = 0.075*[#   3]+0.075*[#   4]+0.074*[#  11]+0.074*[#  12]+0.074*[#  19]
          +0.074*[#  20]+0.050*[#   6]+0.050*[#   7]+0.048*[#  14]+0.048*[#  15]
          +0.048*[#  22]+0.048*[#  23]+0.043*[#  13]+0.043*[#  16]+0.043*[#  21]
          +0.043*[#  24]+0.038*[#   5]+0.038*[#   8]
    |psi|^2 = 0.995
==== e(   9) =     0.83707 eV ==== 
     psi = 0.060*[#   3]+0.060*[#   4]+0.060*[#  11]+0.060*[#  12]+0.060*[#  19]
          +0.060*[#  20]+0.053*[#  13]+0.053*[#  16]+0.053*[#  21]+0.053*[#  24]
          +0.052*[#   5]+0.052*[#   6]+0.052*[#   7]+0.052*[#   8]+0.052*[#  14]
          +0.052*[#  15]+0.052*[#  22]+0.052*[#  23]
    |psi|^2 = 0.995
==== e(  10) =     0.87635 eV ==== 
     psi = 0.066*[#   5]+0.066*[#   8]+0.066*[#  13]+0.066*[#  16]+0.066*[#  21]
          +0.066*[#  24]+0.052*[#  14]+0.052*[#  15]+0.052*[#  22]+0.052*[#  23]
          +0.052*[#   6]+0.052*[#   7]+0.045*[#  11]+0.045*[#  12]+0.045*[#  19]
          +0.045*[#  20]+0.045*[#   3]+0.045*[#   4]+0.003*[#   1]+0.003*[#   2]
          +0.003*[#   9]+0.003*[#  10]+0.003*[#  17]+0.003*[#  18]
    |psi|^2 = 0.996
==== e(  11) =     1.17139 eV ==== 
     psi = 0.076*[#   3]+0.076*[#   4]+0.076*[#  11]+0.076*[#  12]+0.076*[#  19]
          +0.076*[#  20]+0.054*[#   6]+0.054*[#   7]+0.054*[#  14]+0.054*[#  15]
          +0.054*[#  22]+0.054*[#  23]+0.030*[#   5]+0.030*[#   8]+0.030*[#  13]
          +0.030*[#  16]+0.030*[#  21]+0.030*[#  24]+0.006*[#   1]+0.006*[#   2]
          +0.006*[#   9]+0.006*[#  10]+0.006*[#  17]+0.006*[#  18]
    |psi|^2 = 0.996
==== e(  12) =     1.27746 eV ==== 
     psi = 0.074*[#   5]+0.074*[#   8]+0.074*[#  13]+0.074*[#  16]+0.074*[#  21]
          +0.074*[#  24]+0.047*[#   3]+0.047*[#   4]+0.047*[#  11]+0.047*[#  12]
          +0.047*[#  19]+0.047*[#  20]+0.038*[#   6]+0.038*[#   7]+0.038*[#  14]
          +0.038*[#  15]+0.038*[#  22]+0.038*[#  23]+0.006*[#   1]+0.006*[#   2]
          +0.006*[#   9]+0.006*[#  10]+0.006*[#  17]+0.006*[#  18]
    |psi|^2 = 0.996
==== e(  13) =     4.36963 eV ==== 
     psi = 0.075*[#   3]+0.075*[#   4]+0.075*[#  11]+0.075*[#  12]+0.075*[#  19]
          +0.075*[#  20]+0.063*[#   6]+0.063*[#   7]+0.063*[#  14]+0.063*[#  15]
          +0.063*[#  22]+0.063*[#  23]+0.020*[#   5]+0.020*[#   8]+0.020*[#  13]
          +0.020*[#  16]+0.020*[#  21]+0.020*[#  24]+0.005*[#   1]+0.005*[#   2]
          +0.005*[#   9]+0.005*[#  10]+0.005*[#  17]+0.005*[#  18]
    |psi|^2 = 0.977
==== e(  14) =     4.47314 eV ==== 
     psi = 0.062*[#   5]+0.062*[#   8]+0.062*[#  13]+0.062*[#  16]+0.062*[#  21]
          +0.062*[#  24]+0.052*[#   3]+0.052*[#   4]+0.052*[#  11]+0.052*[#  12]
          +0.052*[#  19]+0.052*[#  20]+0.044*[#   6]+0.044*[#   7]+0.044*[#  14]
          +0.044*[#  15]+0.044*[#  22]+0.044*[#  23]+0.004*[#   1]+0.004*[#   2]
          +0.004*[#   9]+0.004*[#  10]+0.004*[#  17]+0.004*[#  18]
    |psi|^2 = 0.977
==== e(  15) =     5.35905 eV ==== 
     psi = 0.064*[#   3]+0.064*[#   4]+0.064*[#  11]+0.064*[#  12]+0.064*[#  19]
          +0.064*[#  20]+0.048*[#   6]+0.048*[#   7]+0.048*[#  14]+0.048*[#  15]
          +0.048*[#  22]+0.048*[#  23]+0.039*[#   5]+0.039*[#   8]+0.039*[#  13]
          +0.039*[#  16]+0.039*[#  21]+0.039*[#  24]+0.013*[#   1]+0.013*[#   2]
          +0.013*[#   9]+0.013*[#  10]+0.013*[#  17]+0.013*[#  18]
    |psi|^2 = 0.981
==== e(  16) =     5.56894 eV ==== 
     psi = 0.084*[#  13]+0.084*[#  16]+0.084*[#  21]+0.084*[#  24]+0.084*[#   5]
          +0.084*[#   8]+0.042*[#   3]+0.042*[#   4]+0.041*[#  11]+0.041*[#  12]
          +0.041*[#  19]+0.041*[#  20]+0.025*[#   6]+0.025*[#   7]+0.025*[#  14]
          +0.025*[#  15]+0.025*[#  22]+0.025*[#  23]+0.013*[#   1]+0.013*[#   2]
          +0.013*[#   9]+0.013*[#  10]+0.013*[#  17]+0.013*[#  18]
    |psi|^2 = 0.980
==== e(  17) =     5.62260 eV ==== 
     psi = 0.083*[#  11]+0.083*[#  12]+0.083*[#  19]+0.083*[#  20]+0.083*[#   3]
          +0.083*[#   4]+0.052*[#  14]+0.052*[#  15]+0.052*[#  22]+0.052*[#  23]
          +0.052*[#   6]+0.052*[#   7]+0.022*[#   5]+0.022*[#   8]+0.022*[#  13]
          +0.022*[#  16]+0.022*[#  21]+0.022*[#  24]+0.007*[#   1]+0.007*[#   2]
          +0.007*[#   9]+0.007*[#  10]+0.007*[#  17]+0.007*[#  18]
    |psi|^2 = 0.986
==== e(  18) =     5.97945 eV ==== 
     psi = 0.110*[#   5]+0.110*[#   8]+0.110*[#  13]+0.110*[#  16]+0.110*[#  21]
          +0.110*[#  24]+0.028*[#   3]+0.028*[#   4]+0.028*[#  11]+0.028*[#  12]
          +0.028*[#  19]+0.028*[#  20]+0.019*[#   6]+0.019*[#   7]+0.019*[#  14]
          +0.019*[#  15]+0.019*[#  22]+0.019*[#  23]+0.007*[#   1]+0.007*[#   2]
          +0.007*[#   9]+0.007*[#  10]+0.007*[#  17]+0.007*[#  18]
    |psi|^2 = 0.986
==== e(  19) =     6.59795 eV ==== 
     psi = 0.052*[#   5]+0.052*[#   8]+0.052*[#  13]+0.052*[#  16]+0.052*[#  21]
          +0.052*[#  24]+0.051*[#   6]+0.051*[#   7]+0.051*[#  14]+0.051*[#  15]
          +0.051*[#  22]+0.051*[#  23]+0.045*[#   3]+0.045*[#   4]+0.045*[#  11]
          +0.045*[#  12]+0.045*[#  19]+0.045*[#  20]+0.014*[#   1]+0.014*[#   2]
          +0.014*[#   9]+0.014*[#  10]+0.014*[#  17]+0.014*[#  18]
    |psi|^2 = 0.969
==== e(  20) =     6.69359 eV ==== 
     psi = 0.084*[#   5]+0.084*[#   8]+0.084*[#  13]+0.084*[#  16]+0.084*[#  21]
          +0.084*[#  24]+0.040*[#   6]+0.040*[#   7]+0.040*[#  14]+0.040*[#  15]
          +0.040*[#  22]+0.040*[#  23]+0.024*[#   3]+0.024*[#   4]+0.024*[#  11]
          +0.024*[#  12]+0.024*[#  19]+0.024*[#  20]+0.013*[#   1]+0.013*[#   2]
          +0.013*[#   9]+0.013*[#  10]+0.013*[#  17]+0.013*[#  18]
    |psi|^2 = 0.968
==== e(  21) =     7.53002 eV ==== 
     psi = 0.087*[#   6]+0.087*[#   7]+0.087*[#  14]+0.087*[#  15]+0.087*[#  22]
          +0.087*[#  23]+0.054*[#   3]+0.054*[#   4]+0.054*[#  11]+0.054*[#  12]
          +0.054*[#  19]+0.054*[#  20]+0.014*[#   5]+0.014*[#   8]+0.014*[#  13]
          +0.014*[#  16]+0.014*[#  21]+0.014*[#  24]+0.004*[#   1]+0.004*[#   2]
          +0.004*[#   9]+0.004*[#  10]+0.004*[#  17]+0.004*[#  18]
    |psi|^2 = 0.957
==== e(  22) =     7.69827 eV ==== 
     psi = 0.068*[#  14]+0.068*[#  15]+0.068*[#  22]+0.068*[#  23]+0.068*[#   6]
          +0.068*[#   7]+0.065*[#   5]+0.065*[#   8]+0.065*[#  13]+0.065*[#  16]
          +0.065*[#  21]+0.065*[#  24]+0.022*[#  11]+0.022*[#  12]+0.022*[#  19]
          +0.022*[#  20]+0.022*[#   3]+0.022*[#   4]+0.004*[#   1]+0.004*[#   2]
          +0.004*[#   9]+0.004*[#  10]+0.004*[#  17]+0.004*[#  18]
    |psi|^2 = 0.951
==== e(  23) =     7.78595 eV ==== 
     psi = 0.076*[#   6]+0.076*[#   7]+0.076*[#  14]+0.076*[#  15]+0.076*[#  22]
          +0.076*[#  23]+0.045*[#   3]+0.045*[#   4]+0.044*[#  11]+0.044*[#  12]
          +0.044*[#  19]+0.044*[#  20]+0.039*[#  13]+0.039*[#  16]+0.039*[#  21]
          +0.039*[#  24]+0.039*[#   5]+0.039*[#   8]
    |psi|^2 = 0.959
==== e(  24) =     7.82987 eV ==== 
     psi = 0.072*[#   6]+0.072*[#   7]+0.072*[#  14]+0.072*[#  15]+0.072*[#  22]
          +0.072*[#  23]+0.053*[#   5]+0.053*[#   8]+0.052*[#  13]+0.052*[#  16]
          +0.052*[#  21]+0.052*[#  24]+0.034*[#   3]+0.034*[#   4]+0.034*[#  11]
          +0.034*[#  12]+0.034*[#  19]+0.034*[#  20]+0.001*[#   1]+0.001*[#   2]
          +0.001*[#   9]+0.001*[#  10]+0.001*[#  17]+0.001*[#  18]
    |psi|^2 = 0.954
==== e(  25) =    11.79101 eV ==== 
     psi = 0.001*[#   6]+0.001*[#   7]+0.001*[#  14]+0.001*[#  15]+0.001*[#  22]
          +0.001*[#  23]
    |psi|^2 = 0.012
==== e(  26) =    11.81102 eV ==== 
     psi = 0.001*[#   6]+0.001*[#   7]+0.001*[#  14]+0.001*[#  15]+0.001*[#  22]
          +0.001*[#  23]
    |psi|^2 = 0.014
==== e(  27) =    12.00297 eV ==== 

    |psi|^2 = 0.009
==== e(  28) =    12.04816 eV ==== 

    |psi|^2 = 0.010

 k =   0.2500000000  0.4329713603  0.3758812616
==== e(   1) =    -6.08549 eV ==== 
     psi = 0.227*[#   1]+0.227*[#   2]+0.113*[#   9]+0.113*[#  10]+0.113*[#  17]
          +0.113*[#  18]+0.007*[#  11]+0.007*[#  12]+0.007*[#  19]+0.007*[#  20]
          +0.005*[#   6]+0.005*[#   7]+0.005*[#   3]+0.005*[#   4]+0.005*[#   5]
          +0.005*[#   8]+0.004*[#  14]+0.004*[#  15]+0.004*[#  22]+0.004*[#  23]
          +0.003*[#  13]+0.003*[#  16]+0.003*[#  21]+0.003*[#  24]
    |psi|^2 = 0.998
==== e(   2) =    -6.08160 eV ==== 
     psi = 0.227*[#   1]+0.227*[#   2]+0.113*[#   9]+0.113*[#  10]+0.113*[#  17]
          +0.113*[#  18]+0.009*[#  14]+0.009*[#  15]+0.009*[#  22]+0.009*[#  23]
          +0.005*[#   3]+0.005*[#   4]+0.005*[#   6]+0.005*[#   7]+0.005*[#   5]
          +0.005*[#   8]+0.003*[#  13]+0.003*[#  16]+0.003*[#  21]+0.003*[#  24]
          +0.003*[#  11]+0.003*[#  12]+0.003*[#  19]+0.003*[#  20]
    |psi|^2 = 0.998
==== e(   3) =    -5.93749 eV ==== 
     psi = 0.187*[#   9]+0.187*[#  10]+0.187*[#  17]+0.187*[#  18]+0.067*[#   1]
          +0.067*[#   2]+0.010*[#   3]+0.010*[#   4]+0.007*[#  11]+0.007*[#  12]
          +0.007*[#  19]+0.007*[#  20]+0.007*[#  13]+0.007*[#  16]+0.007*[#  21]
          +0.007*[#  24]+0.006*[#   6]+0.006*[#   7]+0.005*[#   5]+0.005*[#   8]
          +0.005*[#  14]+0.005*[#  15]+0.005*[#  22]+0.005*[#  23]
    |psi|^2 = 0.998
==== e(   4) =    -5.93286 eV ==== 
     psi = 0.187*[#   9]+0.187*[#  10]+0.187*[#  17]+0.187*[#  18]+0.067*[#   1]
          +0.067*[#   2]+0.012*[#   6]+0.012*[#   7]+0.007*[#  14]+0.007*[#  15]
          +0.007*[#  22]+0.007*[#  23]+0.007*[#  13]+0.007*[#  16]+0.007*[#  21]
          +0.007*[#  24]+0.005*[#   5]+0.005*[#   8]+0.005*[#  11]+0.005*[#  12]
          +0.005*[#  19]+0.005*[#  20]+0.004*[#   3]+0.004*[#   4]
    |psi|^2 = 0.998
==== e(   5) =    -3.78091 eV ==== 
     psi = 0.149*[#   1]+0.149*[#   2]+0.145*[#   9]+0.145*[#  10]+0.145*[#  17]
          +0.145*[#  18]+0.011*[#  13]+0.011*[#  16]+0.011*[#  21]+0.011*[#  24]
          +0.008*[#  11]+0.008*[#  12]+0.008*[#  19]+0.008*[#  20]+0.007*[#   5]
          +0.007*[#   8]+0.006*[#   3]+0.006*[#   4]+0.004*[#  14]+0.004*[#  15]
          +0.004*[#  22]+0.004*[#  23]+0.003*[#   6]+0.003*[#   7]
    |psi|^2 = 0.999
==== e(   6) =    -3.77904 eV ==== 
     psi = 0.149*[#   1]+0.149*[#   2]+0.145*[#   9]+0.145*[#  10]+0.145*[#  17]
          +0.145*[#  18]+0.011*[#  13]+0.011*[#  16]+0.011*[#  21]+0.011*[#  24]
          +0.007*[#   5]+0.007*[#   8]+0.007*[#  11]+0.007*[#  12]+0.007*[#  19]
          +0.007*[#  20]+0.005*[#   3]+0.005*[#   4]+0.004*[#  14]+0.004*[#  15]
          +0.004*[#  22]+0.004*[#  23]+0.004*[#   6]+0.004*[#   7]
    |psi|^2 = 0.999
==== e(   7) =     0.72304 eV ==== 
     psi = 0.076*[#   3]+0.076*[#   4]+0.070*[#  11]+0.070*[#  12]+0.070*[#  19]
          +0.070*[#  20]+0.062*[#   5]+0.062*[#   8]+0.058*[#  14]+0.058*[#  15]
          +0.058*[#  22]+0.058*[#  23]+0.038*[#  13]+0.038*[#  16]+0.038*[#  21]
          +0.038*[#  24]+0.022*[#   6]+0.022*[#   7]+0.002*[#   1]+0.002*[#   2]
          +0.001*[#   9]+0.001*[#  10]+0.001*[#  17]+0.001*[#  18]
    |psi|^2 = 0.994
==== e(   8) =     0.78381 eV ==== 
     psi = 0.068*[#  14]+0.068*[#  15]+0.068*[#  22]+0.068*[#  23]+0.060*[#   5]
          +0.060*[#   8]+0.060*[#  11]+0.060*[#  12]+0.060*[#  19]+0.060*[#  20]
          +0.051*[#   3]+0.051*[#   4]+0.046*[#   6]+0.046*[#   7]+0.040*[#  13]
          +0.040*[#  16]+0.040*[#  21]+0.040*[#  24]+0.003*[#   1]+0.003*[#   2]
          +0.001*[#   9]+0.001*[#  10]+0.001*[#  17]+0.001*[#  18]
    |psi|^2 = 0.994
==== e(   9) =     1.20352 eV ==== 
     psi = 0.070*[#  11]+0.070*[#  12]+0.070*[#  19]+0.070*[#  20]+0.067*[#   3]
          +0.067*[#   4]+0.049*[#  13]+0.049*[#  16]+0.049*[#  21]+0.049*[#  24]
          +0.048*[#   6]+0.048*[#   7]+0.041*[#   5]+0.041*[#   8]+0.039*[#  14]
          +0.039*[#  15]+0.039*[#  22]+0.039*[#  23]+0.009*[#   1]+0.009*[#   2]
          +0.009*[#   9]+0.009*[#  10]+0.009*[#  17]+0.009*[#  18]
    |psi|^2 = 0.995
==== e(  10) =     1.23742 eV ==== 
     psi = 0.066*[#   6]+0.066*[#   7]+0.062*[#  11]+0.062*[#  12]+0.062*[#  19]
          +0.062*[#  20]+0.052*[#  13]+0.052*[#  16]+0.052*[#  21]+0.052*[#  24]
          +0.046*[#   3]+0.046*[#   4]+0.045*[#  14]+0.045*[#  15]+0.045*[#  22]
          +0.045*[#  23]+0.042*[#   5]+0.042*[#   8]+0.009*[#   1]+0.009*[#   2]
          +0.009*[#   9]+0.009*[#  10]+0.009*[#  17]+0.009*[#  18]
    |psi|^2 = 0.995
==== e(  11) =     1.49023 eV ==== 
     psi = 0.094*[#   3]+0.094*[#   4]+0.062*[#  11]+0.062*[#  12]+0.062*[#  19]
          +0.062*[#  20]+0.051*[#  13]+0.051*[#  16]+0.051*[#  21]+0.051*[#  24]
          +0.045*[#   5]+0.045*[#   8]+0.042*[#   6]+0.042*[#   7]+0.040*[#  14]
          +0.040*[#  15]+0.040*[#  22]+0.040*[#  23]+0.006*[#   1]+0.006*[#   2]
          +0.003*[#   9]+0.003*[#  10]+0.003*[#  17]+0.003*[#  18]
    |psi|^2 = 0.995
==== e(  12) =     1.55483 eV ==== 
     psi = 0.073*[#   6]+0.073*[#   7]+0.057*[#  11]+0.057*[#  12]+0.057*[#  13]
          +0.057*[#  16]+0.057*[#  19]+0.057*[#  20]+0.057*[#  21]+0.057*[#  24]
          +0.056*[#   3]+0.056*[#   4]+0.043*[#  14]+0.043*[#  15]+0.043*[#  22]
          +0.043*[#  23]+0.042*[#   5]+0.042*[#   8]+0.007*[#   1]+0.007*[#   2]
          +0.004*[#   9]+0.004*[#  10]+0.004*[#  17]+0.004*[#  18]
    |psi|^2 = 0.995
==== e(  13) =     4.41036 eV ==== 
     psi = 0.092*[#  11]+0.092*[#  12]+0.092*[#  19]+0.092*[#  20]+0.084*[#   3]
          +0.084*[#   4]+0.071*[#   6]+0.071*[#   7]+0.036*[#  14]+0.036*[#  15]
          +0.036*[#  22]+0.036*[#  23]+0.026*[#   5]+0.026*[#   8]+0.022*[#  13]
          +0.022*[#  16]+0.022*[#  21]+0.022*[#  24]+0.003*[#   1]+0.003*[#   2]
          +0.003*[#   9]+0.003*[#  10]+0.003*[#  17]+0.003*[#  18]
    |psi|^2 = 0.982
==== e(  14) =     4.51585 eV ==== 
     psi = 0.101*[#   3]+0.101*[#   4]+0.069*[#  14]+0.069*[#  15]+0.069*[#  22]
          +0.069*[#  23]+0.051*[#  11]+0.051*[#  12]+0.051*[#  19]+0.051*[#  20]
          +0.050*[#   6]+0.050*[#   7]+0.036*[#  13]+0.036*[#  16]+0.036*[#  21]
          +0.036*[#  24]+0.024*[#   5]+0.024*[#   8]+0.002*[#   9]+0.002*[#  10]
          +0.002*[#  17]+0.002*[#  18]+0.001*[#   1]+0.001*[#   2]
    |psi|^2 = 0.983
==== e(  15) =     5.10670 eV ==== 
     psi = 0.081*[#   5]+0.081*[#   8]+0.059*[#  13]+0.059*[#  16]+0.059*[#  21]
          +0.059*[#  24]+0.059*[#   6]+0.059*[#   7]+0.044*[#  14]+0.044*[#  15]
          +0.044*[#  22]+0.044*[#  23]+0.040*[#  11]+0.040*[#  12]+0.040*[#  19]
          +0.040*[#  20]+0.021*[#   3]+0.021*[#   4]+0.015*[#   9]+0.015*[#  10]
          +0.015*[#  17]+0.015*[#  18]+0.014*[#   1]+0.014*[#   2]
    |psi|^2 = 0.980
==== e(  16) =     5.13816 eV ==== 
     psi = 0.084*[#  13]+0.084*[#  16]+0.084*[#  21]+0.084*[#  24]+0.077*[#   5]
          +0.077*[#   8]+0.061*[#   6]+0.061*[#   7]+0.042*[#  14]+0.042*[#  15]
          +0.042*[#  22]+0.042*[#  23]+0.029*[#   3]+0.029*[#   4]+0.015*[#   9]
          +0.015*[#  10]+0.015*[#  17]+0.015*[#  18]+0.015*[#  11]+0.015*[#  12]
          +0.015*[#  19]+0.015*[#  20]+0.012*[#   1]+0.012*[#   2]
    |psi|^2 = 0.981
==== e(  17) =     5.53262 eV ==== 
     psi = 0.077*[#  13]+0.077*[#  16]+0.077*[#  21]+0.077*[#  24]+0.076*[#  11]
          +0.076*[#  12]+0.076*[#  19]+0.076*[#  20]+0.051*[#   5]+0.051*[#   8]
          +0.037*[#   6]+0.037*[#   7]+0.031*[#  14]+0.031*[#  15]+0.031*[#  22]
          +0.031*[#  23]+0.013*[#   1]+0.013*[#   2]+0.009*[#   3]+0.009*[#   4]
          +0.007*[#   9]+0.007*[#  10]+0.007*[#  17]+0.007*[#  18]
    |psi|^2 = 0.981
==== e(  18) =     5.62369 eV ==== 
     psi = 0.071*[#  14]+0.071*[#  15]+0.071*[#  22]+0.071*[#  23]+0.067*[#   5]
          +0.067*[#   8]+0.066*[#  13]+0.066*[#  16]+0.066*[#  21]+0.066*[#  24]
          +0.050*[#  11]+0.050*[#  12]+0.050*[#  19]+0.050*[#  20]+0.026*[#   3]
          +0.026*[#   4]+0.011*[#   1]+0.011*[#   2]+0.006*[#   9]+0.006*[#  10]
          +0.006*[#  17]+0.006*[#  18]+0.003*[#   6]+0.003*[#   7]
    |psi|^2 = 0.982
==== e(  19) =     6.70740 eV ==== 
     psi = 0.094*[#   3]+0.094*[#   4]+0.090*[#   5]+0.090*[#   8]+0.060*[#  13]
          +0.060*[#  16]+0.060*[#  21]+0.060*[#  24]+0.050*[#  11]+0.050*[#  12]
          +0.050*[#  19]+0.050*[#  20]+0.024*[#   6]+0.024*[#   7]+0.014*[#   9]
          +0.014*[#  10]+0.014*[#  17]+0.014*[#  18]+0.012*[#  14]+0.012*[#  15]
          +0.012*[#  22]+0.012*[#  23]+0.009*[#   1]+0.009*[#   2]
    |psi|^2 = 0.975
==== e(  20) =     6.80927 eV ==== 
     psi = 0.087*[#   5]+0.087*[#   8]+0.076*[#   3]+0.076*[#   4]+0.067*[#  13]
          +0.067*[#  16]+0.067*[#  21]+0.067*[#  24]+0.042*[#  11]+0.042*[#  12]
          +0.042*[#  19]+0.042*[#  20]+0.034*[#   6]+0.034*[#   7]+0.020*[#  14]
          +0.020*[#  15]+0.020*[#  22]+0.020*[#  23]+0.012*[#   9]+0.012*[#  10]
          +0.012*[#  17]+0.012*[#  18]+0.009*[#   1]+0.009*[#   2]
    |psi|^2 = 0.976
==== e(  21) =     7.73414 eV ==== 
     psi = 0.088*[#   6]+0.088*[#   7]+0.084*[#  14]+0.084*[#  15]+0.084*[#  22]
          +0.084*[#  23]+0.056*[#  11]+0.056*[#  12]+0.056*[#  19]+0.056*[#  20]
          +0.038*[#   3]+0.038*[#   4]+0.020*[#  13]+0.020*[#  16]+0.020*[#  21]
          +0.020*[#  24]+0.018*[#   5]+0.018*[#   8]+0.003*[#   9]+0.003*[#  10]
          +0.003*[#  17]+0.003*[#  18]+0.002*[#   1]+0.002*[#   2]
    |psi|^2 = 0.944
==== e(  22) =     7.74947 eV ==== 
     psi = 0.092*[#  14]+0.092*[#  15]+0.092*[#  22]+0.092*[#  23]+0.061*[#   6]
          +0.061*[#   7]+0.050*[#  11]+0.050*[#  12]+0.050*[#  19]+0.050*[#  20]
          +0.039*[#   3]+0.039*[#   4]+0.036*[#   5]+0.036*[#   8]+0.025*[#  13]
          +0.025*[#  16]+0.025*[#  21]+0.025*[#  24]+0.001*[#   9]+0.001*[#  10]
          +0.001*[#  17]+0.001*[#  18]
    |psi|^2 = 0.946
==== e(  23) =     7.90541 eV ==== 
     psi = 0.072*[#  14]+0.072*[#  15]+0.072*[#  22]+0.072*[#  23]+0.068*[#   6]
          +0.068*[#   7]+0.066*[#  13]+0.066*[#  16]+0.066*[#  21]+0.066*[#  24]
          +0.053*[#   5]+0.053*[#   8]+0.023*[#   3]+0.023*[#   4]+0.022*[#  11]
          +0.022*[#  12]+0.022*[#  19]+0.022*[#  20]+0.003*[#   9]+0.003*[#  10]
          +0.003*[#  17]+0.003*[#  18]+0.002*[#   1]+0.002*[#   2]
    |psi|^2 = 0.944
==== e(  24) =     7.93353 eV ==== 
     psi = 0.087*[#   6]+0.087*[#   7]+0.070*[#  14]+0.070*[#  15]+0.070*[#  22]
          +0.070*[#  23]+0.070*[#  13]+0.070*[#  16]+0.070*[#  21]+0.070*[#  24]
          +0.043*[#   5]+0.043*[#   8]+0.019*[#  11]+0.019*[#  12]+0.019*[#  19]
          +0.019*[#  20]+0.017*[#   3]+0.017*[#   4]+0.002*[#   1]+0.002*[#   2]
          +0.001*[#   9]+0.001*[#  10]+0.001*[#  17]+0.001*[#  18]
    |psi|^2 = 0.941
==== e(  25) =    11.05689 eV ==== 

    |psi|^2 = 0.010
==== e(  26) =    11.08066 eV ==== 
     psi = 0.001*[#  14]+0.001*[#  15]+0.001*[#  22]+0.001*[#  23]
    |psi|^2 = 0.011
==== e(  27) =    12.00093 eV ==== 

    |psi|^2 = 0.011
==== e(  28) =    12.00579 eV ==== 

    |psi|^2 = 0.011

 k =   0.1500000000  0.2597828162  0.3758812616
==== e(   1) =    -6.46024 eV ==== 
     psi = 0.219*[#   1]+0.219*[#   2]+0.109*[#   9]+0.109*[#  10]+0.109*[#  17]
          +0.109*[#  18]+0.012*[#  14]+0.012*[#  15]+0.012*[#  22]+0.012*[#  23]
          +0.009*[#  11]+0.009*[#  12]+0.009*[#  19]+0.009*[#  20]+0.007*[#   6]
          +0.007*[#   7]+0.005*[#   3]+0.005*[#   4]+0.004*[#   5]+0.004*[#   8]
          +0.002*[#  13]+0.002*[#  16]+0.002*[#  21]+0.002*[#  24]
    |psi|^2 = 0.998
==== e(   2) =    -6.45746 eV ==== 
     psi = 0.219*[#   1]+0.219*[#   2]+0.109*[#   9]+0.109*[#  10]+0.109*[#  17]
          +0.109*[#  18]+0.015*[#  14]+0.015*[#  15]+0.015*[#  22]+0.015*[#  23]
          +0.007*[#   6]+0.007*[#   7]+0.006*[#  11]+0.006*[#  12]+0.006*[#  19]
          +0.006*[#  20]+0.005*[#   3]+0.005*[#   4]+0.004*[#   5]+0.004*[#   8]
          +0.002*[#  13]+0.002*[#  16]+0.002*[#  21]+0.002*[#  24]
    |psi|^2 = 0.998
==== e(   3) =    -6.37945 eV ==== 
     psi = 0.180*[#   9]+0.180*[#  10]+0.180*[#  17]+0.180*[#  18]+0.068*[#   1]
          +0.068*[#   2]+0.015*[#   6]+0.015*[#   7]+0.011*[#   3]+0.011*[#   4]
          +0.009*[#  14]+0.009*[#  15]+0.009*[#  22]+0.009*[#  23]+0.007*[#  11]
          +0.007*[#  12]+0.007*[#  19]+0.007*[#  20]+0.005*[#  13]+0.005*[#  16]
          +0.005*[#  21]+0.005*[#  24]+0.003*[#   5]+0.003*[#   8]
    |psi|^2 = 0.998
==== e(   4) =    -6.37675 eV ==== 
     psi = 0.180*[#   9]+0.180*[#  10]+0.180*[#  17]+0.180*[#  18]+0.068*[#   1]
          +0.068*[#   2]+0.019*[#   6]+0.019*[#   7]+0.010*[#  14]+0.010*[#  15]
          +0.010*[#  22]+0.010*[#  23]+0.007*[#   3]+0.007*[#   4]+0.006*[#  11]
          +0.006*[#  12]+0.006*[#  19]+0.006*[#  20]+0.005*[#  13]+0.005*[#  16]
          +0.005*[#  21]+0.005*[#  24]+0.003*[#   5]+0.003*[#   8]
    |psi|^2 = 0.998
==== e(   5) =    -2.99871 eV ==== 
     psi = 0.152*[#   9]+0.152*[#  10]+0.152*[#  17]+0.152*[#  18]+0.151*[#   1]
          +0.151*[#   2]+0.008*[#  13]+0.008*[#  16]+0.008*[#  21]+0.008*[#  24]
          +0.006*[#  11]+0.006*[#  12]+0.006*[#  19]+0.006*[#  20]+0.005*[#   5]
          +0.005*[#   8]+0.004*[#   3]+0.004*[#   4]+0.003*[#  14]+0.003*[#  15]
          +0.003*[#  22]+0.003*[#  23]+0.002*[#   6]+0.002*[#   7]
    |psi|^2 = 0.999
==== e(   6) =    -2.99737 eV ==== 
     psi = 0.152*[#   9]+0.152*[#  10]+0.152*[#  17]+0.152*[#  18]+0.151*[#   1]
          +0.151*[#   2]+0.008*[#  13]+0.008*[#  16]+0.008*[#  21]+0.008*[#  24]
          +0.006*[#  11]+0.006*[#  12]+0.006*[#  19]+0.006*[#  20]+0.005*[#   5]
          +0.005*[#   8]+0.004*[#   3]+0.004*[#   4]+0.003*[#  14]+0.003*[#  15]
          +0.003*[#  22]+0.003*[#  23]+0.002*[#   6]+0.002*[#   7]
    |psi|^2 = 0.999
==== e(   7) =     1.35774 eV ==== 
     psi = 0.088*[#   3]+0.088*[#   4]+0.079*[#  11]+0.079*[#  12]+0.079*[#  19]
          +0.079*[#  20]+0.057*[#  14]+0.057*[#  15]+0.057*[#  22]+0.057*[#  23]
          +0.046*[#   5]+0.046*[#   8]+0.029*[#  13]+0.029*[#  16]+0.029*[#  21]
          +0.029*[#  24]+0.024*[#   6]+0.024*[#   7]+0.003*[#   1]+0.003*[#   2]
          +0.002*[#   9]+0.002*[#  10]+0.002*[#  17]+0.002*[#  18]
    |psi|^2 = 0.993
==== e(   8) =     1.45990 eV ==== 
     psi = 0.072*[#  14]+0.072*[#  15]+0.072*[#  22]+0.072*[#  23]+0.068*[#  11]
          +0.068*[#  12]+0.068*[#  19]+0.068*[#  20]+0.062*[#   6]+0.062*[#   7]
          +0.045*[#   5]+0.045*[#   8]+0.044*[#   3]+0.044*[#   4]+0.029*[#  13]
          +0.029*[#  16]+0.029*[#  21]+0.029*[#  24]+0.004*[#   1]+0.004*[#   2]
          +0.002*[#   9]+0.002*[#  10]+0.002*[#  17]+0.002*[#  18]
    |psi|^2 = 0.993
==== e(   9) =     2.20984 eV ==== 
     psi = 0.112*[#   3]+0.112*[#   4]+0.089*[#  11]+0.089*[#  12]+0.089*[#  19]
          +0.089*[#  20]+0.037*[#  14]+0.037*[#  15]+0.037*[#  22]+0.037*[#  23]
          +0.030*[#   6]+0.030*[#   7]+0.029*[#   5]+0.029*[#   8]+0.022*[#  13]
          +0.022*[#  16]+0.022*[#  21]+0.022*[#  24]+0.012*[#   1]+0.012*[#   2]
          +0.007*[#   9]+0.007*[#  10]+0.007*[#  17]+0.007*[#  18]
    |psi|^2 = 0.991
==== e(  10) =     2.27750 eV ==== 
     psi = 0.078*[#  11]+0.078*[#  12]+0.078*[#  19]+0.078*[#  20]+0.057*[#   3]
          +0.057*[#   4]+0.047*[#  13]+0.047*[#  16]+0.047*[#  21]+0.047*[#  24]
          +0.039*[#  14]+0.039*[#  15]+0.039*[#  22]+0.039*[#  23]+0.039*[#   6]
          +0.039*[#   7]+0.029*[#   5]+0.029*[#   8]+0.015*[#   1]+0.015*[#   2]
          +0.013*[#   9]+0.013*[#  10]+0.013*[#  17]+0.013*[#  18]
    |psi|^2 = 0.989
==== e(  11) =     2.37078 eV ==== 
     psi = 0.073*[#  13]+0.073*[#  16]+0.073*[#  21]+0.073*[#  24]+0.062*[#   3]
          +0.062*[#   4]+0.048*[#   5]+0.048*[#   8]+0.047*[#  11]+0.047*[#  12]
          +0.047*[#  19]+0.047*[#  20]+0.044*[#   6]+0.044*[#   7]+0.032*[#  14]
          +0.032*[#  15]+0.032*[#  22]+0.032*[#  23]+0.012*[#   1]+0.012*[#   2]
          +0.012*[#   9]+0.012*[#  10]+0.012*[#  17]+0.012*[#  18]
    |psi|^2 = 0.989
==== e(  12) =     2.43533 eV ==== 
     psi = 0.078*[#   6]+0.078*[#   7]+0.061*[#   3]+0.061*[#   4]+0.055*[#  11]
          +0.055*[#  12]+0.055*[#  19]+0.055*[#  20]+0.049*[#  13]+0.049*[#  16]
          +0.049*[#  21]+0.049*[#  24]+0.043*[#   5]+0.043*[#   8]+0.040*[#  14]
          +0.040*[#  15]+0.040*[#  22]+0.040*[#  23]+0.012*[#   1]+0.012*[#   2]
          +0.007*[#   9]+0.007*[#  10]+0.007*[#  17]+0.007*[#  18]
    |psi|^2 = 0.990
==== e(  13) =     3.81471 eV ==== 
     psi = 0.096*[#   3]+0.096*[#   4]+0.074*[#  11]+0.074*[#  12]+0.074*[#  19]
          +0.074*[#  20]+0.070*[#   6]+0.070*[#   7]+0.042*[#  14]+0.042*[#  15]
          +0.042*[#  22]+0.042*[#  23]+0.039*[#   5]+0.039*[#   8]+0.024*[#  13]
          +0.024*[#  16]+0.024*[#  21]+0.024*[#  24]+0.004*[#   9]+0.004*[#  10]
          +0.004*[#  17]+0.004*[#  18]+0.002*[#   1]+0.002*[#   2]
    |psi|^2 = 0.990
==== e(  14) =     3.98664 eV ==== 
     psi = 0.088*[#   6]+0.088*[#   7]+0.074*[#   3]+0.074*[#   4]+0.072*[#  14]
          +0.072*[#  15]+0.072*[#  22]+0.072*[#  23]+0.040*[#  11]+0.040*[#  12]
          +0.040*[#  19]+0.040*[#  20]+0.032*[#   5]+0.032*[#   8]+0.031*[#  13]
          +0.031*[#  16]+0.031*[#  21]+0.031*[#  24]+0.005*[#   9]+0.005*[#  10]
          +0.005*[#  17]+0.005*[#  18]+0.005*[#   1]+0.005*[#   2]
    |psi|^2 = 0.991
==== e(  15) =     4.35258 eV ==== 
     psi = 0.126*[#   5]+0.126*[#   8]+0.086*[#  13]+0.086*[#  16]+0.086*[#  21]
          +0.086*[#  24]+0.041*[#   6]+0.041*[#   7]+0.038*[#  14]+0.038*[#  15]
          +0.038*[#  22]+0.038*[#  23]+0.020*[#   3]+0.020*[#   4]+0.016*[#  11]
          +0.016*[#  12]+0.016*[#  19]+0.016*[#  20]+0.011*[#   9]+0.011*[#  10]
          +0.011*[#  17]+0.011*[#  18]+0.005*[#   1]+0.005*[#   2]
    |psi|^2 = 0.984
==== e(  16) =     4.38486 eV ==== 
     psi = 0.123*[#   5]+0.123*[#   8]+0.092*[#  13]+0.092*[#  16]+0.092*[#  21]
          +0.092*[#  24]+0.053*[#   6]+0.053*[#   7]+0.037*[#  14]+0.037*[#  15]
          +0.037*[#  22]+0.037*[#  23]+0.014*[#   3]+0.014*[#   4]+0.011*[#   9]
          +0.011*[#  10]+0.011*[#  17]+0.011*[#  18]+0.008*[#  11]+0.008*[#  12]
          +0.008*[#  19]+0.008*[#  20]+0.006*[#   1]+0.006*[#   2]
    |psi|^2 = 0.985
==== e(  17) =     5.07612 eV ==== 
     psi = 0.084*[#  11]+0.084*[#  12]+0.084*[#  19]+0.084*[#  20]+0.082*[#  13]
          +0.082*[#  16]+0.082*[#  21]+0.082*[#  24]+0.042*[#  14]+0.042*[#  15]
          +0.042*[#  22]+0.042*[#  23]+0.026*[#   5]+0.026*[#   8]+0.017*[#   6]
          +0.017*[#   7]+0.011*[#   3]+0.011*[#   4]+0.010*[#   1]+0.010*[#   2]
          +0.005*[#   9]+0.005*[#  10]+0.005*[#  17]+0.005*[#  18]
    |psi|^2 = 0.982
==== e(  18) =     5.16204 eV ==== 
     psi = 0.083*[#  13]+0.083*[#  16]+0.083*[#  21]+0.083*[#  24]+0.065*[#  14]
          +0.065*[#  15]+0.065*[#  22]+0.065*[#  23]+0.059*[#  11]+0.059*[#  12]
          +0.059*[#  19]+0.059*[#  20]+0.033*[#   5]+0.033*[#   8]+0.019*[#   3]
          +0.019*[#   4]+0.009*[#   1]+0.009*[#   2]+0.006*[#   6]+0.006*[#   7]
          +0.005*[#   9]+0.005*[#  10]+0.005*[#  17]+0.005*[#  18]
    |psi|^2 = 0.981
==== e(  19) =     6.69473 eV ==== 
     psi = 0.092*[#   3]+0.092*[#   4]+0.079*[#   5]+0.079*[#   8]+0.050*[#   6]
          +0.050*[#   7]+0.047*[#  11]+0.047*[#  12]+0.047*[#  19]+0.047*[#  20]
          +0.043*[#  13]+0.043*[#  16]+0.043*[#  21]+0.043*[#  24]+0.025*[#  14]
          +0.025*[#  15]+0.025*[#  22]+0.025*[#  23]+0.011*[#   9]+0.011*[#  10]
          +0.011*[#  17]+0.011*[#  18]+0.007*[#   1]+0.007*[#   2]
    |psi|^2 = 0.961
==== e(  20) =     6.77063 eV ==== 
     psi = 0.078*[#   3]+0.078*[#   4]+0.076*[#   5]+0.076*[#   8]+0.060*[#   6]
          +0.060*[#   7]+0.047*[#  13]+0.047*[#  16]+0.047*[#  21]+0.047*[#  24]
          +0.040*[#  11]+0.040*[#  12]+0.040*[#  19]+0.040*[#  20]+0.033*[#  14]
          +0.033*[#  15]+0.033*[#  22]+0.033*[#  23]+0.009*[#   9]+0.009*[#  10]
          +0.009*[#  17]+0.009*[#  18]+0.007*[#   1]+0.007*[#   2]
    |psi|^2 = 0.961
==== e(  21) =     8.06515 eV ==== 
     psi = 0.089*[#   6]+0.089*[#   7]+0.058*[#  13]+0.058*[#  16]+0.058*[#  21]
          +0.058*[#  24]+0.053*[#  14]+0.053*[#  15]+0.053*[#  22]+0.053*[#  23]
          +0.045*[#  11]+0.045*[#  12]+0.045*[#  19]+0.045*[#  20]+0.030*[#   3]
          +0.030*[#   4]+0.029*[#   5]+0.029*[#   8]+0.003*[#   9]+0.003*[#  10]
          +0.003*[#  17]+0.003*[#  18]
    |psi|^2 = 0.932
==== e(  22) =     8.08238 eV ==== 
     psi = 0.089*[#   6]+0.089*[#   7]+0.056*[#  14]+0.056*[#  15]+0.056*[#  22]
          +0.056*[#  23]+0.053*[#  13]+0.053*[#  16]+0.053*[#  21]+0.053*[#  24]
          +0.050*[#  11]+0.050*[#  12]+0.050*[#  19]+0.050*[#  20]+0.034*[#   5]
          +0.034*[#   8]+0.022*[#   3]+0.022*[#   4]+0.002*[#   9]+0.002*[#  10]
          +0.002*[#  17]+0.002*[#  18]
    |psi|^2 = 0.933
==== e(  23) =     8.28746 eV ==== 
     psi = 0.087*[#  14]+0.087*[#  15]+0.087*[#  22]+0.087*[#  23]+0.057*[#   5]
          +0.057*[#   8]+0.052*[#  13]+0.052*[#  16]+0.052*[#  21]+0.052*[#  24]
          +0.040*[#   6]+0.040*[#   7]+0.034*[#   3]+0.034*[#   4]+0.026*[#  11]
          +0.026*[#  12]+0.026*[#  19]+0.026*[#  20]+0.004*[#   1]+0.004*[#   2]
          +0.002*[#   9]+0.002*[#  10]+0.002*[#  17]+0.002*[#  18]
    |psi|^2 = 0.938
==== e(  24) =     8.30922 eV ==== 
     psi = 0.092*[#  14]+0.092*[#  15]+0.092*[#  22]+0.092*[#  23]+0.058*[#   5]
          +0.058*[#   8]+0.042*[#  13]+0.042*[#  16]+0.042*[#  21]+0.042*[#  24]
          +0.041*[#   6]+0.041*[#   7]+0.033*[#  11]+0.033*[#  12]+0.033*[#  19]
          +0.033*[#  20]+0.032*[#   3]+0.032*[#   4]+0.005*[#   1]+0.005*[#   2]
          +0.003*[#   9]+0.003*[#  10]+0.003*[#  17]+0.003*[#  18]
    |psi|^2 = 0.948
==== e(  25) =    10.63295 eV ==== 
     psi = 0.002*[#  11]+0.002*[#  12]+0.002*[#  13]+0.002*[#  16]+0.002*[#  19]
          +0.002*[#  20]+0.002*[#  21]+0.002*[#  24]+0.002*[#   5]+0.002*[#   8]
          
    |psi|^2 = 0.028
==== e(  26) =    10.67328 eV ==== 
     psi = 0.003*[#  14]+0.003*[#  15]+0.003*[#  22]+0.003*[#  23]+0.003*[#  13]
          +0.003*[#  16]+0.003*[#  21]+0.003*[#  24]+0.002*[#   5]+0.002*[#   8]
          +0.001*[#   3]+0.001*[#   4]
    |psi|^2 = 0.035
==== e(  27) =    11.08057 eV ==== 
     psi = 0.003*[#  13]+0.003*[#  16]+0.003*[#  21]+0.003*[#  24]+0.002*[#   6]
          +0.002*[#   7]+0.002*[#  14]+0.002*[#  15]+0.002*[#  22]+0.002*[#  23]
          +0.002*[#  11]+0.002*[#  12]+0.002*[#  19]+0.002*[#  20]+0.001*[#   5]
          +0.001*[#   8]
    |psi|^2 = 0.034
==== e(  28) =    11.08441 eV ==== 
     psi = 0.003*[#  13]+0.003*[#  16]+0.003*[#  21]+0.003*[#  24]+0.002*[#  11]
          +0.002*[#  12]+0.002*[#  19]+0.002*[#  20]+0.002*[#  14]+0.002*[#  15]
          +0.002*[#  22]+0.002*[#  23]+0.001*[#   3]+0.001*[#   4]+0.001*[#   6]
          +0.001*[#   7]+0.001*[#   5]+0.001*[#   8]
    |psi|^2 = 0.033

 k =   0.0500000000  0.0865942721  0.3758812616
==== e(   1) =    -6.72945 eV ==== 
     psi = 0.210*[#   1]+0.210*[#   2]+0.107*[#   9]+0.107*[#  10]+0.107*[#  17]
          +0.107*[#  18]+0.019*[#  14]+0.019*[#  15]+0.019*[#  22]+0.019*[#  23]
          +0.010*[#  11]+0.010*[#  12]+0.010*[#  19]+0.010*[#  20]+0.009*[#   6]
          +0.009*[#   7]+0.004*[#   3]+0.004*[#   4]+0.001*[#   5]+0.001*[#   8]
          
    |psi|^2 = 0.998
==== e(   2) =    -6.72828 eV ==== 
     psi = 0.214*[#   1]+0.214*[#   2]+0.106*[#   9]+0.106*[#  10]+0.106*[#  17]
          +0.106*[#  18]+0.021*[#  14]+0.021*[#  15]+0.021*[#  22]+0.021*[#  23]
          +0.009*[#  11]+0.009*[#  12]+0.009*[#  19]+0.009*[#  20]+0.008*[#   6]
          +0.008*[#   7]+0.005*[#   3]+0.005*[#   4]+0.001*[#   5]+0.001*[#   8]
          
    |psi|^2 = 0.998
==== e(   3) =    -6.71905 eV ==== 
     psi = 0.175*[#   9]+0.175*[#  10]+0.175*[#  17]+0.175*[#  18]+0.073*[#   1]
          +0.073*[#   2]+0.022*[#   6]+0.022*[#   7]+0.013*[#  14]+0.013*[#  15]
          +0.013*[#  22]+0.013*[#  23]+0.012*[#   3]+0.012*[#   4]+0.006*[#  11]
          +0.006*[#  12]+0.006*[#  19]+0.006*[#  20]+0.002*[#  13]+0.002*[#  16]
          +0.002*[#  21]+0.002*[#  24]+0.001*[#   5]+0.001*[#   8]
    |psi|^2 = 0.998
==== e(   4) =    -6.71845 eV ==== 
     psi = 0.177*[#   9]+0.177*[#  10]+0.177*[#  17]+0.177*[#  18]+0.069*[#   1]
          +0.069*[#   2]+0.025*[#   6]+0.025*[#   7]+0.012*[#  14]+0.012*[#  15]
          +0.012*[#  22]+0.012*[#  23]+0.010*[#   3]+0.010*[#   4]+0.006*[#  11]
          +0.006*[#  12]+0.006*[#  19]+0.006*[#  20]+0.002*[#  13]+0.002*[#  16]
          +0.002*[#  21]+0.002*[#  24]
    |psi|^2 = 0.998
==== e(   5) =    -2.28325 eV ==== 
     psi = 0.163*[#   9]+0.163*[#  10]+0.163*[#  17]+0.163*[#  18]+0.162*[#   1]
          +0.162*[#   2]+0.002*[#  13]+0.002*[#  16]+0.002*[#  21]+0.002*[#  24]
          +0.002*[#   5]+0.002*[#   8]+0.002*[#  11]+0.002*[#  12]+0.002*[#  19]
          +0.002*[#  20]+0.001*[#   3]+0.001*[#   4]
    |psi|^2 = 0.999
==== e(   6) =    -2.28294 eV ==== 
     psi = 0.163*[#   9]+0.163*[#  10]+0.163*[#  17]+0.163*[#  18]+0.162*[#   1]
          +0.162*[#   2]+0.002*[#  13]+0.002*[#  16]+0.002*[#  21]+0.002*[#  24]
          +0.002*[#   5]+0.002*[#   8]+0.002*[#  11]+0.002*[#  12]+0.002*[#  19]
          +0.002*[#  20]+0.001*[#   3]+0.001*[#   4]
    |psi|^2 = 0.999
==== e(   7) =     1.78614 eV ==== 
     psi = 0.101*[#   3]+0.101*[#   4]+0.094*[#  11]+0.094*[#  12]+0.094*[#  19]
          +0.094*[#  20]+0.060*[#  14]+0.060*[#  15]+0.060*[#  22]+0.060*[#  23]
          +0.052*[#   6]+0.052*[#   7]+0.013*[#   5]+0.013*[#   8]+0.011*[#  13]
          +0.011*[#  16]+0.011*[#  21]+0.011*[#  24]
    |psi|^2 = 0.994
==== e(   8) =     1.82308 eV ==== 
     psi = 0.095*[#  11]+0.095*[#  12]+0.095*[#  19]+0.095*[#  20]+0.084*[#   3]
          +0.084*[#   4]+0.067*[#   6]+0.067*[#   7]+0.063*[#  14]+0.063*[#  15]
          +0.063*[#  22]+0.063*[#  23]+0.011*[#   5]+0.011*[#   8]+0.009*[#  13]
          +0.009*[#  16]+0.009*[#  21]+0.009*[#  24]
    |psi|^2 = 0.993
==== e(   9) =     3.03467 eV ==== 
     psi = 0.104*[#   3]+0.104*[#   4]+0.067*[#  11]+0.067*[#  12]+0.067*[#  19]
          +0.067*[#  20]+0.061*[#  14]+0.061*[#  15]+0.061*[#  22]+0.061*[#  23]
          +0.041*[#   6]+0.041*[#   7]+0.037*[#   5]+0.037*[#   8]+0.023*[#  13]
          +0.023*[#  16]+0.023*[#  21]+0.023*[#  24]+0.005*[#   1]+0.005*[#   2]
          +0.003*[#   9]+0.003*[#  10]+0.003*[#  17]+0.003*[#  18]
    |psi|^2 = 0.990
==== e(  10) =     3.11785 eV ==== 
     psi = 0.084*[#  11]+0.084*[#  12]+0.084*[#  19]+0.084*[#  20]+0.072*[#   6]
          +0.072*[#   7]+0.067*[#  14]+0.067*[#  15]+0.067*[#  22]+0.067*[#  23]
          +0.044*[#   3]+0.044*[#   4]+0.021*[#   5]+0.021*[#   8]+0.019*[#  13]
          +0.019*[#  16]+0.019*[#  21]+0.019*[#  24]+0.007*[#   1]+0.007*[#   2]
          +0.005*[#   9]+0.005*[#  10]+0.005*[#  17]+0.005*[#  18]
    |psi|^2 = 0.989
==== e(  11) =     3.32852 eV ==== 
     psi = 0.099*[#  13]+0.099*[#  16]+0.099*[#  21]+0.099*[#  24]+0.081*[#   5]
          +0.081*[#   8]+0.063*[#   3]+0.063*[#   4]+0.037*[#  11]+0.037*[#  12]
          +0.037*[#  19]+0.037*[#  20]+0.022*[#   6]+0.022*[#   7]+0.019*[#  14]
          +0.019*[#  15]+0.019*[#  22]+0.019*[#  23]+0.007*[#   1]+0.007*[#   2]
          +0.006*[#   9]+0.006*[#  10]+0.006*[#  17]+0.006*[#  18]
    |psi|^2 = 0.987
==== e(  12) =     3.34791 eV ==== 
     psi = 0.101*[#  13]+0.101*[#  16]+0.101*[#  21]+0.101*[#  24]+0.076*[#   5]
          +0.076*[#   8]+0.051*[#  11]+0.051*[#  12]+0.051*[#  19]+0.051*[#  20]
          +0.029*[#   6]+0.029*[#   7]+0.024*[#   3]+0.024*[#   4]+0.020*[#  14]
          +0.020*[#  15]+0.020*[#  22]+0.020*[#  23]+0.007*[#   1]+0.007*[#   2]
          +0.006*[#   9]+0.006*[#  10]+0.006*[#  17]+0.006*[#  18]
    |psi|^2 = 0.987
==== e(  13) =     4.22072 eV ==== 
     psi = 0.084*[#   3]+0.084*[#   4]+0.076*[#  11]+0.076*[#  12]+0.076*[#  19]
          +0.076*[#  20]+0.061*[#   5]+0.061*[#   8]+0.053*[#   6]+0.053*[#   7]
          +0.034*[#  14]+0.034*[#  15]+0.034*[#  22]+0.034*[#  23]+0.033*[#  13]
          +0.033*[#  16]+0.033*[#  21]+0.033*[#  24]+0.005*[#   1]+0.005*[#   2]
          +0.003*[#   9]+0.003*[#  10]+0.003*[#  17]+0.003*[#  18]
    |psi|^2 = 0.990
==== e(  14) =     4.34486 eV ==== 
     psi = 0.095*[#   3]+0.095*[#   4]+0.080*[#   6]+0.080*[#   7]+0.060*[#  14]
          +0.060*[#  15]+0.060*[#  22]+0.060*[#  23]+0.051*[#  11]+0.051*[#  12]
          +0.051*[#  19]+0.051*[#  20]+0.041*[#   5]+0.041*[#   8]+0.022*[#  13]
          +0.022*[#  16]+0.022*[#  21]+0.022*[#  24]+0.004*[#   9]+0.004*[#  10]
          +0.004*[#  17]+0.004*[#  18]+0.004*[#   1]+0.004*[#   2]
    |psi|^2 = 0.990
==== e(  15) =     4.55466 eV ==== 
     psi = 0.102*[#   5]+0.102*[#   8]+0.067*[#   3]+0.067*[#   4]+0.062*[#  13]
          +0.062*[#  16]+0.062*[#  21]+0.062*[#  24]+0.045*[#   6]+0.045*[#   7]
          +0.044*[#  11]+0.044*[#  12]+0.044*[#  19]+0.044*[#  20]+0.024*[#  14]
          +0.024*[#  15]+0.024*[#  22]+0.024*[#  23]+0.008*[#   9]+0.008*[#  10]
          +0.008*[#  17]+0.008*[#  18]+0.001*[#   1]+0.001*[#   2]
    |psi|^2 = 0.987
==== e(  16) =     4.59103 eV ==== 
     psi = 0.125*[#   5]+0.125*[#   8]+0.075*[#  13]+0.075*[#  16]+0.075*[#  21]
          +0.075*[#  24]+0.045*[#   3]+0.045*[#   4]+0.038*[#   6]+0.038*[#   7]
          +0.037*[#  11]+0.037*[#  12]+0.037*[#  19]+0.037*[#  20]+0.023*[#  14]
          +0.023*[#  15]+0.023*[#  22]+0.023*[#  23]+0.007*[#   9]+0.007*[#  10]
          +0.007*[#  17]+0.007*[#  18]+0.003*[#   1]+0.003*[#   2]
    |psi|^2 = 0.987
==== e(  17) =     4.86443 eV ==== 
     psi = 0.094*[#  13]+0.094*[#  16]+0.094*[#  21]+0.094*[#  24]+0.071*[#  11]
          +0.071*[#  12]+0.071*[#  19]+0.071*[#  20]+0.049*[#  14]+0.049*[#  15]
          +0.049*[#  22]+0.049*[#  23]+0.024*[#   5]+0.024*[#   8]+0.013*[#   6]
          +0.013*[#   7]+0.010*[#   1]+0.010*[#   2]+0.006*[#   9]+0.006*[#  10]
          +0.006*[#  17]+0.006*[#  18]+0.006*[#   3]+0.006*[#   4]
    |psi|^2 = 0.984
==== e(  18) =     4.99039 eV ==== 
     psi = 0.102*[#  13]+0.102*[#  16]+0.102*[#  21]+0.102*[#  24]+0.066*[#  14]
          +0.066*[#  15]+0.066*[#  22]+0.066*[#  23]+0.040*[#   5]+0.040*[#   8]
          +0.038*[#  11]+0.038*[#  12]+0.038*[#  19]+0.038*[#  20]+0.017*[#   6]
          +0.017*[#   7]+0.007*[#   1]+0.007*[#   2]+0.005*[#   9]+0.005*[#  10]
          +0.005*[#  17]+0.005*[#  18]+0.004*[#   3]+0.004*[#   4]
    |psi|^2 = 0.984
==== e(  19) =     6.49686 eV ==== 
     psi = 0.082*[#   3]+0.082*[#   4]+0.080*[#   5]+0.080*[#   8]+0.053*[#  13]
          +0.053*[#  16]+0.053*[#  21]+0.053*[#  24]+0.046*[#   6]+0.046*[#   7]
          +0.044*[#  11]+0.044*[#  12]+0.044*[#  19]+0.044*[#  20]+0.025*[#  14]
          +0.025*[#  15]+0.025*[#  22]+0.025*[#  23]+0.009*[#   9]+0.009*[#  10]
          +0.009*[#  17]+0.009*[#  18]+0.007*[#   1]+0.007*[#   2]
    |psi|^2 = 0.951
==== e(  20) =     6.55858 eV ==== 
     psi = 0.073*[#   5]+0.073*[#   8]+0.073*[#   3]+0.073*[#   4]+0.056*[#  13]
          +0.056*[#  16]+0.056*[#  21]+0.056*[#  24]+0.053*[#   6]+0.053*[#   7]
          +0.039*[#  11]+0.039*[#  12]+0.039*[#  19]+0.039*[#  20]+0.033*[#  14]
          +0.033*[#  15]+0.033*[#  22]+0.033*[#  23]+0.008*[#   1]+0.008*[#   2]
          +0.007*[#   9]+0.007*[#  10]+0.007*[#  17]+0.007*[#  18]
    |psi|^2 = 0.949
==== e(  21) =     6.97803 eV ==== 
     psi = 0.081*[#   6]+0.081*[#   7]+0.055*[#  14]+0.055*[#  15]+0.055*[#  22]
          +0.055*[#  23]+0.049*[#  11]+0.049*[#  12]+0.049*[#  19]+0.049*[#  20]
          +0.048*[#  13]+0.048*[#  16]+0.048*[#  21]+0.048*[#  24]+0.042*[#   5]
          +0.042*[#   8]+0.023*[#   3]+0.023*[#   4]+0.009*[#   9]+0.009*[#  10]
          +0.009*[#  17]+0.009*[#  18]+0.004*[#   1]+0.004*[#   2]
    |psi|^2 = 0.946
==== e(  22) =     6.98080 eV ==== 
     psi = 0.082*[#   6]+0.082*[#   7]+0.064*[#  14]+0.064*[#  15]+0.064*[#  22]
          +0.064*[#  23]+0.051*[#  11]+0.051*[#  12]+0.051*[#  19]+0.051*[#  20]
          +0.040*[#  13]+0.040*[#  16]+0.040*[#  21]+0.040*[#  24]+0.034*[#   5]
          +0.034*[#   8]+0.024*[#   3]+0.024*[#   4]+0.008*[#   9]+0.008*[#  10]
          +0.008*[#  17]+0.008*[#  18]+0.006*[#   1]+0.006*[#   2]
    |psi|^2 = 0.946
==== e(  23) =     7.15520 eV ==== 
     psi = 0.095*[#  14]+0.095*[#  15]+0.095*[#  22]+0.095*[#  23]+0.059*[#   6]
          +0.059*[#   7]+0.051*[#  13]+0.051*[#  16]+0.051*[#  21]+0.051*[#  24]
          +0.049*[#   5]+0.049*[#   8]+0.014*[#   3]+0.014*[#   4]+0.013*[#  11]
          +0.013*[#  12]+0.013*[#  19]+0.013*[#  20]+0.012*[#   1]+0.012*[#   2]
          +0.009*[#   9]+0.009*[#  10]+0.009*[#  17]+0.009*[#  18]
    |psi|^2 = 0.943
==== e(  24) =     7.19216 eV ==== 
     psi = 0.090*[#  14]+0.090*[#  15]+0.090*[#  22]+0.090*[#  23]+0.065*[#  13]
          +0.065*[#  16]+0.065*[#  21]+0.065*[#  24]+0.058*[#   6]+0.058*[#   7]
          +0.056*[#   5]+0.056*[#   8]+0.010*[#   1]+0.010*[#   2]+0.010*[#   3]
          +0.010*[#   4]+0.006*[#   9]+0.006*[#  10]+0.006*[#  17]+0.006*[#  18]
          +0.006*[#  11]+0.006*[#  12]+0.006*[#  19]+0.006*[#  20]
    |psi|^2 = 0.939
==== e(  25) =    10.16893 eV ==== 

    |psi|^2 = 0.008
==== e(  26) =    10.17028 eV ==== 

    |psi|^2 = 0.007
==== e(  27) =    11.08517 eV ==== 

    |psi|^2 = 0.008
==== e(  28) =    11.09785 eV ==== 
     psi = 0.001*[#  14]+0.001*[#  15]+0.001*[#  22]+0.001*[#  23]
    |psi|^2 = 0.010

 k =   0.0000000000  0.0000000000  0.3758812616
==== e(   1) =    -6.76755 eV ==== 
     psi = 0.156*[#   1]+0.156*[#   2]+0.133*[#   9]+0.133*[#  10]+0.133*[#  17]
          +0.133*[#  18]+0.018*[#  14]+0.018*[#  15]+0.018*[#  22]+0.018*[#  23]
          +0.015*[#   6]+0.015*[#   7]+0.009*[#  11]+0.009*[#  12]+0.009*[#  19]
          +0.009*[#  20]+0.007*[#   3]+0.007*[#   4]
    |psi|^2 = 0.998
==== e(   2) =    -6.76755 eV ==== 
     psi = 0.156*[#   1]+0.156*[#   2]+0.133*[#   9]+0.133*[#  10]+0.133*[#  17]
          +0.133*[#  18]+0.018*[#  14]+0.018*[#  15]+0.018*[#  22]+0.018*[#  23]
          +0.015*[#   6]+0.015*[#   7]+0.009*[#  11]+0.009*[#  12]+0.009*[#  19]
          +0.009*[#  20]+0.007*[#   3]+0.007*[#   4]
    |psi|^2 = 0.998
==== e(   3) =    -6.76448 eV ==== 
     psi = 0.149*[#   9]+0.149*[#  10]+0.149*[#  17]+0.149*[#  18]+0.126*[#   1]
          +0.126*[#   2]+0.018*[#   6]+0.018*[#   7]+0.016*[#  14]+0.016*[#  15]
          +0.016*[#  22]+0.016*[#  23]+0.008*[#   3]+0.008*[#   4]+0.007*[#  11]
          +0.007*[#  12]+0.007*[#  19]+0.007*[#  20]+0.001*[#   5]+0.001*[#   8]
          +0.001*[#  13]+0.001*[#  16]+0.001*[#  21]+0.001*[#  24]
    |psi|^2 = 0.998
==== e(   4) =    -6.76448 eV ==== 
     psi = 0.149*[#   9]+0.149*[#  10]+0.149*[#  17]+0.149*[#  18]+0.126*[#   1]
          +0.126*[#   2]+0.018*[#   6]+0.018*[#   7]+0.016*[#  14]+0.016*[#  15]
          +0.016*[#  22]+0.016*[#  23]+0.008*[#   3]+0.008*[#   4]+0.007*[#  11]
          +0.007*[#  12]+0.007*[#  19]+0.007*[#  20]+0.001*[#   5]+0.001*[#   8]
          +0.001*[#  13]+0.001*[#  16]+0.001*[#  21]+0.001*[#  24]
    |psi|^2 = 0.998
==== e(   5) =    -2.17262 eV ==== 
     psi = 0.165*[#   1]+0.165*[#   2]+0.165*[#   9]+0.165*[#  10]+0.165*[#  17]
          +0.165*[#  18]
    |psi|^2 = 0.999
==== e(   6) =    -2.17262 eV ==== 
     psi = 0.165*[#   1]+0.165*[#   2]+0.165*[#   9]+0.165*[#  10]+0.165*[#  17]
          +0.165*[#  18]
    |psi|^2 = 0.999
==== e(   7) =     1.82265 eV ==== 
     psi = 0.096*[#   3]+0.096*[#   4]+0.096*[#  11]+0.096*[#  12]+0.096*[#  19]
          +0.096*[#  20]+0.061*[#   6]+0.061*[#   7]+0.061*[#  14]+0.061*[#  15]
          +0.061*[#  22]+0.061*[#  23]+0.009*[#   5]+0.009*[#   8]+0.008*[#  13]
          +0.008*[#  16]+0.008*[#  21]+0.008*[#  24]
    |psi|^2 = 0.994
==== e(   8) =     1.82265 eV ==== 
     psi = 0.096*[#   3]+0.096*[#   4]+0.096*[#  11]+0.096*[#  12]+0.096*[#  19]
          +0.096*[#  20]+0.061*[#   6]+0.061*[#   7]+0.061*[#  14]+0.061*[#  15]
          +0.061*[#  22]+0.061*[#  23]+0.009*[#   5]+0.009*[#   8]+0.008*[#  13]
          +0.008*[#  16]+0.008*[#  21]+0.008*[#  24]
    |psi|^2 = 0.994
==== e(   9) =     3.16459 eV ==== 
     psi = 0.074*[#   6]+0.074*[#   7]+0.074*[#  14]+0.074*[#  15]+0.074*[#  22]
          +0.074*[#  23]+0.069*[#   3]+0.069*[#   4]+0.069*[#  11]+0.069*[#  12]
          +0.069*[#  19]+0.069*[#  20]+0.020*[#   5]+0.020*[#   8]+0.020*[#  13]
          +0.020*[#  16]+0.020*[#  21]+0.020*[#  24]+0.003*[#   1]+0.003*[#   2]
          +0.003*[#   9]+0.003*[#  10]+0.003*[#  17]+0.003*[#  18]
    |psi|^2 = 0.991
==== e(  10) =     3.16459 eV ==== 
     psi = 0.074*[#   6]+0.074*[#   7]+0.074*[#  14]+0.074*[#  15]+0.074*[#  22]
          +0.074*[#  23]+0.069*[#   3]+0.069*[#   4]+0.069*[#  11]+0.069*[#  12]
          +0.069*[#  19]+0.069*[#  20]+0.020*[#   5]+0.020*[#   8]+0.020*[#  13]
          +0.020*[#  16]+0.020*[#  21]+0.020*[#  24]+0.003*[#   1]+0.003*[#   2]
          +0.003*[#   9]+0.003*[#  10]+0.003*[#  17]+0.003*[#  18]
    |psi|^2 = 0.991
==== e(  11) =     3.45243 eV ==== 
     psi = 0.109*[#   5]+0.109*[#   8]+0.109*[#  13]+0.109*[#  16]+0.109*[#  21]
          +0.109*[#  24]+0.039*[#   3]+0.039*[#   4]+0.039*[#  11]+0.039*[#  12]
          +0.039*[#  19]+0.039*[#  20]+0.012*[#   6]+0.012*[#   7]+0.012*[#  14]
          +0.012*[#  15]+0.012*[#  22]+0.012*[#  23]+0.004*[#   1]+0.004*[#   2]
          +0.004*[#   9]+0.004*[#  10]+0.004*[#  17]+0.004*[#  18]
    |psi|^2 = 0.988
==== e(  12) =     3.45243 eV ==== 
     psi = 0.109*[#   5]+0.109*[#   8]+0.109*[#  13]+0.109*[#  16]+0.109*[#  21]
          +0.109*[#  24]+0.039*[#   3]+0.039*[#   4]+0.039*[#  11]+0.039*[#  12]
          +0.039*[#  19]+0.039*[#  20]+0.012*[#   6]+0.012*[#   7]+0.012*[#  14]
          +0.012*[#  15]+0.012*[#  22]+0.012*[#  23]+0.004*[#   1]+0.004*[#   2]
          +0.004*[#   9]+0.004*[#  10]+0.004*[#  17]+0.004*[#  18]
    |psi|^2 = 0.988
==== e(  13) =     4.54659 eV ==== 
     psi = 0.085*[#   3]+0.085*[#   4]+0.085*[#  11]+0.085*[#  12]+0.085*[#  19]
          +0.085*[#  20]+0.041*[#   5]+0.041*[#   8]+0.041*[#  13]+0.041*[#  16]
          +0.041*[#  21]+0.041*[#  24]+0.038*[#   6]+0.038*[#   7]+0.038*[#  14]
          +0.038*[#  15]+0.038*[#  22]+0.038*[#  23]
    |psi|^2 = 0.991
==== e(  14) =     4.54659 eV ==== 
     psi = 0.085*[#   3]+0.085*[#   4]+0.085*[#  11]+0.085*[#  12]+0.085*[#  19]
          +0.085*[#  20]+0.041*[#   5]+0.041*[#   8]+0.041*[#  13]+0.041*[#  16]
          +0.041*[#  21]+0.041*[#  24]+0.038*[#   6]+0.038*[#   7]+0.038*[#  14]
          +0.038*[#  15]+0.038*[#  22]+0.038*[#  23]
    |psi|^2 = 0.991
==== e(  15) =     4.77971 eV ==== 
     psi = 0.078*[#   3]+0.078*[#   4]+0.079*[#  11]+0.079*[#  12]+0.079*[#  19]
          +0.079*[#  20]+0.052*[#   5]+0.052*[#   8]+0.052*[#  13]+0.052*[#  16]
          +0.052*[#  21]+0.052*[#  24]+0.029*[#   6]+0.029*[#   7]+0.029*[#  14]
          +0.029*[#  15]+0.029*[#  22]+0.029*[#  23]+0.004*[#   1]+0.004*[#   2]
          +0.004*[#   9]+0.004*[#  10]+0.004*[#  17]+0.004*[#  18]
    |psi|^2 = 0.986
==== e(  16) =     4.77971 eV ==== 
     psi = 0.078*[#   3]+0.078*[#   4]+0.079*[#  11]+0.079*[#  12]+0.079*[#  19]
          +0.079*[#  20]+0.052*[#   5]+0.052*[#   8]+0.052*[#  13]+0.052*[#  16]
          +0.052*[#  21]+0.052*[#  24]+0.029*[#   6]+0.029*[#   7]+0.029*[#  14]
          +0.029*[#  15]+0.029*[#  22]+0.029*[#  23]+0.004*[#   1]+0.004*[#   2]
          +0.004*[#   9]+0.004*[#  10]+0.004*[#  17]+0.004*[#  18]
    |psi|^2 = 0.986
==== e(  17) =     5.06024 eV ==== 
     psi = 0.089*[#  13]+0.089*[#  16]+0.089*[#  21]+0.089*[#  24]+0.089*[#   5]
          +0.089*[#   8]+0.050*[#  14]+0.050*[#  15]+0.050*[#  22]+0.050*[#  23]
          +0.050*[#   6]+0.050*[#   7]+0.017*[#  11]+0.017*[#  12]+0.017*[#  19]
          +0.017*[#  20]+0.017*[#   3]+0.017*[#   4]+0.008*[#   1]+0.008*[#   2]
          +0.008*[#   9]+0.008*[#  10]+0.008*[#  17]+0.008*[#  18]
    |psi|^2 = 0.983
==== e(  18) =     5.06024 eV ==== 
     psi = 0.089*[#  13]+0.089*[#  16]+0.089*[#  21]+0.089*[#  24]+0.089*[#   5]
          +0.089*[#   8]+0.050*[#  14]+0.050*[#  15]+0.050*[#  22]+0.050*[#  23]
          +0.050*[#   6]+0.050*[#   7]+0.017*[#  11]+0.017*[#  12]+0.017*[#  19]
          +0.017*[#  20]+0.017*[#   3]+0.017*[#   4]+0.008*[#   1]+0.008*[#   2]
          +0.008*[#   9]+0.008*[#  10]+0.008*[#  17]+0.008*[#  18]
    |psi|^2 = 0.983
==== e(  19) =     6.44681 eV ==== 
     psi = 0.102*[#  13]+0.102*[#  16]+0.102*[#  21]+0.102*[#  24]+0.102*[#   5]
          +0.102*[#   8]+0.051*[#  11]+0.051*[#  12]+0.051*[#  19]+0.051*[#  20]
          +0.050*[#   3]+0.050*[#   4]+0.004*[#   1]+0.004*[#   2]+0.004*[#   9]
          +0.004*[#  10]+0.004*[#  17]+0.004*[#  18]+0.002*[#   6]+0.002*[#   7]
          +0.002*[#  14]+0.002*[#  15]+0.002*[#  22]+0.002*[#  23]
    |psi|^2 = 0.948
==== e(  20) =     6.44681 eV ==== 
     psi = 0.102*[#  13]+0.102*[#  16]+0.102*[#  21]+0.102*[#  24]+0.102*[#   5]
          +0.102*[#   8]+0.051*[#  11]+0.051*[#  12]+0.051*[#  19]+0.051*[#  20]
          +0.050*[#   3]+0.050*[#   4]+0.004*[#   1]+0.004*[#   2]+0.004*[#   9]
          +0.004*[#  10]+0.004*[#  17]+0.004*[#  18]+0.002*[#   6]+0.002*[#   7]
          +0.002*[#  14]+0.002*[#  15]+0.002*[#  22]+0.002*[#  23]
    |psi|^2 = 0.948
==== e(  21) =     6.55032 eV ==== 
     psi = 0.103*[#  14]+0.103*[#  15]+0.103*[#  22]+0.103*[#  23]+0.103*[#   6]
          +0.103*[#   7]+0.037*[#   3]+0.037*[#   4]+0.037*[#  11]+0.037*[#  12]
          +0.037*[#  19]+0.037*[#  20]+0.016*[#   1]+0.016*[#   2]+0.016*[#   9]
          +0.016*[#  10]+0.016*[#  17]+0.016*[#  18]+0.003*[#   5]+0.003*[#   8]
          +0.003*[#  13]+0.003*[#  16]+0.003*[#  21]+0.003*[#  24]
    |psi|^2 = 0.951
==== e(  22) =     6.55032 eV ==== 
     psi = 0.103*[#  14]+0.103*[#  15]+0.103*[#  22]+0.103*[#  23]+0.103*[#   6]
          +0.103*[#   7]+0.037*[#   3]+0.037*[#   4]+0.037*[#  11]+0.037*[#  12]
          +0.037*[#  19]+0.037*[#  20]+0.016*[#   1]+0.016*[#   2]+0.016*[#   9]
          +0.016*[#  10]+0.016*[#  17]+0.016*[#  18]+0.003*[#   5]+0.003*[#   8]
          +0.003*[#  13]+0.003*[#  16]+0.003*[#  21]+0.003*[#  24]
    |psi|^2 = 0.951
==== e(  23) =     6.77703 eV ==== 
     psi = 0.086*[#   6]+0.086*[#   7]+0.086*[#  14]+0.086*[#  15]+0.086*[#  22]
          +0.086*[#  23]+0.059*[#   5]+0.059*[#   8]+0.059*[#  13]+0.059*[#  16]
          +0.059*[#  21]+0.059*[#  24]+0.010*[#   1]+0.010*[#   2]+0.010*[#   9]
          +0.010*[#  10]+0.010*[#  17]+0.010*[#  18]+0.001*[#   3]+0.001*[#   4]
          +0.001*[#  11]+0.001*[#  12]+0.001*[#  19]+0.001*[#  20]
    |psi|^2 = 0.940
==== e(  24) =     6.77703 eV ==== 
     psi = 0.086*[#   6]+0.086*[#   7]+0.086*[#  14]+0.086*[#  15]+0.086*[#  22]
          +0.086*[#  23]+0.059*[#   5]+0.059*[#   8]+0.059*[#  13]+0.059*[#  16]
          +0.059*[#  21]+0.059*[#  24]+0.010*[#   1]+0.010*[#   2]+0.010*[#   9]
          +0.010*[#  10]+0.010*[#  17]+0.010*[#  18]+0.001*[#   3]+0.001*[#   4]
          +0.001*[#  11]+0.001*[#  12]+0.001*[#  19]+0.001*[#  20]
    |psi|^2 = 0.941
==== e(  25) =    10.01931 eV ==== 

    |psi|^2 = 0.006
==== e(  26) =    10.01932 eV ==== 

    |psi|^2 = 0.006
==== e(  27) =    11.30577 eV ==== 

    |psi|^2 = 0.005
==== e(  28) =    11.30579 eV ==== 

    |psi|^2 = 0.005

 k =   0.0000000000  0.0000000000  0.0000000000
==== e(   1) =    -7.66154 eV ==== 
     psi = 0.165*[#   1]+0.165*[#   2]+0.164*[#   9]+0.164*[#  10]+0.164*[#  17]
          +0.164*[#  18]
    |psi|^2 = 0.999
==== e(   2) =    -7.66154 eV ==== 
     psi = 0.165*[#   1]+0.165*[#   2]+0.164*[#   9]+0.164*[#  10]+0.164*[#  17]
          +0.164*[#  18]
    |psi|^2 = 0.999
==== e(   3) =    -4.33005 eV ==== 
     psi = 0.139*[#   9]+0.139*[#  10]+0.139*[#  17]+0.139*[#  18]+0.122*[#   1]
          +0.122*[#   2]+0.023*[#   6]+0.023*[#   7]+0.020*[#  14]+0.020*[#  15]
          +0.020*[#  22]+0.020*[#  23]+0.012*[#   3]+0.012*[#   4]+0.011*[#  11]
          +0.011*[#  12]+0.011*[#  19]+0.011*[#  20]
    |psi|^2 = 0.999
==== e(   4) =    -4.33005 eV ==== 
     psi = 0.139*[#   9]+0.139*[#  10]+0.139*[#  17]+0.139*[#  18]+0.122*[#   1]
          +0.122*[#   2]+0.023*[#   6]+0.023*[#   7]+0.020*[#  14]+0.020*[#  15]
          +0.020*[#  22]+0.020*[#  23]+0.012*[#   3]+0.012*[#   4]+0.011*[#  11]
          +0.011*[#  12]+0.011*[#  19]+0.011*[#  20]
    |psi|^2 = 0.999
==== e(   5) =    -4.32866 eV ==== 
     psi = 0.145*[#   1]+0.145*[#   2]+0.128*[#   9]+0.128*[#  10]+0.128*[#  17]
          +0.128*[#  18]+0.022*[#  14]+0.022*[#  15]+0.022*[#  22]+0.022*[#  23]
          +0.019*[#   6]+0.019*[#   7]+0.012*[#  11]+0.012*[#  12]+0.012*[#  19]
          +0.012*[#  20]+0.010*[#   3]+0.010*[#   4]
    |psi|^2 = 0.999
==== e(   6) =    -4.32866 eV ==== 
     psi = 0.145*[#   1]+0.145*[#   2]+0.128*[#   9]+0.128*[#  10]+0.128*[#  17]
          +0.128*[#  18]+0.022*[#  14]+0.022*[#  15]+0.022*[#  22]+0.022*[#  23]
          +0.019*[#   6]+0.019*[#   7]+0.012*[#  11]+0.012*[#  12]+0.012*[#  19]
          +0.012*[#  20]+0.010*[#   3]+0.010*[#   4]
    |psi|^2 = 0.999
==== e(   7) =     2.73977 eV ==== 
     psi = 0.102*[#   3]+0.102*[#   4]+0.102*[#  11]+0.102*[#  12]+0.102*[#  19]
          +0.102*[#  20]+0.052*[#   5]+0.052*[#   8]+0.052*[#  13]+0.052*[#  16]
          +0.052*[#  21]+0.052*[#  24]+0.006*[#   1]+0.006*[#   2]+0.006*[#   9]
          +0.006*[#  10]+0.006*[#  17]+0.006*[#  18]+0.005*[#   6]+0.005*[#   7]
          +0.005*[#  14]+0.005*[#  15]+0.005*[#  22]+0.005*[#  23]
    |psi|^2 = 0.989
==== e(   8) =     2.73977 eV ==== 
     psi = 0.102*[#   3]+0.102*[#   4]+0.102*[#  11]+0.102*[#  12]+0.102*[#  19]
          +0.102*[#  20]+0.052*[#   5]+0.052*[#   8]+0.052*[#  13]+0.052*[#  16]
          +0.052*[#  21]+0.052*[#  24]+0.006*[#   1]+0.006*[#   2]+0.006*[#   9]
          +0.006*[#  10]+0.006*[#  17]+0.006*[#  18]+0.005*[#   6]+0.005*[#   7]
          +0.005*[#  14]+0.005*[#  15]+0.005*[#  22]+0.005*[#  23]
    |psi|^2 = 0.989
==== e(   9) =     2.93951 eV ==== 
     psi = 0.112*[#   3]+0.112*[#   4]+0.112*[#  11]+0.112*[#  12]+0.112*[#  19]
          +0.112*[#  20]+0.035*[#   6]+0.035*[#   7]+0.035*[#  14]+0.035*[#  15]
          +0.035*[#  22]+0.035*[#  23]+0.017*[#   1]+0.017*[#   2]+0.017*[#   9]
          +0.017*[#  10]+0.017*[#  17]+0.017*[#  18]+0.001*[#   5]+0.001*[#   8]
          +0.001*[#  13]+0.001*[#  16]+0.001*[#  21]+0.001*[#  24]
    |psi|^2 = 0.993
==== e(  10) =     2.93951 eV ==== 
     psi = 0.112*[#   3]+0.112*[#   4]+0.112*[#  11]+0.112*[#  12]+0.112*[#  19]
          +0.112*[#  20]+0.035*[#   6]+0.035*[#   7]+0.035*[#  14]+0.035*[#  15]
          +0.035*[#  22]+0.035*[#  23]+0.017*[#   1]+0.017*[#   2]+0.017*[#   9]
          +0.017*[#  10]+0.017*[#  17]+0.017*[#  18]+0.001*[#   5]+0.001*[#   8]
          +0.001*[#  13]+0.001*[#  16]+0.001*[#  21]+0.001*[#  24]
    |psi|^2 = 0.993
==== e(  11) =     3.37327 eV ==== 
     psi = 0.074*[#   6]+0.074*[#   7]+0.074*[#  14]+0.074*[#  15]+0.074*[#  22]
          +0.074*[#  23]+0.067*[#   5]+0.067*[#   8]+0.067*[#  13]+0.067*[#  16]
          +0.067*[#  21]+0.067*[#  24]+0.018*[#   1]+0.018*[#   2]+0.018*[#   9]
          +0.018*[#  10]+0.018*[#  17]+0.018*[#  18]+0.006*[#   3]+0.006*[#   4]
          +0.006*[#  11]+0.006*[#  12]+0.006*[#  19]+0.006*[#  20]
    |psi|^2 = 0.990
==== e(  12) =     3.37327 eV ==== 
     psi = 0.074*[#   6]+0.074*[#   7]+0.074*[#  14]+0.074*[#  15]+0.074*[#  22]
          +0.074*[#  23]+0.067*[#   5]+0.067*[#   8]+0.067*[#  13]+0.067*[#  16]
          +0.067*[#  21]+0.067*[#  24]+0.018*[#   1]+0.018*[#   2]+0.018*[#   9]
          +0.018*[#  10]+0.018*[#  17]+0.018*[#  18]+0.006*[#   3]+0.006*[#   4]
          +0.006*[#  11]+0.006*[#  12]+0.006*[#  19]+0.006*[#  20]
    |psi|^2 = 0.990
==== e(  13) =     4.32698 eV ==== 
     psi = 0.095*[#   6]+0.095*[#   7]+0.094*[#  14]+0.094*[#  15]+0.094*[#  22]
          +0.094*[#  23]+0.033*[#   3]+0.033*[#   4]+0.033*[#  11]+0.033*[#  12]
          +0.033*[#  19]+0.033*[#  20]+0.026*[#   5]+0.026*[#   8]+0.026*[#  13]
          +0.026*[#  16]+0.026*[#  21]+0.026*[#  24]+0.010*[#   1]+0.010*[#   2]
          +0.010*[#   9]+0.010*[#  10]+0.010*[#  17]+0.010*[#  18]
    |psi|^2 = 0.981
==== e(  14) =     4.32698 eV ==== 
     psi = 0.095*[#   6]+0.095*[#   7]+0.094*[#  14]+0.094*[#  15]+0.094*[#  22]
          +0.094*[#  23]+0.033*[#   3]+0.033*[#   4]+0.033*[#  11]+0.033*[#  12]
          +0.033*[#  19]+0.033*[#  20]+0.026*[#   5]+0.026*[#   8]+0.026*[#  13]
          +0.026*[#  16]+0.026*[#  21]+0.026*[#  24]+0.010*[#   1]+0.010*[#   2]
          +0.010*[#   9]+0.010*[#  10]+0.010*[#  17]+0.010*[#  18]
    |psi|^2 = 0.981
==== e(  15) =     4.37446 eV ==== 
     psi = 0.091*[#  13]+0.091*[#  16]+0.091*[#  21]+0.091*[#  24]+0.090*[#   5]
          +0.090*[#   8]+0.040*[#  11]+0.040*[#  12]+0.040*[#  19]+0.040*[#  20]
          +0.040*[#   3]+0.040*[#   4]+0.030*[#  14]+0.030*[#  15]+0.030*[#  22]
          +0.030*[#  23]+0.030*[#   6]+0.030*[#   7]+0.003*[#   1]+0.003*[#   2]
          +0.003*[#   9]+0.003*[#  10]+0.003*[#  17]+0.003*[#  18]
    |psi|^2 = 0.981
==== e(  16) =     4.37446 eV ==== 
     psi = 0.091*[#  13]+0.091*[#  16]+0.091*[#  21]+0.091*[#  24]+0.090*[#   5]
          +0.090*[#   8]+0.040*[#  11]+0.040*[#  12]+0.040*[#  19]+0.040*[#  20]
          +0.040*[#   3]+0.040*[#   4]+0.030*[#  14]+0.030*[#  15]+0.030*[#  22]
          +0.030*[#  23]+0.030*[#   6]+0.030*[#   7]+0.003*[#   1]+0.003*[#   2]
          +0.003*[#   9]+0.003*[#  10]+0.003*[#  17]+0.003*[#  18]
    |psi|^2 = 0.981
==== e(  17) =     5.23723 eV ==== 
     psi = 0.093*[#   5]+0.093*[#   8]+0.093*[#  13]+0.093*[#  16]+0.093*[#  21]
          +0.093*[#  24]+0.047*[#   3]+0.047*[#   4]+0.047*[#  11]+0.047*[#  12]
          +0.047*[#  19]+0.047*[#  20]+0.025*[#   6]+0.025*[#   7]+0.025*[#  14]
          +0.025*[#  15]+0.025*[#  22]+0.025*[#  23]
    |psi|^2 = 0.991
==== e(  18) =     5.23723 eV ==== 
     psi = 0.093*[#   5]+0.093*[#   8]+0.093*[#  13]+0.093*[#  16]+0.093*[#  21]
          +0.093*[#  24]+0.047*[#   3]+0.047*[#   4]+0.047*[#  11]+0.047*[#  12]
          +0.047*[#  19]+0.047*[#  20]+0.025*[#   6]+0.025*[#   7]+0.025*[#  14]
          +0.025*[#  15]+0.025*[#  22]+0.025*[#  23]
    |psi|^2 = 0.991
==== e(  19) =     6.65348 eV ==== 
     psi = 0.108*[#   3]+0.108*[#   4]+0.108*[#  11]+0.108*[#  12]+0.108*[#  19]
          +0.108*[#  20]+0.029*[#   6]+0.029*[#   7]+0.029*[#  14]+0.029*[#  15]
          +0.029*[#  22]+0.029*[#  23]+0.020*[#   5]+0.020*[#   8]+0.020*[#  13]
          +0.020*[#  16]+0.020*[#  21]+0.020*[#  24]+0.006*[#   1]+0.006*[#   2]
          +0.006*[#   9]+0.006*[#  10]+0.006*[#  17]+0.006*[#  18]
    |psi|^2 = 0.983
==== e(  20) =     6.65348 eV ==== 
     psi = 0.108*[#   3]+0.108*[#   4]+0.108*[#  11]+0.108*[#  12]+0.108*[#  19]
          +0.108*[#  20]+0.029*[#   6]+0.029*[#   7]+0.029*[#  14]+0.029*[#  15]
          +0.029*[#  22]+0.029*[#  23]+0.020*[#   5]+0.020*[#   8]+0.020*[#  13]
          +0.020*[#  16]+0.020*[#  21]+0.020*[#  24]+0.006*[#   1]+0.006*[#   2]
          +0.006*[#   9]+0.006*[#  10]+0.006*[#  17]+0.006*[#  18]
    |psi|^2 = 0.983
==== e(  21) =     7.27116 eV ==== 
     psi = 0.135*[#   5]+0.135*[#   8]+0.135*[#  13]+0.135*[#  16]+0.135*[#  21]
          +0.135*[#  24]+0.014*[#   6]+0.014*[#   7]+0.015*[#  14]+0.015*[#  15]
          +0.015*[#  22]+0.015*[#  23]+0.009*[#   3]+0.009*[#   4]+0.009*[#  11]
          +0.009*[#  12]+0.009*[#  19]+0.009*[#  20]+0.005*[#   1]+0.005*[#   2]
          +0.005*[#   9]+0.005*[#  10]+0.005*[#  17]+0.005*[#  18]
    |psi|^2 = 0.979
==== e(  22) =     7.27116 eV ==== 
     psi = 0.135*[#   5]+0.135*[#   8]+0.135*[#  13]+0.135*[#  16]+0.135*[#  21]
          +0.135*[#  24]+0.014*[#   6]+0.014*[#   7]+0.015*[#  14]+0.015*[#  15]
          +0.015*[#  22]+0.015*[#  23]+0.009*[#   3]+0.009*[#   4]+0.009*[#  11]
          +0.009*[#  12]+0.009*[#  19]+0.009*[#  20]+0.005*[#   1]+0.005*[#   2]
          +0.005*[#   9]+0.005*[#  10]+0.005*[#  17]+0.005*[#  18]
    |psi|^2 = 0.979
==== e(  23) =     7.80278 eV ==== 
     psi = 0.142*[#   6]+0.142*[#   7]+0.142*[#  14]+0.142*[#  15]+0.142*[#  22]
          +0.142*[#  23]+0.013*[#   3]+0.013*[#   4]+0.013*[#  11]+0.013*[#  12]
          +0.013*[#  19]+0.013*[#  20]+0.004*[#   5]+0.004*[#   8]+0.004*[#  13]
          +0.004*[#  16]+0.004*[#  21]+0.004*[#  24]
    |psi|^2 = 0.960
==== e(  24) =     7.80278 eV ==== 
     psi = 0.142*[#   6]+0.142*[#   7]+0.142*[#  14]+0.142*[#  15]+0.142*[#  22]
          +0.142*[#  23]+0.013*[#   3]+0.013*[#   4]+0.013*[#  11]+0.013*[#  12]
          +0.013*[#  19]+0.013*[#  20]+0.004*[#   5]+0.004*[#   8]+0.004*[#  13]
          +0.004*[#  16]+0.004*[#  21]+0.004*[#  24]
    |psi|^2 = 0.960
==== e(  25) =    10.96652 eV ==== 

    |psi|^2 = 0.008
==== e(  26) =    10.96653 eV ==== 

    |psi|^2 = 0.008
==== e(  27) =    10.96849 eV ==== 

    |psi|^2 = 0.008
==== e(  28) =    10.96850 eV ==== 

    |psi|^2 = 0.008

Lowdin Charges: 

     Atom #   1: total charge =   5.9058, s =  1.9290, 
     Atom #   1: total charge =   5.9058, p =  3.9768, 
     Atom #   2: total charge =   5.9366, s =  1.9268, 
     Atom #   2: total charge =   5.9366, p =  4.0098, 
     Atom #   3: total charge =   5.9366, s =  1.9268, 
     Atom #   3: total charge =   5.9366, p =  4.0098, 
     Spilling Parameter:   0.0123

     PROJWFC      :      1.79s CPU      1.98s WALL


   This run was terminated on:   7:27:34  20Aug2026            

=------------------------------------------------------------------------------=
   JOB DONE.
=------------------------------------------------------------------------------=
