plateifu,mangaid,z,Lambda_Re,lambda_r,Sigma_Re,Re_arcsec_MGE,Qual,drp3qual,target,log_Ms_Re_cyl,log_Mt_Re_cyl,fdm_Re_cyl,chi2_dof_cyl,inc_deg_cyl,log_excess,log_Ms_Re_sph,log_Mt_Re_sph,fdm_Re_sph,chi2_dof_sph,inc_deg_sph,log_excess_sph,nsa_elpetro_mass,PHOTOMETRIC_MASS,STELLAR_SIGMA_1RE,STELLAR_RCHI2_1RE,drp_nsa_elpetro_ba,drp_nsa_elpetro_th50_r,drp_mngtarg1
7443-12704,12-84731,0.0187385,0.682,0.682,84.1,13.045278602839257,3,1,0,10.388,10.389,0.0,0.022805,78.343,0.0009999999999994458,10.373,10.373,0.0,0.022248,78.421,0.0,9.86569014305721,10.203231,67.25098,0.91375524,0.320899,18.3902,8192
7443-6102,12-180432,0.0280161,0.613,0.613,105.7,7.328079918394733,3,1,0,10.447,10.555,0.219,0.018821,53.23,0.10800000000000054,10.427,10.556,0.256,0.018795,53.101,0.12899999999999956,10.18942293247014,10.526963,90.43372,1.0514778,0.718725,5.98851,1554
7443-12701,12-98126,0.020478,0.619,0.619,68.2,4.756027813742085,1,1,0,9.659,9.796,0.269,0.024092,49.098,0.13699999999999868,9.692,9.796,0.213,0.02385,49.099,0.1039999999999992,9.693127842476637,10.030668,63.785557,1.0967585,0.743017,4.26193,1562
7443-12705,12-84627,0.0644735,0.879,0.879,126.3,6.627033566327212,3,1,0,10.916,10.92,0.008,0.037805,66.102,0.0039999999999995595,10.913,10.92,0.014,0.03733,66.183,0.006999999999999673,10.253388896228874,10.59093,70.29498,0.893336,0.481529,7.37167,4
7443-9102,12-84679,0.091575,0.156,0.156,280.0,5.503146775674609,1,1,0,11.585,11.623,0.082,0.022569,85.581,0.03799999999999848,11.606,11.621,0.031,0.041869,85.581,0.015000000000000568,10.980842045684838,11.318382,283.12518,0.92089856,0.7511,4.95598,2
7495-1902,12-129608,0.0318073,0.722,0.722,68.5,2.207105871644795,1,1,0,9.534,9.652,0.238,0.046168,86.698,0.11799999999999855,9.702,9.702,0.002,0.04147,86.698,0.0,9.465290628445363,9.802832,59.13387,1.0728625,0.557985,2.45252,10
7495-12702,12-129612,0.0284013,0.862,0.862,123.4,8.691379121208316,3,1,0,10.486,10.636,0.291,0.017054,80.842,0.14999999999999858,10.331,10.608,0.471,0.016802,80.857,0.277000000000001,10.184603427595148,10.522144,72.885414,0.9358357,0.290015,12.3368,1554
7495-12704,12-129618,0.0289385,0.856,0.856,120.0,11.582086547667684,1,1,0,10.316,10.834,0.696,0.009851,59.022,0.5179999999999989,9.621,10.833,0.939,0.009309,59.022,1.2119999999999997,10.326327666615938,10.663868,74.40328,0.9089342,0.660855,10.6479,1050
7495-3701,12-129446,0.0670065,0.73,0.73,123.3,5.652882214664313,3,1,0,10.991,11.069,0.164,0.029917,34.4,0.07800000000000118,11.048,11.049,0.004,0.029091,34.406,0.0009999999999994458,10.588793667193725,10.926334,99.31317,0.93677926,0.860503,4.76389,10
7495-12701,12-192120,0.0612091,0.49,0.49,144.8,5.174617755982652,1,1,0,10.92,10.921,0.003,0.0527,30.104,0.0009999999999994458,10.917,10.921,0.007,0.052655,30.147,0.0039999999999995595,10.28078090284656,10.618321,145.82826,0.9911174,0.761878,11.2065,4
7495-12703,12-129646,0.0298759,0.88,0.88,107.4,9.573050232565981,3,1,0,10.627,10.639,0.026,0.019884,62.974,0.011999999999998678,10.602,10.633,0.068,0.019411,62.81,0.030999999999998806,10.119348282530472,10.456889,53.695225,0.8920233,0.536654,10.7047,1170
7495-6104,12-129534,0.029503,0.663,0.663,64.5,4.274138484753604,1,1,0,9.109,9.641,0.706,0.078781,77.866,0.532,9.22,9.648,0.627,0.078805,77.866,0.42799999999999905,9.004880007240635,9.342421,29.92929,0.89982384,0.336896,6.33359,10
7495-12705,12-129629,0.0762428,0.192,0.192,91.1,5.516665483218517,1,1,0,11.434,11.434,0.0,0.059889,2.566,0.0,11.427,11.457,0.066,0.059897,2.566,0.030000000000001137,10.45715948973154,10.7947,100.87998,0.9243247,0.832785,6.48566,4
7495-9102,12-129609,0.0289841,0.802,0.802,100.2,5.41409251979424,3,1,2,10.185,10.387,0.371,0.020642,59.491,0.20199999999999996,10.201,10.378,0.335,0.02042,59.491,0.1769999999999996,9.978313844512478,10.315854,85.93442,0.9446057,0.702952,4.80898,4226
7495-3703,12-110756,0.0285104,0.823,0.823,65.7,3.3208504368894785,3,1,0,9.626,9.626,0.0,0.051651,79.537,0.0,9.637,9.637,0.0,0.050747,83.393,0.0,9.284523223079823,9.622064,42.732788,0.92922497,0.310257,5.02675,10
7815-3702,1-113540,0.0293823,0.573,0.573,84.9,4.470276529694416,1,1,0,10.087,10.178,0.188,0.032479,36.696,0.09100000000000108,9.994,10.215,0.398,0.029103,36.69,0.22100000000000009,10.007034745260038,10.344575,80.814545,1.1618696,0.889156,3.77495,1216
7815-9101,1-113375,0.028215,0.806,0.806,79.8,8.495472857009752,3,1,2,9.814,10.384,0.731,0.02803,59.491,0.5700000000000003,9.703,10.384,0.791,0.027679,59.509,0.6810000000000009,9.679288863783018,10.0168295,49.055336,0.9007767,0.570455,8.96766,4288
7815-12704,1-113418,0.0430806,0.802,0.802,140.8,6.045073804309394,3,1,0,10.71,10.745,0.078,0.029597,75.114,0.034999999999998366,10.667,10.737,0.147,0.0293,74.961,0.07000000000000028,10.448369263175575,10.78591,104.42287,0.99361104,0.456991,7.31411,512
7815-3704,1-113651,0.0708847,0.63,0.63,139.0,3.8035313417264622,1,1,0,10.707,10.991,0.479,0.040499,36.744,0.2839999999999989,10.611,11.022,0.612,0.036673,36.73,0.4109999999999996,10.471128820084258,10.808669,131.42001,1.0154548,0.941069,2.96539,256
7815-12705,1-635503,0.0293012,0.81,0.81,116.4,7.690147727058768,3,1,0,10.562,10.562,0.0,0.02272,73.583,0.0,10.533,10.557,0.053,0.022655,73.558,0.02400000000000091,10.290386358766861,10.627927,79.82776,0.94393694,0.455715,9.07305,1552
7815-3703,1-113585,0.070276,0.09,0.09,207.8,3.9203369160575483,1,1,0,11.123,11.128,0.01,0.04515,67.081,0.005000000000000782,11.123,11.126,0.004,0.059117,86.222,0.0030000000000001137,10.868646789102845,11.206187,209.63882,1.0258846,0.773512,4.03009,128
8341-3702,1-259058,0.024225,0.724,0.724,81.3,3.812792486800097,1,1,0,9.728,9.853,0.25,0.029799,78.086,0.125,9.494,9.818,0.525,0.029634,78.403,0.32399999999999984,9.57437393561696,9.911915,64.098495,1.1056118,0.42258,4.59382,1168
8341-12702,1-575668,0.0601828,0.243,0.243,213.8,10.846892408609962,1,1,0,11.535,11.552,0.037,0.025324,82.799,0.01699999999999946,11.556,11.557,0.001,0.026265,61.541,0.0010000000000012221,11.021329904995776,11.3588705,215.30664,0.88516134,0.889124,8.80502,1040
8341-6102,1-259068,0.0246979,0.469,0.469,124.4,4.2845494122867285,1,1,0,10.25,10.294,0.096,0.031676,67.614,0.04400000000000048,10.196,10.263,0.141,0.031703,66.417,0.06700000000000017,9.73146385734719,10.069004,108.50865,1.1894289,0.493934,4.56267,1168
8341-12701,1-282653,0.0242146,0.81,0.81,88.7,6.2033270506859015,3,1,0,9.952,10.031,0.166,0.029049,76.323,0.07900000000000063,9.939,10.032,0.193,0.029046,76.669,0.09299999999999997,9.46061974515819,9.798161,53.08884,0.95981973,0.300174,8.57495,1168
8341-6101,1-258876,0.0316072,0.599,0.599,140.4,8.679886333515148,1,1,0,10.762,10.762,0.0,0.023633,64.43,0.0,10.751,10.752,0.0,0.024059,70.485,0.0010000000000012221,10.443744747902063,10.781285,127.60762,0.9887901,0.579324,9.7557,1040
8341-3704,1-259250,0.0240353,0.597,0.597,196.0,5.0521127608564065,3,1,2,10.703,10.757,0.113,0.019162,78.776,0.05400000000000027,10.704,10.755,0.109,0.024619,82.407,0.051000000000000156,10.312754761874391,10.650295,190.78987,1.6249577,0.585455,4.579,4096
8341-6104,1-283286,0.031364,0.449,0.449,134.2,6.481275075324994,1,1,2,10.616,10.716,0.205,0.0275,50.628,0.09999999999999964,10.59,10.694,0.212,0.026306,53.871,0.10400000000000098,10.168600594123458,10.506142,130.92351,0.9722938,0.760917,5.45931,4288
8341-9102,1-259245,0.0244724,0.769,0.769,73.9,6.89340261988521,1,1,0,10.065,10.118,0.115,0.028142,61.452,0.053000000000000824,10.078,10.119,0.091,0.028134,61.481,0.04100000000000037,9.593153099376849,9.930694,50.336464,0.9002946,0.561655,6.94866,1168
8329-12704,1-235203,0.0159429,0.719,0.719,75.4,12.171490586540559,1,1,2,9.86,10.213,0.556,0.018139,67.781,0.35299999999999976,9.999,10.221,0.4,0.018118,67.185,0.22199999999999953,9.488162780358612,9.825704,50.45219,0.9276042,0.547486,12.2878,4096
8329-1901,1-235530,0.027447,0.461,0.461,162.6,4.3388369626129855,3,1,0,10.612,10.621,0.018,0.036518,32.391,0.009000000000000341,10.595,10.62,0.054,0.035914,32.591,0.02499999999999858,9.997783359534473,10.335324,169.82999,1.5568064,0.895949,2.79849,1040
8329-6103,1-265988,0.0312672,0.832,0.832,115.3,6.805635061155952,3,1,0,10.619,10.626,0.016,0.023891,59.664,0.006999999999999673,10.619,10.625,0.014,0.023818,59.692,0.006000000000000227,10.216751606701832,10.554293,79.30902,0.96363145,0.641807,6.41402,1168
8329-12701,1-266039,0.0350445,0.694,0.694,114.3,13.223805813543084,3,1,0,11.161,11.161,0.0,0.017688,31.761,0.0,11.147,11.148,0.002,0.017672,31.849,0.0009999999999994458,10.559485286674757,10.897026,87.01507,0.92915624,0.821144,11.1572,1040
8319-1902,1-285062,0.0269767,0.343,0.343,131.8,3.695983422890308,3,1,0,10.357,10.358,0.0,0.036961,32.852,0.0010000000000012221,10.318,10.327,0.019,0.036638,37.214,0.009000000000000341,10.059964585786684,10.397505,138.08882,1.784498,0.887822,2.40312,1168
8319-12704,1-285136,0.0288275,0.785,0.785,91.3,12.554531662513767,1,1,0,10.493,10.638,0.284,0.016596,49.166,0.14499999999999957,10.275,10.637,0.566,0.016482,49.158,0.3620000000000001,10.312553920321049,10.650095,63.387615,0.9128626,0.705926,10.6201,1040
8243-6103,1-47342,0.0314668,0.652,0.652,185.6,6.251592167920106,3,1,0,10.944,11.003,0.126,0.020954,59.785,0.058999999999999275,10.928,10.992,0.135,0.020712,59.765,0.06400000000000006,10.548499974083596,10.886041,170.35826,1.0350504,0.773045,5.41201,1040
8243-12704,1-47291,0.0239134,0.81,0.81,84.9,9.534141849867371,3,1,0,10.11,10.403,0.49,0.019321,55.018,0.29300000000000104,10.289,10.401,0.226,0.019237,54.703,0.1120000000000001,9.985277342205752,10.322818,53.799225,0.89158875,0.63099,9.9008,1040
8243-12701,1-46562,0.0448787,0.827,0.827,165.0,11.434434604109711,3,1,0,11.158,11.242,0.174,0.016045,71.936,0.0840000000000014,11.107,11.237,0.258,0.016011,71.936,0.13000000000000078,10.809410210804478,11.146951,108.63193,0.9006356,0.470275,13.079,1040
8243-6104,1-47248,0.0465202,0.164,0.164,250.5,7.984975004025103,1,1,0,11.485,11.486,0.0,0.028971,38.404,0.0010000000000012221,11.418,11.482,0.134,0.030969,39.677,0.06400000000000006,10.771878382780896,11.109419,252.32057,0.96098924,0.87381,6.14313,1040
8243-9102,1-605419,0.0587489,0.395,0.395,188.6,8.677498120555542,1,1,0,11.33,11.507,0.335,0.018704,20.222,0.1769999999999996,11.333,11.506,0.327,0.018695,20.207,0.17300000000000004,11.111131398785513,11.448672,182.28749,0.91266614,0.976173,6.84591,1024
8439-6103,1-124604,0.0253001,0.831,0.831,133.7,4.8468058018085545,3,1,0,10.451,10.451,0.0,0.028611,79.919,0.0,10.453,10.453,0.0,0.028216,80.013,0.0,10.024374822259768,10.361916,97.88853,1.1135571,0.345553,6.67132,1552
8439-3702,1-585593,0.0265918,0.714,0.714,173.2,5.6034980135138985,1,1,0,10.585,10.697,0.227,0.006068,68.15,0.11199999999999832,10.562,10.695,0.262,0.007475,82.458,0.1330000000000009,10.444845471310462,10.782386,157.39249,1.8978977,0.638836,4.17571,1024
8439-1902,1-156061,0.0259393,0.169,0.169,107.6,12.271744714760233,1,1,2,10.398,10.452,0.117,0.046362,30.252,0.05400000000000027,10.393,10.393,0.0,0.040088,32.323,0.0,9.589396612476538,9.926937,110.00319,1.4762508,0.859392,1.92512,4288
8439-12702,1-155926,0.0269288,0.803,0.803,143.1,11.275155400179736,1,1,0,10.742,11.019,0.471,0.011061,56.158,0.27699999999999925,10.708,11.044,0.538,0.010712,56.158,0.3360000000000003,10.44134001561561,10.778881,119.63587,0.93711716,0.796842,8.68808,1024
8439-12701,1-155978,0.0162666,0.61,0.61,65.1,10.896376234037362,1,1,0,9.317,9.999,0.792,0.042345,64.204,0.6820000000000004,8.921,9.956,0.908,0.04204,67.153,1.0350000000000001,8.950655909403528,9.288197,45.241833,0.96732205,0.526699,11.9432,1040
8439-12703,1-605884,0.0251076,0.798,0.798,103.5,11.002154263819731,3,1,0,10.601,10.603,0.006,0.017606,59.632,0.0019999999999988916,10.577,10.609,0.072,0.017227,59.741,0.03200000000000003,10.166193215170068,10.503734,65.49975,0.921794,0.607205,11.8238,1552
8439-6101,1-156074,0.0263866,0.688,0.688,78.0,6.3899166940059065,1,1,0,10.016,10.189,0.328,0.02873,61.471,0.17300000000000004,10.025,10.188,0.313,0.028761,62.188,0.16300000000000026,9.430018587145234,9.767559,60.63107,0.99287593,0.571587,6.42902,1168
8439-12705,1-156062,0.0511487,0.177,0.177,182.2,12.09536617513744,1,1,2,11.36,11.405,0.098,0.030903,32.121,0.04499999999999993,11.329,11.37,0.089,0.031337,36.01,0.04099999999999859,10.71546431707162,11.053005,186.72623,0.9473778,0.844666,10.779,4160
8439-3703,1-156158,0.138619,0.525,0.525,139.0,6.531787488092025,1,1,2,11.874,11.874,0.0,0.042403,18.211,0.0,11.873,11.874,0.001,0.042299,18.213,0.0010000000000012221,11.029789470831856,11.367331,136.85376,0.85890967,0.933317,5.10564,4160
8326-1901,1-320681,0.0278739,0.576,0.576,185.6,4.0548935364626395,1,1,0,10.71,10.735,0.054,0.039449,46.498,0.02499999999999858,10.698,10.733,0.074,0.036821,47.129,0.03500000000000014,10.184379080658596,10.521919,182.63416,1.5826485,0.859808,3.10794,1040
8326-3702,1-321069,0.0726445,0.434,0.434,240.4,5.60171189226634,3,1,0,11.395,11.426,0.067,0.030634,72.697,0.031000000000000583,11.389,11.423,0.073,0.031347,82.961,0.034000000000000696,10.999752381567356,11.337293,233.6701,0.9990702,0.613687,5.17041,1040
8326-12702,1-235575,0.0271793,0.699,0.699,62.4,10.694240677015214,1,1,0,9.703,10.588,0.87,0.019833,36.616,0.8849999999999998,9.185,10.607,0.962,0.018943,36.617,1.4219999999999988,9.670367401399092,10.007908,42.869972,0.86885196,0.873253,8.38001,1168
8326-3701,1-235530,0.027447,0.429,0.429,160.8,4.333569252824301,1,1,0,10.58,10.58,0.0,0.032163,33.701,0.0,10.603,10.604,0.0,0.031306,32.966,0.0009999999999994458,9.997783359534473,10.335324,168.04117,1.4109844,0.895949,2.79849,1040
8326-12701,1-235398,0.0280844,0.707,0.707,129.7,7.886182126857604,3,1,0,10.708,10.708,0.0,0.0212,62.858,0.0,10.717,10.717,0.0,0.01979,62.654,0.0,10.219835914662875,10.557377,108.55329,0.9393992,0.596415,8.44428,1552
8326-6104,1-320584,0.071057,0.277,0.277,294.3,7.409401886207906,1,1,0,11.598,11.688,0.185,0.020858,85.23,0.08999999999999986,11.599,11.685,0.176,0.028322,85.23,0.0860000000000003,11.031816307505684,11.369357,291.40457,0.9975563,0.839827,5.3306,1040
7991-6103,1-24006,0.0311171,0.814,0.814,59.0,3.9887705875200425,1,1,0,8.813,9.64,0.851,0.038494,77.866,0.827,8.312,9.626,0.951,0.03816,77.866,1.314,9.448608940474736,9.78615,33.965492,0.95301276,0.378606,5.35987,64
7991-3702,1-23979,0.0266298,0.666,0.666,105.6,4.901487293681805,3,1,0,10.276,10.357,0.17,0.032707,45.842,0.08099999999999952,10.262,10.362,0.204,0.032166,45.96,0.09999999999999964,9.950524034052464,10.288065,95.09604,1.0044144,0.740375,4.33234,1168
7991-1902,1-24099,0.0281658,0.665,0.665,120.2,3.3943322714030226,3,1,0,10.226,10.261,0.076,0.030804,48.855,0.034999999999998366,10.202,10.27,0.145,0.030892,49.232,0.06799999999999962,10.07136643675913,10.408907,113.10084,1.5391245,0.775333,3.07681,1168
7991-9101,1-23929,0.0283133,0.821,0.821,84.3,6.970905400066627,3,1,0,10.106,10.229,0.247,0.031359,70.184,0.12299999999999933,10.097,10.235,0.271,0.031366,70.658,0.1379999999999999,9.698605912984592,10.036146,52.570282,0.88621545,0.456738,7.97234,64
7991-12704,1-24368,0.0250049,0.68,0.68,71.0,9.54703745476179,1,1,0,8.665,10.371,0.98,0.028241,46.074,1.7060000000000013,9.353,10.365,0.903,0.028124,46.626,1.0120000000000005,9.475477964189142,9.813019,53.59901,0.8936564,0.771182,8.82633,1168
7991-6102,1-24354,0.0275173,0.735,0.735,73.6,3.960291221041452,1,1,2,9.848,9.971,0.246,0.042502,58.549,0.12299999999999933,9.846,9.97,0.248,0.042586,59.26,0.12400000000000055,9.593453326815007,9.930994,57.275837,0.9444554,0.381705,5.66283,4160
7991-12701,1-595027,0.0288967,0.85,0.85,121.6,8.32026923919168,3,1,0,10.647,10.647,0.0,0.018633,65.636,0.0,10.651,10.652,0.0,0.017969,65.593,0.0009999999999994458,10.15839265038712,10.495934,70.08806,0.98911566,0.515362,9.24619,1552
7991-12703,1-595093,0.0300075,0.826,0.826,149.9,9.957898108925233,3,1,0,10.856,10.889,0.073,0.020625,74.911,0.032999999999999474,10.874,10.894,0.044,0.020312,74.911,0.019999999999999574,10.481706278440688,10.819247,109.14754,0.916817,0.396696,11.5,1040
7991-6101,1-24018,0.0328402,0.451,0.451,128.1,7.648537863404563,1,1,0,10.67,10.67,0.0,0.035839,26.94,0.0,10.674,10.679,0.012,0.033162,26.838,0.005000000000000782,10.37914228664732,10.716682,129.19946,1.0493155,0.931379,6.20881,1040
7991-3704,1-23891,0.0274682,0.668,0.668,153.8,5.4111648889258115,1,1,0,10.653,10.691,0.083,0.032387,80.702,0.038000000000000256,10.663,10.692,0.066,0.032166,80.732,0.028999999999999915,10.217476047878813,10.5550165,138.08511,1.3355514,0.501249,5.1223,1040
7991-6104,1-24148,0.0282021,0.713,0.713,131.2,4.8063646444443195,3,1,0,10.296,10.449,0.297,0.018311,78.594,0.15300000000000047,10.203,10.433,0.41,0.017708,78.361,0.23000000000000043,10.137774907199372,10.475315,110.17038,1.1461816,0.464158,5.4097,1168
7991-3703,1-24124,0.0268484,0.714,0.714,64.9,4.256576376098324,1,1,2,9.181,9.85,0.785,0.032499,59.268,0.6690000000000005,9.682,9.854,0.327,0.033774,62.779,0.17199999999999882,9.457127658016958,9.794668,51.00471,0.9237707,0.548197,4.65501,4672
7977-1901,1-115062,0.0260569,0.15,0.15,126.8,1.82062040402632,1,1,2,10.047,10.047,0.0,0.054992,33.92,0.0,10.044,10.05,0.013,0.052894,34.361,0.006000000000000227,9.620189166878436,9.957729,127.71718,1.3908427,0.865932,1.29971,4288
7977-3702,1-114928,0.0273478,0.644,0.644,173.7,5.8641396277705535,1,1,0,10.634,10.722,0.181,0.013914,72.045,0.08799999999999919,10.647,10.725,0.162,0.01608,86.698,0.0779999999999994,10.31298508676832,10.650526,162.04541,1.1890662,0.680598,4.63049,1040
7977-1902,1-115128,0.0358116,0.643,0.643,106.3,7.411521164755127,3,1,0,10.653,10.672,0.043,0.036548,68.947,0.019000000000000128,10.662,10.675,0.029,0.036751,69.037,0.0129999999999999,10.241075573682414,10.578616,84.9227,0.9304918,0.49669,7.78621,64
7977-9101,1-596598,0.0265918,0.688,0.688,108.3,7.453829183081331,1,1,0,10.329,10.45,0.242,0.019168,63.877,0.12099999999999866,10.23,10.441,0.385,0.019881,64.057,0.2110000000000003,10.328018560809646,10.665559,97.414406,0.93104064,0.633549,6.94501,1040
7977-12704,1-636015,0.0273857,0.775,0.775,136.9,8.527521922065901,3,1,0,10.623,10.624,0.0,0.024099,77.953,0.0010000000000012221,10.5,10.597,0.201,0.020551,77.503,0.09699999999999953,10.233341376909852,10.570882,100.081955,0.95146793,0.320413,11.7411,1040
7977-3701,1-115097,0.0274473,0.341,0.341,112.8,4.672409207109314,1,1,2,10.252,10.255,0.005,0.040856,69.758,0.0030000000000001137,10.299,10.299,0.0,0.050103,86.509,0.0,9.909029957699211,10.246571,111.58621,1.0564697,0.528689,4.65282,4288
7977-3704,1-114956,0.0270248,0.73,0.73,106.0,4.628957737520637,3,1,0,10.241,10.313,0.153,0.030432,53.127,0.07200000000000095,10.203,10.329,0.252,0.030079,52.966,0.12600000000000122,10.056157526974676,10.393698,96.24014,1.1729326,0.756417,3.93806,1168
7975-3702,1-114171,0.0881405,0.306,0.306,284.6,4.943893985814976,1,1,0,11.553,11.592,0.084,0.023897,85.23,0.0389999999999997,11.567,11.593,0.057,0.043915,85.23,0.0259999999999998,11.128967615631462,11.466508,283.86038,1.0509652,0.849777,4.32828,1040
7975-9101,1-114306,0.0636505,0.808,0.808,104.3,8.333338276208048,1,1,0,10.794,11.237,0.639,0.020271,31.956,0.4429999999999996,10.631,11.259,0.765,0.020083,32.005,0.6280000000000001,10.423671765289518,10.761212,70.02174,0.93627834,0.811891,7.50072,64
7975-9102,1-114500,0.0220849,0.79,0.79,95.2,6.2571397315197075,3,1,0,10.134,10.137,0.006,0.026896,76.184,0.0030000000000001137,10.107,10.137,0.067,0.02741,76.977,0.030000000000001137,9.82239693934044,10.159938,66.23783,0.99119127,0.355321,7.54684,1040
7975-6102,1-114145,0.0341885,0.731,0.731,129.1,7.212457430253357,3,1,2,10.737,10.797,0.129,0.022331,52.95,0.0600000000000005,10.73,10.8,0.148,0.022441,53.009,0.07000000000000028,10.370496435464458,10.708037,109.10497,1.0115836,0.655866,6.64386,4240
7975-3703,1-114532,0.0902261,0.227,0.227,185.1,3.645672177405128,1,1,0,11.083,11.108,0.053,0.043401,82.799,0.025000000000000355,11.114,11.114,0.0,0.042395,82.774,0.0,10.841614715532263,11.179155,185.97957,1.0351171,0.920698,2.77167,32
7975-12703,1-114325,0.0288791,0.855,0.855,122.7,10.02864507885612,3,1,0,10.708,10.714,0.012,0.024499,80.835,0.006000000000000227,10.392,10.668,0.47,0.02137,80.838,0.2759999999999998,10.264541580529748,10.602082,68.923996,0.90968215,0.244175,15.3995,1552
7975-3704,1-550578,0.0766043,0.059,0.059,259.2,8.900125026070567,1,1,0,12.243,12.823,0.736,0.017871,2.566,0.5800000000000001,12.244,12.823,0.736,0.017886,2.566,0.5790000000000006,11.024690862355431,11.362231,258.91483,1.050269,0.855146,7.10584,1040
7975-1902,1-114334,0.0222473,0.736,0.736,123.0,3.0331523057088376,1,1,0,10.023,10.11,0.182,0.021187,72.512,0.08699999999999974,9.965,10.101,0.268,0.02158,72.398,0.136000000000001,9.921510641647906,10.259051,108.16928,1.7835972,0.56156,3.08396,1552
8459-3702,1-166919,0.0722105,0.687,0.687,158.9,4.938388342906874,3,1,2,11.23,11.272,0.092,0.02851,32.071,0.041999999999999815,11.228,11.263,0.077,0.028349,32.123,0.03500000000000014,10.781736710356325,11.119277,141.81837,1.0286216,0.866956,4.04089,4288
8459-12704,1-167075,0.0158584,0.692,0.692,69.6,9.331387750295061,1,1,0,9.982,10.098,0.234,0.070982,53.497,0.11600000000000144,9.805,10.118,0.513,0.071335,54.023,0.3130000000000006,8.806883097275575,9.1444235,56.215794,0.8893773,0.62063,9.65353,1168
8459-12703,1-167113,0.0264594,0.702,0.702,84.1,7.258880506546514,3,1,2,10.183,10.183,0.0,0.028662,71.936,0.0,10.14,10.181,0.089,0.028506,71.936,0.04099999999999859,9.553639122438485,9.89118,63.21372,0.89086735,0.415025,8.60184,4240
8317-1901,1-283711,0.094444,0.441,0.441,138.7,19.65840250397797,1,1,0,11.532,11.532,0.0,0.067062,27.066,0.0,11.683,11.683,0.0,0.038534,26.137,0.0,11.897247605044448,12.234788,150.34502,1.0167717,0.60888,-9999.0,8192
8317-3702,1-259117,0.0389212,0.169,0.169,222.6,8.13804471711894,1,1,0,11.073,11.197,0.247,0.010537,85.845,0.12399999999999878,11.072,11.199,0.252,0.0166,85.845,0.12700000000000067,10.5895575545964,10.927098,226.41423,1.0869411,0.74908,4.57707,1040
8317-12704,1-259142,0.0543234,0.749,0.749,201.8,9.662371483935758,3,1,0,11.415,11.451,0.079,0.028077,68.993,0.036000000000001364,11.4,11.434,0.073,0.02659,68.953,0.03399999999999892,10.914190254316734,11.251731,180.26646,0.91813254,0.577156,10.7006,1040
8317-6102,1-259537,0.0578109,0.795,0.795,163.4,6.882368619000247,1,1,0,11.167,11.303,0.268,0.021013,49.06,0.136000000000001,11.244,11.287,0.095,0.019737,49.06,0.04300000000000104,10.74656803792884,11.084108,114.35089,0.9499653,0.817107,5.83389,1040
8261-3702,1-575845,0.101657,0.15,0.15,244.1,6.038589542495431,1,1,0,11.576,11.695,0.238,0.030184,24.344,0.11899999999999977,11.599,11.677,0.163,0.029974,26.033,0.0779999999999994,11.126654065048623,11.464194,245.98203,0.9076324,0.908547,4.92217,1040
8261-1902,1-282151,0.023694,0.562,0.562,189.7,3.4097781999562478,1,1,0,10.428,10.498,0.144,0.020215,86.643,0.06999999999999851,10.432,10.499,0.139,0.027858,86.643,0.06700000000000017,9.973530082695449,10.31107,188.78726,1.6185385,0.643978,2.41531,1040
8261-6102,1-258315,0.0228629,0.599,0.599,85.9,6.978583912653873,3,1,0,10.299,10.457,0.305,0.019944,35.103,0.15800000000000125,10.353,10.419,0.141,0.019155,35.194,0.06600000000000072,9.973041448123851,10.310582,75.83746,0.94386476,0.864719,5.54978,1040
8261-3701,1-575838,0.0409084,0.619,0.619,157.1,6.4740488655246,1,1,0,10.8,10.877,0.161,0.021888,69.808,0.07699999999999996,10.852,10.885,0.072,0.020126,69.808,0.032999999999999474,10.580615958139038,10.918157,144.62688,1.0967014,0.736539,4.97921,1040
8261-6101,1-258118,0.0671612,0.124,0.124,255.8,7.722081818124582,1,1,0,11.547,11.604,0.121,0.024158,78.077,0.05699999999999861,11.58,11.605,0.056,0.026081,85.847,0.025000000000000355,11.014629728672045,11.35217,257.45895,0.9303335,0.752772,6.58426,1040
8261-3704,1-258685,0.0861471,0.279,0.279,205.0,5.8748760113211835,3,1,2,11.42,11.487,0.141,0.034336,17.992,0.06700000000000017,11.417,11.485,0.144,0.034355,18.091,0.06799999999999962,11.019818074969756,11.357359,206.12259,0.94419485,0.966007,4.3242,4096
8261-12705,1-575847,0.0257328,0.674,0.674,121.6,11.169106477273854,3,1,0,10.72,10.72,0.0,0.019599,76.03,0.0,10.712,10.714,0.004,0.018453,75.374,0.002000000000000668,10.31204823411121,10.649589,94.875824,0.9040511,0.411278,12.2771,1088
8261-3703,1-258477,0.0658507,0.044,0.044,286.1,7.147198554240802,1,1,0,11.607,11.65,0.092,0.029496,82.799,0.04300000000000104,11.64,11.652,0.024,0.030109,82.799,0.011999999999998678,10.947906972373561,11.285447,291.61655,0.9831886,0.923742,4.56144,1040
8601-1901,1-211100,0.0309313,0.219,0.219,182.4,4.852062892923976,1,1,0,10.756,10.792,0.079,0.032342,86.357,0.03599999999999959,10.76,10.793,0.072,0.055696,86.357,0.032999999999999474,10.272797395340083,10.610338,185.91325,1.2553668,0.772068,2.99247,1040
8451-6103,1-558910,0.0587222,0.441,0.441,210.1,7.840231411025583,1,1,0,11.346,11.346,0.0,0.036063,67.371,0.0,11.316,11.338,0.048,0.031146,86.206,0.021999999999998465,10.891018112401628,11.228559,204.89348,0.8864808,0.681116,6.47136,1040
8451-6102,1-256048,0.0757031,0.073,0.073,264.6,7.663572357290247,1,1,0,11.614,11.645,0.065,0.040179,39.215,0.030999999999998806,11.757,11.758,0.0,0.037142,3.043,0.0009999999999994458,11.041759706274034,11.3793,277.5229,0.9204731,0.831523,5.8069,1040
8451-3703,1-277858,0.036215,0.565,0.565,232.3,5.190057030885862,1,1,0,11.041,11.078,0.079,0.031325,71.404,0.036999999999999034,11.032,11.099,0.14,0.025136,71.413,0.06700000000000017,10.46055056891297,10.798091,223.62572,1.1688844,0.660241,4.46581,1168
8082-1901,1-38103,0.0285588,0.093,0.093,73.1,3.3475227646712336,1,1,2,9.822,9.838,0.037,0.047218,33.361,0.016000000000000014,9.871,9.871,0.0,0.043425,28.471,0.0,9.752312787359237,10.089853,71.84485,1.402576,0.942915,2.06588,4224
8082-3702,1-37973,0.0213565,0.636,0.636,69.1,4.397251002501932,1,1,0,7.897,9.682,0.984,0.059528,70.321,1.7850000000000001,9.041,9.723,0.792,0.051539,86.56,0.6820000000000004,8.797167094287605,9.134707,46.05098,0.87257534,0.447441,5.10403,1168
8082-1902,1-604037,0.0210053,0.695,0.695,72.1,3.681179457311765,3,1,0,9.655,9.764,0.222,0.024449,53.934,0.10899999999999999,9.633,9.764,0.261,0.024411,53.614,0.13100000000000023,9.78006804345301,10.117609,65.76693,1.39601,0.699997,3.26276,1552
8082-12701,1-604017,0.0268005,0.814,0.814,100.5,10.6769126979091,1,1,0,10.452,10.691,0.423,0.0179,50.106,0.23900000000000077,10.421,10.699,0.473,0.017894,49.896,0.27800000000000047,10.097035071811241,10.434576,66.77192,0.91379124,0.680154,9.84356,1040
8082-12703,1-38042,0.021046,0.82,0.82,101.2,7.271227501045243,3,1,2,10.214,10.224,0.021,0.026399,75.862,0.009999999999999787,10.073,10.203,0.259,0.024804,76.686,0.129999999999999,9.935544043266502,10.273085,70.20763,0.9737929,0.357416,9.16724,4624
8082-3704,1-38374,0.0238287,0.626,0.626,67.5,3.3044680643277333,1,1,0,9.635,9.677,0.091,0.039521,67.791,0.041999999999999815,9.573,9.665,0.189,0.039405,66.647,0.09199999999999875,9.761018475218947,10.098559,60.53519,1.3041561,0.545121,3.38584,1168
8082-9102,1-109394,0.0361073,0.825,0.825,140.8,5.8468736000974,1,1,2,10.682,10.682,0.0,0.02583,80.22,0.0,10.684,10.684,0.0,0.025599,79.682,0.0,10.29984928260137,10.63739,100.694405,0.9734468,0.42712,7.17137,4288
8143-3702,1-44483,0.0245084,0.174,0.174,136.1,4.939794511256098,1,1,0,10.31,10.433,0.246,0.018468,74.393,0.12299999999999933,10.339,10.442,0.21,0.018502,75.958,0.10299999999999976,9.805059543057055,10.1426,129.41724,1.1750962,0.469767,4.45479,1168
8143-12703,1-44565,0.0152769,0.694,0.694,72.1,8.768939468843051,1,1,0,9.399,9.851,0.647,0.027925,82.98,0.45200000000000173,9.808,9.912,0.213,0.02701,82.867,0.10400000000000098,9.075156285645894,9.412697,51.129093,0.92724085,0.223228,15.1707,1024
8143-6101,1-72322,0.126168,0.751,0.751,260.5,6.576368832543309,3,1,0,11.876,11.889,0.03,0.042767,49.366,0.0129999999999999,11.858,11.895,0.081,0.043359,49.497,0.036999999999999034,11.220110704263993,11.5576515,226.27643,1.0332427,0.754247,6.02849,1024
8143-3704,1-44418,0.0315773,0.137,0.137,241.7,8.282852514016703,1,1,0,11.189,11.194,0.007,0.0285,55.602,0.005000000000000782,11.183,11.189,0.009,0.030248,82.799,0.006000000000000227,10.573077088668873,10.910618,255.33054,1.3127424,0.928551,4.22093,1040
8256-1901,1-277154,0.0246318,0.596,0.596,42.1,2.8469026800750794,1,1,2,9.201,9.321,0.242,0.067308,49.109,0.11999999999999922,9.169,9.329,0.308,0.067349,49.217,0.16000000000000014,9.134177107576766,9.471718,38.90684,0.9840702,0.689896,2.76216,4672
8256-6103,1-256048,0.0757031,0.054,0.054,270.2,7.586707387315667,1,1,0,11.585,11.671,0.179,0.018856,39.215,0.08599999999999852,11.619,11.68,0.129,0.0186,11.198,0.06099999999999994,11.041759706274034,11.3793,275.79672,0.9229351,0.831523,5.8069,1040
8256-3702,1-277159,0.0251058,0.609,0.609,72.9,3.82269127342558,1,1,2,9.645,9.814,0.323,0.026952,73.975,0.16900000000000048,9.569,9.804,0.417,0.026522,75.571,0.23499999999999943,9.520335467453856,9.857876,67.208984,0.9802964,0.551099,4.23141,4240
8256-3701,1-277161,0.0240103,0.578,0.578,162.0,4.833342983773727,1,1,0,10.577,10.616,0.083,0.02364,58.374,0.0389999999999997,10.601,10.607,0.013,0.024728,78.632,0.005999999999998451,10.145820818801546,10.483361,149.54669,1.4111104,0.719208,3.88575,1040
8256-12701,1-277691,0.0255946,0.727,0.727,78.6,3.5020294819411952,1,1,2,9.806,9.806,0.0,0.038265,86.816,0.0,9.807,9.807,0.0,0.04176,86.816,0.0,9.313820836928237,9.651361,61.04911,1.0005546,0.376089,4.68626,4288
8256-6104,1-558910,0.0587222,0.429,0.429,212.6,7.840231411025583,1,1,0,11.37,11.371,0.0,0.027728,66.159,0.0010000000000012221,11.342,11.363,0.046,0.029189,86.206,0.02099999999999902,10.891018112401628,11.228559,206.31587,0.96288025,0.681116,6.47136,1040
8256-3703,1-277858,0.036215,0.572,0.572,228.8,5.073048748510358,1,1,0,11.016,11.085,0.142,0.018158,69.394,0.06900000000000084,11.019,11.088,0.145,0.018619,70.314,0.06899999999999906,10.46055056891297,10.798091,220.35863,1.3250757,0.660241,4.46581,1168
8249-1901,1-137890,0.0265684,0.081,0.081,113.1,2.8304118867321995,1,1,2,10.052,10.053,0.0,0.045587,68.709,0.0010000000000012221,10.058,10.058,0.0,0.045672,68.709,0.0,9.57564961475522,9.91319,110.28433,1.3304092,0.549448,2.95254,4224
8249-6103,1-155456,0.040334,0.075,0.075,177.8,10.96452902143009,1,1,0,11.146,11.207,0.129,0.005211,80.043,0.06099999999999994,11.175,11.207,0.07,0.005231,77.69,0.03200000000000003,10.75291463509087,11.090455,182.65175,0.9395984,0.962315,6.54493,1040
8249-3702,1-155558,0.0267975,0.601,0.601,76.6,3.6731695601150114,1,1,2,9.907,9.908,0.0,0.043119,71.05,0.0009999999999994458,9.907,9.907,0.0,0.043109,71.274,0.0,9.58818988365828,9.925731,68.53065,1.0348551,0.589713,3.97204,4288
8249-1902,1-137915,0.031543,0.065,0.065,94.7,3.78953009621513,2,1,2,10.238,10.24,0.006,0.026827,18.768,0.002000000000000668,10.229,10.238,0.02,0.026834,18.833,0.009000000000000341,9.97464292839714,10.312183,96.901924,1.2821367,0.961667,2.61801,4224
8249-12704,1-567155,0.0269196,0.748,0.748,105.1,14.717654485176892,1,1,2,10.711,11.108,0.598,0.009661,36.763,0.39700000000000024,10.74,11.097,0.561,0.009627,36.763,0.3569999999999993,10.476559203651647,10.8141,77.04797,0.91238314,0.851141,12.1608,4096
8249-3701,1-137801,0.0490247,0.305,0.305,223.4,5.8614610745031275,1,1,0,11.138,11.209,0.149,0.013023,84.745,0.07099999999999973,11.135,11.207,0.149,0.025124,84.356,0.07200000000000095,10.795426724862065,11.132967,221.69278,1.019932,0.89272,4.92367,1040
8249-12703,1-137908,0.0269041,0.812,0.812,108.8,18.168335577060734,1,1,2,10.654,10.945,0.488,0.014897,52.997,0.29100000000000037,10.996,10.996,0.0,0.005073,52.815,0.0,10.483939439016067,10.82148,64.95823,0.9022998,0.700622,16.0867,4096
8249-6101,1-155463,0.026734,0.605,0.605,93.3,6.0483617197121164,1,1,0,10.615,10.999,0.586,0.01651,18.252,0.38400000000000034,10.598,10.995,0.598,0.016433,18.264,0.39699999999999847,9.90889927758109,10.24644,82.70588,1.0076098,0.558139,6.21499,1168
8249-3704,1-137883,0.0268253,0.512,0.512,127.1,5.708887701277022,1,1,0,10.516,10.516,0.0,0.035198,61.039,0.0,10.513,10.516,0.005,0.035258,61.024,0.0030000000000001137,9.927267680810882,10.264809,114.415474,1.0612565,0.802596,4.68612,1168
8249-6104,1-137845,0.0320271,0.238,0.238,211.8,8.779236749316889,1,1,0,11.116,11.189,0.153,0.003015,86.055,0.0730000000000004,11.121,11.19,0.147,0.004828,86.055,0.06899999999999906,10.672021156605512,11.009562,210.64024,1.0232059,0.744394,7.28768,1040
8249-12705,1-137853,0.0321364,0.072,0.072,207.5,9.871116816688675,1,1,0,11.153,11.281,0.255,0.013578,3.562,0.1280000000000001,11.162,11.297,0.265,0.013579,3.387,0.1349999999999998,10.637300560077282,10.974841,212.44135,0.98251045,0.86344,6.52672,1040
8274-6103,1-256048,0.0757031,0.059,0.059,269.0,6.954931274454417,1,1,0,11.531,11.639,0.218,0.014961,80.043,0.10799999999999876,11.561,11.644,0.173,0.015056,80.043,0.08300000000000018,11.041759706274034,11.3793,272.43445,0.94640595,0.831523,5.8069,1040
8274-3702,1-277159,0.0251058,0.616,0.616,74.6,3.8935173010253523,1,1,2,9.678,9.828,0.292,0.030227,78.807,0.14999999999999858,9.855,9.863,0.018,0.036089,86.636,0.007999999999999119,9.520335467453856,9.857876,69.59315,0.9700857,0.551099,4.23141,4240
8274-3701,1-277161,0.0240103,0.565,0.565,161.4,4.849334192983897,1,1,0,10.563,10.607,0.093,0.022614,58.901,0.04399999999999871,10.542,10.591,0.107,0.023825,74.002,0.04899999999999949,10.145820818801546,10.483361,151.09264,1.3222175,0.719208,3.88575,1040
8274-12701,1-277691,0.0255946,0.759,0.759,76.7,3.550877532654967,1,1,2,9.326,9.723,0.599,0.043845,86.749,0.39700000000000024,9.821,9.821,0.0,0.050585,86.749,0.0,9.313820836928237,9.651361,57.77752,1.0126374,0.376089,4.68626,4288
8274-6104,1-558910,0.0587222,0.422,0.422,212.7,7.923728767935006,1,1,0,11.381,11.382,0.0,0.029732,64.154,0.0009999999999994458,11.375,11.375,0.0,0.030423,81.691,0.0,10.891018112401628,11.228559,207.312,0.95307034,0.681116,6.47136,1040
8274-3703,1-277858,0.036215,0.569,0.569,231.0,5.082463208011835,1,1,0,11.027,11.091,0.134,0.033098,71.613,0.06400000000000006,11.002,11.101,0.201,0.025555,71.613,0.0990000000000002,10.46055056891297,10.798091,221.12787,0.9652479,0.660241,4.46581,1168
8258-1901,1-277213,0.021032,0.758,0.758,67.3,3.0172429969681374,1,1,0,9.043,9.724,0.792,0.027129,52.869,0.6810000000000009,9.212,9.73,0.696,0.027145,52.907,0.5180000000000007,9.313650018823289,9.651191,54.057335,1.1062222,0.704367,2.88093,1168
8258-1902,1-256381,0.0248235,0.553,0.553,96.3,2.415284662241857,1,1,0,9.834,9.91,0.16,0.028421,58.044,0.07600000000000051,9.918,9.919,0.0,0.026028,61.333,0.0010000000000012221,9.588185399750614,9.925726,90.79185,1.4470838,0.771833,2.15481,1168
8258-12702,1-256546,0.0212478,0.759,0.759,72.7,7.073362863064258,1,1,0,9.89,9.977,0.182,0.036523,76.052,0.08699999999999974,9.991,9.991,0.0,0.036058,76.449,0.0,8.998833657434078,9.336374,49.629925,0.87980336,0.351659,9.01082,1168
8258-12704,1-256293,0.0250287,0.721,0.721,181.0,10.928266486212753,3,1,2,10.979,11.1,0.243,0.012546,65.525,0.12100000000000044,10.947,11.121,0.329,0.012146,65.525,0.17400000000000126,10.601778694571275,10.93932,155.15843,0.9188083,0.660178,10.0381,4160
8258-6102,1-256009,0.04935,0.448,0.448,224.4,7.083339913681934,1,1,0,11.287,11.324,0.08,0.029487,56.225,0.036999999999999034,11.279,11.316,0.08,0.029599,59.95,0.03700000000000081,10.744471359353984,11.082012,215.7643,0.93199533,0.737409,6.32629,1040
8258-12701,1-256190,0.0254569,0.69,0.69,81.2,12.266579591281177,1,1,0,10.181,10.43,0.436,0.029139,68.688,0.24900000000000055,10.13,10.427,0.495,0.029172,69.583,0.2969999999999988,9.718726666539842,10.056268,57.48704,0.91511714,0.497964,13.1197,1168
8258-3703,1-256506,0.0587373,0.306,0.306,206.4,6.290617206995946,1,1,0,11.175,11.261,0.177,0.013895,80.043,0.08599999999999852,11.219,11.268,0.106,0.013822,80.043,0.049000000000001265,10.907048401255793,11.244589,204.71161,1.0001998,0.932408,4.74792,1040
8252-1901,1-567184,0.0253779,0.205,0.205,72.2,3.3396806200739166,1,1,0,9.634,9.635,0.0,0.041164,80.043,0.0009999999999994458,9.635,9.635,0.0,0.041102,80.043,0.0,9.604739988111769,9.942281,74.44572,1.1733501,0.963776,2.40002,1168
8252-1902,1-138164,0.0258991,0.238,0.238,61.1,1.6010499955749904,1,1,2,9.544,9.544,0.0,0.060491,19.084,0.0,9.543,9.544,0.0,0.060411,19.092,0.0010000000000012221,9.088844562727004,9.426385,61.442696,1.2301182,0.917753,1.42919,4672
8252-9101,1-605973,0.0247802,0.862,0.862,111.5,5.296266931418494,3,1,0,10.208,10.208,0.0,0.033596,82.646,0.0,10.192,10.205,0.03,0.033301,82.705,0.0129999999999999,9.778909156366662,10.116449,70.00118,0.9797903,0.319545,7.16212,1168
8252-12702,1-567187,0.0336686,0.565,0.565,192.5,9.60804493997279,1,1,0,11.126,11.168,0.091,0.018538,61.371,0.041999999999999815,11.11,11.161,0.109,0.019029,64.92,0.051000000000000156,10.614306511313034,10.951847,178.44647,0.9270438,0.667129,8.42055,1040
8252-6102,1-138102,0.0257882,0.74,0.74,102.5,7.47347043950971,1,1,0,9.963,10.41,0.642,0.016857,62.716,0.44700000000000095,9.71,10.401,0.796,0.016494,62.716,0.690999999999999,10.104954613874035,10.442495,75.16271,0.9735329,0.739386,6.6026,1040
8252-3701,1-138034,0.027267,0.59,0.59,165.2,7.501382091272409,3,1,0,10.887,10.887,0.0,0.027008,80.829,0.0,10.887,10.888,0.0,0.027101,80.829,0.0009999999999994458,10.350517429989566,10.688058,140.39034,1.0569403,0.52102,7.42374,1024
8252-12705,1-138021,0.0255975,0.671,0.671,76.3,17.339154263041234,1,1,0,10.415,11.064,0.775,0.028387,31.598,0.6490000000000009,9.8,11.031,0.941,0.027988,31.79,1.2309999999999999,9.976408675874623,10.31395,45.972416,0.8930689,0.853881,14.8667,1168
8259-3702,1-257813,0.0358399,0.303,0.303,92.2,6.527045056039647,1,1,2,10.258,10.634,0.579,0.02696,18.406,0.3760000000000012,10.191,10.656,0.657,0.026536,18.412,0.46499999999999986,10.198904399456733,10.536445,93.46461,0.9192594,0.945087,4.77849,4224
8259-1902,1-257652,0.0242111,0.731,0.731,86.1,2.7779101003645823,1,1,0,9.707,9.873,0.318,0.03111,72.261,0.1659999999999986,9.891,9.913,0.049,0.028896,71.271,0.02200000000000024,9.502175757367258,9.839716,74.30658,1.0583546,0.664094,2.68176,1168
8259-12702,1-257825,0.0240667,0.85,0.85,104.4,8.611616464854368,3,1,0,10.36,10.421,0.13,0.025528,74.828,0.06099999999999994,10.427,10.429,0.004,0.025472,74.775,0.002000000000000668,9.709557416270885,10.047098,58.516373,0.8779824,0.345568,9.88495,1168
8259-12701,1-257984,0.0196167,0.557,0.557,63.6,7.381076676588254,1,1,0,9.839,9.839,0.0,0.039145,82.599,0.0,9.835,9.835,0.0,0.039138,86.064,0.0,8.941294728241273,9.278835,50.647903,0.89327353,0.39681,9.09648,1168
8259-12703,1-257940,0.0227985,0.728,0.728,89.3,6.058130302485396,1,1,0,9.929,9.929,0.0,0.03912,83.863,0.0,9.922,9.922,0.0,0.040054,83.863,0.0,9.263536654658887,9.601077,64.26848,0.86761534,0.228855,10.8421,1168
8244-6103,1-47705,0.126344,0.135,0.135,267.8,5.737176596725048,1,1,0,11.713,11.765,0.112,0.040593,39.215,0.05200000000000138,11.748,11.771,0.049,0.040127,39.215,0.023000000000001464,11.202311184698006,11.539852,270.57135,0.91524935,0.738235,5.93966,1040
8244-6102,1-47136,0.0304809,0.693,0.693,115.8,6.038286665684196,1,1,2,10.5,10.513,0.03,0.031201,83.439,0.0129999999999999,10.42,10.494,0.157,0.029475,84.119,0.07399999999999984,10.095120512358449,10.432661,96.052635,0.9647316,0.51804,6.65831,4288
8244-6101,1-47120,0.0543933,0.634,0.634,117.4,7.296176360959616,1,1,2,11.172,11.189,0.037,0.024882,25.841,0.01699999999999946,11.126,11.195,0.147,0.024035,25.908,0.06900000000000084,10.55074552828043,10.888287,105.759544,0.97329676,0.870151,5.99816,4224
8244-6104,1-47862,0.0317576,0.513,0.513,129.8,4.3522081970492605,1,1,0,10.418,10.509,0.188,0.019767,42.506,0.09100000000000108,10.417,10.512,0.196,0.019531,42.568,0.09500000000000064,10.378962661544929,10.716503,121.30471,1.0581062,0.803033,5.53976,1040
8257-3702,1-277516,0.0795165,0.049,0.049,249.9,6.24866077506106,1,1,0,11.45,11.555,0.212,0.016741,39.215,0.10500000000000043,11.544,11.62,0.16,0.01647,3.925,0.07599999999999874,11.001028060151471,11.338569,251.77104,0.901643,0.922249,4.83053,1040
8257-1902,1-278081,0.0368293,0.656,0.656,164.4,4.175537139729871,1,1,2,10.771,10.788,0.037,0.034119,60.904,0.01699999999999946,10.778,10.779,0.002,0.032383,60.965,0.0009999999999994458,10.384333697473274,10.721874,150.86818,1.2651877,0.737786,3.67216,4288
8257-9101,1-277271,0.0252867,0.856,0.856,96.9,5.8396848130216235,3,1,0,10.181,10.207,0.058,0.029476,77.936,0.026000000000001577,10.215,10.215,0.0,0.029408,77.952,0.0,9.652700709930752,9.990241,57.566685,0.9152255,0.361616,7.54302,1168
8257-12702,1-277521,0.0251643,0.651,0.651,86.0,7.469627603855454,1,1,0,10.134,10.134,0.0,0.027461,83.832,0.0,10.132,10.132,0.0,0.027089,86.429,0.0,9.420459106169464,9.757999,65.75038,0.8943011,0.233212,12.6273,1168
8257-3701,1-256185,0.0370123,0.162,0.162,195.9,7.023377366868609,3,1,0,11.084,11.085,0.001,0.02649,66.194,0.0010000000000012221,11.075,11.08,0.01,0.029185,84.745,0.005000000000000782,10.6387866717727,10.976327,200.25479,1.0349925,0.856413,5.09672,1040
8257-12703,1-278153,0.0249325,0.868,0.868,121.1,7.783628669103841,3,1,0,10.486,10.492,0.014,0.022588,75.26,0.006000000000000227,10.227,10.463,0.419,0.01999,75.017,0.23599999999999888,10.03808341910742,10.375624,69.46003,0.96613336,0.396435,9.25411,1552
8257-6101,1-277272,0.0294351,0.7,0.7,99.1,7.534951039662446,3,1,0,10.537,10.652,0.232,0.022302,42.032,0.11499999999999844,10.555,10.646,0.188,0.022274,42.081,0.09100000000000108,10.047263182173653,10.384804,78.40072,0.96269035,0.77839,6.36863,1168
8257-12705,1-277552,0.0361729,0.855,0.855,130.6,11.359745067324628,3,1,0,10.936,10.936,0.0,0.019087,72.108,0.0,10.929,10.941,0.027,0.017141,71.956,0.012000000000000455,10.271632537487124,10.609173,73.361046,0.88824356,0.364943,15.3607,1168
8257-9102,1-278057,0.0252071,0.73,0.73,152.5,7.964528791293392,3,1,0,10.754,10.771,0.038,0.023024,68.922,0.017000000000001236,10.734,10.785,0.11,0.020097,68.931,0.051000000000000156,10.294170717217838,10.631711,134.86253,0.986819,0.53647,7.63687,1088
8257-3703,1-278062,0.0250055,0.728,0.728,120.6,5.542072335406639,1,1,0,10.45,10.486,0.081,0.027779,56.523,0.036000000000001364,10.368,10.497,0.257,0.026531,56.599,0.12899999999999956,10.026112248366465,10.363653,103.25238,1.069463,0.656764,5.05502,1552
8440-6103,1-137528,0.0874946,0.275,0.275,265.1,7.416475737514382,1,1,0,11.662,11.721,0.124,0.037188,30.319,0.058999999999999275,11.656,11.72,0.134,0.037158,30.648,0.06400000000000006,11.06368230590902,11.401223,270.24908,0.9017834,0.814622,6.5703,1040
8440-12704,1-217018,0.0270151,0.787,0.787,128.9,6.34228780360077,3,1,0,10.606,10.631,0.057,0.022384,59.659,0.025000000000000355,10.602,10.628,0.058,0.021454,59.788,0.0259999999999998,10.230387604887799,10.567928,106.95085,1.0626339,0.65415,5.50943,1552
8440-3701,1-216520,0.0239988,0.356,0.356,167.8,5.217559436139397,1,1,0,10.57,10.605,0.077,0.030411,70.497,0.03500000000000014,10.578,10.605,0.06,0.035191,86.357,0.027000000000001023,9.93775553551394,10.275296,166.61299,1.088892,0.60331,4.71245,1040
8440-12703,1-605638,0.0261259,0.693,0.693,78.3,7.212285701391342,1,1,2,9.847,10.171,0.526,0.030169,68.806,0.32399999999999984,10.003,10.177,0.33,0.031146,72.147,0.1739999999999995,9.238432528561555,9.5759735,57.378044,0.8948375,0.511491,8.09353,4224
8440-6104,1-216976,0.0287631,0.048,0.048,113.4,8.547206320680516,1,1,0,10.541,10.574,0.072,0.019833,23.769,0.032999999999999474,10.519,10.575,0.121,0.02014,24.893,0.05599999999999916,10.414814634451078,10.752356,117.35926,1.0520117,0.980661,5.47989,1088
8440-12705,1-216973,0.0412467,0.759,0.759,171.4,9.302093189697551,1,1,2,11.178,11.178,0.0,0.034988,82.12,0.0,11.148,11.169,0.047,0.032669,81.657,0.021000000000000796,10.45476866130985,10.792309,137.80397,0.9041548,0.462887,10.8547,4288
8440-9102,1-217017,0.0249182,0.799,0.799,74.3,6.472934858576358,1,1,2,9.807,9.932,0.249,0.036195,77.094,0.125,9.378,9.894,0.695,0.033921,77.303,0.516,9.422410898613785,9.759952,49.43731,0.88394356,0.384837,7.87829,4240
8440-3703,1-216958,0.0270093,0.221,0.221,79.3,6.329337940217931,1,1,0,9.977,9.978,0.0,0.030301,68.552,0.0009999999999994458,9.968,9.968,0.0,0.038996,85.23,0.0,9.992296311074229,10.329837,88.222984,1.1304199,0.833121,3.89383,1040
8453-1901,1-147815,0.0253396,0.736,0.736,72.7,3.2990431409672087,1,1,0,9.559,9.776,0.394,0.029152,76.595,0.21700000000000053,9.641,9.789,0.287,0.029124,76.003,0.1479999999999997,9.671903768101355,10.009444,61.290516,1.2024099,0.598532,3.28978,1168
8453-3702,1-147521,0.0253024,0.824,0.824,133.2,4.791284646556959,1,1,0,10.25,10.398,0.288,0.015963,75.515,0.1479999999999997,10.244,10.399,0.299,0.017325,76.347,0.15499999999999936,10.050375888973697,10.387917,108.90274,1.1626378,0.459684,5.04954,1552
8453-1902,1-147488,0.0241526,0.673,0.673,85.5,3.0626864663195663,1,1,0,9.642,9.831,0.353,0.038067,76.556,0.18900000000000006,9.461,9.805,0.547,0.038238,76.557,0.3439999999999994,9.427679194131802,9.76522,69.21592,1.0072826,0.452716,3.66952,1168
8453-3701,1-167380,0.0382131,0.83,0.83,198.9,5.027599384308106,3,1,0,10.907,10.94,0.073,0.030051,83.469,0.032999999999999474,10.849,10.922,0.153,0.030127,86.749,0.0730000000000004,10.540653510276279,10.878194,165.23134,1.1686187,0.478194,5.1699,1040
8453-12701,1-147514,0.0251003,0.772,0.772,68.5,13.197500858863696,1,1,0,10.564,10.594,0.065,0.025342,36.617,0.02999999999999936,10.561,10.591,0.066,0.025577,36.643,0.02999999999999936,10.032231832784229,10.369773,50.308056,0.88357294,0.814928,10.6104,1040
8453-6101,1-147507,0.0250793,0.762,0.762,46.1,5.34230461759188,1,1,2,7.89,9.671,0.983,0.068473,63.723,1.7809999999999997,9.283,9.705,0.621,0.065494,66.053,0.4220000000000006,9.169950555202112,9.507491,33.778904,0.91687125,0.591953,4.88741,4672
8453-3704,1-167582,0.0299708,0.686,0.686,79.5,4.371097234312266,1,1,2,9.951,10.017,0.139,0.040257,69.914,0.06599999999999895,9.718,9.981,0.453,0.040868,70.026,0.2629999999999999,9.781970673912552,10.119512,66.949524,1.0667996,0.576768,4.50825,4672
8453-12705,1-167564,0.024247,0.801,0.801,106.2,11.614419538907654,1,1,0,10.625,10.628,0.005,0.02251,74.587,0.0030000000000001137,10.629,10.63,0.0,0.022467,74.7,0.0010000000000012221,10.053089973272368,10.390631,69.08474,0.8848432,0.399407,14.6814,1040
8131-12704,1-338113,0.0497554,0.893,0.893,163.1,6.917590792910041,3,1,0,10.943,10.989,0.1,0.026929,74.911,0.04600000000000115,10.996,11.006,0.024,0.018383,74.911,0.009999999999999787,10.656693151645456,10.994234,110.07602,0.8680965,0.504406,8.55188,1024
8131-6102,1-338060,0.0495282,0.175,0.175,267.6,7.727818595217737,1,1,0,11.441,11.516,0.156,0.01643,51.842,0.07499999999999929,11.423,11.491,0.142,0.016389,74.165,0.06799999999999962,10.921454963435155,11.258996,268.7936,0.99027795,0.874807,6.02399,1040
8131-3701,1-338090,0.0806724,0.839,0.839,189.8,7.890852369322132,3,1,2,11.404,11.433,0.065,0.043656,49.144,0.028999999999999915,11.459,11.459,0.001,0.020814,49.26,0.0,10.905644255456124,11.243185,151.13795,0.95345426,0.744847,6.2964,4160
8131-3704,1-338044,0.120859,0.147,0.147,270.9,5.306586617660305,1,1,0,11.687,11.703,0.034,0.052792,82.799,0.016000000000000014,11.693,11.703,0.02,0.061162,82.799,0.009999999999999787,11.24528065311551,11.582821,276.32663,1.0307034,0.891646,5.33024,1040
8131-6104,1-338359,0.101025,0.752,0.752,202.8,5.599462949211152,3,1,2,11.452,11.476,0.053,0.044993,53.305,0.02400000000000091,11.423,11.481,0.124,0.04207,53.261,0.05799999999999983,10.963752421460901,11.301293,171.93727,0.9150119,0.684152,5.68792,4096
8131-3703,1-377439,0.119084,0.197,0.197,299.8,5.017855467371634,1,1,0,11.716,11.758,0.091,0.042053,84.023,0.041999999999999815,11.721,11.76,0.082,0.05968,84.023,0.0389999999999997,11.173876510158786,11.511417,304.83157,0.9757956,0.858225,3.79803,1040
8083-6103,1-38428,0.0360783,0.688,0.688,160.4,6.183419400876275,3,1,2,10.796,10.802,0.014,0.036158,49.662,0.006000000000000227,10.774,10.811,0.082,0.036619,50.345,0.03700000000000081,10.31964520782549,10.657186,158.79941,1.287991,0.713938,3.60799,4224
8083-1902,1-38347,0.036589,0.053,0.053,209.1,5.3350863941010225,1,1,2,10.906,10.977,0.148,0.027197,59.58,0.07099999999999973,10.894,10.958,0.135,0.027999,85.581,0.06400000000000006,10.4005120863641,10.738052,218.98865,1.6951503,0.747933,2.95165,4096
8083-12704,1-604053,0.0228308,0.741,0.741,73.0,17.985654574249956,1,1,2,10.732,11.405,0.787,0.008477,18.209,0.673,10.77,11.397,0.764,0.00825,18.209,0.6270000000000007,10.247022667647396,10.584563,50.990223,0.88758844,0.885436,14.4715,4096
8083-6102,1-37995,0.0364771,0.735,0.735,179.5,6.276359212396344,1,1,0,10.944,10.972,0.061,0.027421,70.881,0.027999999999998693,10.944,10.973,0.062,0.027431,70.873,0.028999999999999915,10.614265343007597,10.951806,155.40805,0.98383814,0.554429,6.70575,1040
8083-6101,1-37980,0.0265395,0.605,0.605,110.3,10.179905663319184,1,1,0,10.357,10.631,0.467,0.032613,86.82,0.2740000000000009,10.684,10.684,0.0,0.04093,86.82,0.0,10.065501288179664,10.403042,90.18096,0.9999349,0.340149,13.3083,1168
8083-12705,1-604039,0.0209112,0.662,0.662,88.3,15.06595917778398,1,1,2,10.451,10.558,0.218,0.016419,67.946,0.10699999999999932,10.304,10.555,0.44,0.01632,68.565,0.25099999999999945,9.870966017085834,10.208507,68.028656,0.93328404,0.479589,15.1298,4672
8138-3702,1-339028,0.049657,0.223,0.223,140.3,8.463506032430416,1,1,2,11.727,11.727,0.0,0.029081,2.566,0.0,11.712,11.735,0.051,0.031444,2.566,0.022999999999999687,10.729557583695636,11.067099,141.37971,0.9344296,0.73786,8.59726,4112
8138-12704,1-339041,0.030805,0.787,0.787,189.1,12.384602339694979,3,1,2,11.192,11.226,0.073,0.015025,52.794,0.034000000000000696,11.208,11.228,0.045,0.013656,52.851,0.019999999999999574,10.821118356858955,11.158659,149.34138,0.9542492,0.690069,10.8654,4160
8138-9101,1-548136,0.0532025,0.862,0.862,125.6,9.59962421573228,3,1,2,11.111,11.216,0.215,0.022071,41.245,0.10499999999999865,11.11,11.218,0.22,0.022017,41.261,0.10800000000000054,10.512402867223923,10.849943,78.56515,0.89380413,0.759461,8.27177,4224
8138-6101,1-339010,0.0313198,0.815,0.815,111.7,4.3442384681958925,3,1,2,10.284,10.284,0.0,0.033979,77.523,0.0,10.273,10.284,0.024,0.033978,78.305,0.011000000000001009,9.955613197242938,10.293154,82.42072,1.0515342,0.36191,5.57316,4672
8138-3704,1-44183,0.0262834,0.225,0.225,75.7,2.698983344821326,1,1,2,9.891,9.891,0.0,0.049917,36.745,0.0,9.882,9.89,0.016,0.049794,36.799,0.008000000000000895,9.569262687892572,9.906803,75.74832,1.3214728,0.825609,2.21373,4224
8138-3703,1-339132,0.0536385,0.111,0.111,220.5,6.3241319798366025,2,1,0,11.233,11.243,0.021,0.005219,73.774,0.009999999999999787,11.237,11.243,0.011,0.007847,85.032,0.006000000000000227,10.778802926752665,11.1163435,227.46162,1.1232362,0.842586,4.49287,1040
8132-9101,1-377560,0.0230548,0.724,0.724,107.5,6.556144262560394,1,1,0,10.287,10.288,0.003,0.028972,76.839,0.0009999999999994458,10.27,10.288,0.041,0.029195,78.734,0.018000000000000682,9.958343574595357,10.295884,80.62646,0.99049425,0.43171,7.80745,1552
8132-6102,1-377378,0.0265521,0.75,0.75,94.9,13.895752444740335,1,1,0,10.36,10.548,0.352,0.032986,69.099,0.1880000000000006,10.381,10.573,0.357,0.032465,70.143,0.19200000000000017,9.884266187649613,10.221807,69.20099,0.9449273,0.674425,6.70653,1040
8132-3704,1-338633,0.0270996,0.274,0.274,173.6,5.736528088249006,1,1,0,10.791,10.792,0.0,0.029769,86.56,0.0009999999999994458,10.781,10.782,0.0,0.046746,86.56,0.0009999999999994458,10.299738221817604,10.637279,176.87329,1.1888613,0.722332,4.67022,1040
8132-9102,1-548033,0.0583884,0.168,0.168,248.6,8.693084763859595,1,1,0,11.45,11.512,0.131,0.019104,82.799,0.062000000000001165,11.483,11.513,0.063,0.017897,82.799,0.02999999999999936,11.033323212719536,11.370864,250.11993,0.9100753,0.9655,6.93266,1040
8133-3702,1-377990,0.0688029,0.21,0.21,237.7,5.73256235492081,1,1,0,11.365,11.413,0.101,0.024993,68.914,0.04800000000000004,11.371,11.408,0.079,0.030919,86.222,0.036999999999999034,10.984482756494767,11.322023,239.15416,1.0511318,0.669884,5.2755,1040
8134-12702,1-378164,0.0321263,0.797,0.797,110.1,14.655004863909069,3,1,0,11.051,11.051,0.0,0.021769,41.103,0.0,11.043,11.064,0.047,0.021947,41.103,0.021000000000000796,10.493934607131994,10.831475,72.40274,0.85956585,0.791207,12.9601,1040
8134-6102,1-378148,0.0319834,0.597,0.597,178.9,8.015023844914369,1,1,0,10.986,11.109,0.244,0.02324,49.09,0.12299999999999933,10.978,11.12,0.278,0.023293,49.089,0.14199999999999946,10.526809508416065,10.86435,170.03941,0.92769057,0.912444,6.59985,1040
8134-12705,1-378182,0.0178659,0.759,0.759,62.3,11.678788639265031,1,1,0,9.24,10.149,0.877,0.049391,59.491,0.9089999999999989,8.974,10.149,0.933,0.049354,59.491,1.174999999999999,9.139230307385668,9.476771,38.06854,0.8900643,0.615863,9.7796,1552
8134-9102,1-339163,0.0312375,0.769,0.769,159.7,11.827375872312208,1,1,0,11.115,11.15,0.077,0.018752,69.465,0.03500000000000014,11.09,11.122,0.071,0.016356,69.136,0.03200000000000003,10.55515493106319,10.892695,121.93407,0.9151043,0.545815,11.9419,1040
8137-1901,1-338677,0.023256,0.619,0.619,123.7,4.070089562894083,3,1,0,10.215,10.237,0.05,0.034877,86.636,0.02200000000000024,10.205,10.239,0.074,0.043519,86.636,0.034000000000000696,9.880185697361707,10.217727,117.92917,1.2657715,0.605651,3.56944,1552
8137-1902,1-43717,0.0314488,0.668,0.668,100.3,3.064381776542839,1,1,2,10.118,10.2,0.171,0.042816,42.108,0.08199999999999896,10.103,10.194,0.19,0.042709,42.636,0.09100000000000108,9.741905245500712,10.079446,99.3722,1.0940725,0.809783,2.34356,4096
8137-6102,1-338721,0.035771,0.15,0.15,230.2,9.244524215357984,1,1,0,11.286,11.312,0.055,0.002438,85.073,0.0259999999999998,11.282,11.313,0.068,0.003261,85.073,0.031000000000000583,10.87181161516629,11.2093525,235.79344,1.0617781,0.828544,6.47777,1040
8137-3701,1-43723,0.0415639,0.587,0.587,188.6,6.033751171472105,3,1,0,10.984,11.021,0.079,0.025083,86.468,0.03700000000000081,11.018,11.026,0.019,0.024529,86.468,0.007999999999999119,10.63845031846244,10.975991,178.6836,1.0818,0.680082,5.0805,1040
8137-3703,1-338746,0.0317491,0.376,0.376,138.4,2.8106665301502813,1,1,2,10.454,10.485,0.07,0.02537,31.258,0.030999999999998806,10.442,10.485,0.094,0.025474,31.258,0.04299999999999926,10.161017430058326,10.498558,139.554,1.8162335,0.897304,2.01842,4288
8137-12703,1-338796,0.0382869,0.853,0.853,110.9,10.053284997086104,1,1,0,10.509,10.885,0.579,0.012372,49.575,0.37599999999999945,10.516,10.888,0.575,0.012292,49.552,0.3719999999999999,10.298588927590943,10.636129,68.56436,0.8992541,0.731112,8.93638,1168
8137-6101,1-338851,0.0843037,0.052,0.052,234.8,6.063850232095875,1,1,0,11.429,11.531,0.209,0.021934,37.639,0.10200000000000031,11.418,11.512,0.194,0.02205,57.413,0.0940000000000012,11.04729823686206,11.384839,234.89441,1.1398427,0.872292,6.69853,1088
8247-1901,1-558242,0.0246684,0.302,0.302,162.5,7.702832771453517,3,1,0,10.736,10.736,0.0,0.037473,37.842,0.0,10.722,10.722,0.0,0.037638,38.689,0.0,9.846738432514915,10.184279,170.14713,1.4131395,0.861819,2.76104,1168
8247-6103,1-217050,0.0273577,0.581,0.581,194.4,8.823076146202105,1,1,0,10.994,11.117,0.247,0.007865,50.908,0.12300000000000111,10.947,11.107,0.307,0.008093,54.037,0.16000000000000014,10.506291214893626,10.843832,175.38731,1.0262265,0.766516,6.40087,1024
8247-3702,1-137801,0.0490247,0.296,0.296,224.7,5.732327336545056,1,1,0,11.135,11.208,0.154,0.013682,84.745,0.0730000000000004,11.139,11.209,0.148,0.018796,84.276,0.07000000000000028,10.795426724862065,11.132967,223.45195,1.0224963,0.89272,4.92367,1040
8247-3703,1-137799,0.0415027,0.607,0.607,155.1,5.21075277332195,1,1,2,10.873,10.894,0.048,0.028336,37.006,0.021000000000000796,10.855,10.918,0.134,0.027273,36.076,0.06299999999999883,10.419930978136115,10.757472,145.43187,1.1236355,0.873061,4.13847,4224
8247-6102,1-217060,0.027079,0.624,0.624,61.8,5.096760481341918,1,1,2,9.471,9.765,0.492,0.047483,80.813,0.2940000000000005,9.633,9.782,0.29,0.050577,86.661,0.1490000000000009,9.432978906143948,9.770519,51.819874,0.9045215,0.437116,6.55412,4672
8247-3701,1-585433,0.0249506,0.265,0.265,85.3,6.693948659731532,1,1,0,10.278,10.278,0.0,0.025089,19.138,0.0,10.244,10.244,0.0,0.025069,19.83,0.0,9.998783140858704,10.336324,92.63245,1.003222,0.848005,4.98548,1040
8247-6101,1-217022,0.0244671,0.076,0.076,161.1,8.431620380884468,2,1,2,10.823,10.847,0.051,0.025614,36.179,0.023999999999999133,10.806,10.82,0.03,0.025308,40.878,0.014000000000001123,10.296904205783633,10.634445,167.41895,1.0895364,0.875477,5.37715,4096
8247-1902,1-217044,0.0273236,0.492,0.492,64.7,2.9575072383833927,1,1,2,9.74,9.847,0.217,0.047768,36.673,0.10699999999999932,9.791,9.796,0.011,0.048266,38.882,0.004999999999999005,9.40285780514604,9.740398,61.18569,1.0132378,0.814328,2.48355,4608
8140-1901,1-43679,0.0286782,0.686,0.686,79.8,2.7197634280648804,1,1,2,9.554,9.943,0.592,0.036515,49.06,0.38899999999999935,9.266,9.931,0.784,0.036079,49.06,0.6649999999999991,9.468351761965893,9.805892,72.781296,1.060231,0.604436,3.27462,4672
8140-6103,1-43672,0.0282779,0.784,0.784,150.1,5.832887093635311,1,1,0,10.574,10.593,0.042,0.029016,86.789,0.019000000000000128,10.537,10.585,0.103,0.029046,86.789,0.04800000000000004,10.223347949309854,10.560888,131.35335,1.0358583,0.635517,5.76612,1168
8140-12703,1-43783,0.0320322,0.825,0.825,134.2,13.540527691978467,1,1,0,10.682,10.966,0.48,0.013528,62.818,0.2839999999999989,10.868,10.994,0.25,0.011663,62.881,0.12599999999999945,10.469362451289726,10.806903,95.411095,0.89597803,0.625312,12.9622,1040
8140-6101,1-548082,0.0279519,0.673,0.673,120.4,6.8129676764402625,1,1,0,10.388,10.536,0.288,0.026856,60.566,0.1479999999999997,10.214,10.517,0.501,0.026886,59.889,0.30299999999999905,9.973861837507553,10.311402,99.211266,1.0021392,0.60246,6.17782,1152
8135-6103,1-338220,0.0488063,0.656,0.656,117.2,7.66922761594638,1,1,2,10.86,10.86,0.0,0.028023,37.759,0.0,10.735,10.862,0.254,0.033956,38.252,0.12700000000000067,10.596409043889778,10.933949,108.11284,0.9199388,0.703861,6.69509,4288
8135-9101,1-338152,0.0870194,0.052,0.052,229.7,6.6676867317986295,1,1,2,11.51,11.529,0.042,0.042067,79.045,0.019000000000000128,11.514,11.526,0.027,0.061007,86.055,0.012000000000000455,10.998066130337104,11.335607,233.49715,1.0509521,0.63724,7.56858,4160
8135-6102,1-43099,0.0868532,0.39,0.39,200.5,6.6190190229490105,1,1,0,11.396,11.401,0.01,0.038552,51.376,0.004999999999999005,11.378,11.384,0.013,0.0383,84.745,0.006000000000000227,11.057357957373537,11.394898,198.63121,0.9257516,0.838292,5.61935,1040
8135-12701,1-604761,0.0617783,0.854,0.854,144.5,15.38630122564702,1,1,0,11.286,11.286,0.0,0.026958,56.158,0.0,11.231,11.293,0.133,0.027087,56.158,0.06199999999999939,10.829181509768658,11.166722,127.097855,0.97386557,0.720899,14.071,1040
8135-12705,1-43497,0.0265046,0.817,0.817,80.1,6.048162772718559,1,1,2,9.088,9.978,0.871,0.028858,83.863,0.8900000000000006,8.47,9.956,0.967,0.028091,83.863,1.4859999999999989,9.576954919121551,9.914495,42.555958,0.92245907,0.276395,9.4429,4288
8250-1901,1-558471,0.0293164,0.422,0.422,118.0,5.101133926567237,3,1,0,10.528,10.645,0.237,0.03044,33.14,0.1169999999999991,10.522,10.647,0.25,0.030429,33.161,0.125,10.045291677155458,10.382833,114.712585,1.1594274,0.87836,3.44001,1152
8250-6103,1-217326,0.0252691,0.735,0.735,63.4,5.398507570226381,1,1,2,8.126,9.937,0.985,0.036225,57.299,1.811,8.111,9.888,0.983,0.027437,64.958,1.7769999999999992,9.401450516239262,9.738991,43.63855,0.9196205,0.586367,5.52662,4288
8250-3702,1-137853,0.0321364,0.057,0.057,208.9,9.352298759402057,1,1,0,11.082,11.174,0.189,0.022756,39.215,0.09199999999999875,11.121,11.243,0.244,0.022941,3.793,0.12199999999999989,10.637300560077282,10.974841,211.5746,0.9405798,0.86344,6.52672,1040
8250-1902,1-217324,0.0246409,0.558,0.558,193.7,3.3487852293638163,3,1,0,10.559,10.615,0.117,0.025515,47.482,0.05600000000000094,10.544,10.604,0.126,0.0242,48.91,0.05999999999999872,9.992522590369056,10.330063,193.40477,1.9912275,0.812169,2.72078,1040
8250-9101,1-137845,0.0320271,0.257,0.257,207.9,8.9683792163394,1,1,0,11.135,11.19,0.117,0.005238,70.699,0.054999999999999716,11.135,11.183,0.104,0.006599,86.055,0.04800000000000004,10.672021156605512,11.009562,207.39417,0.957323,0.744394,7.28768,1040
8250-6102,1-217210,0.0247248,0.716,0.716,65.6,7.139855012563193,1,1,0,8.651,10.205,0.972,0.027418,47.569,1.5540000000000003,8.956,10.201,0.943,0.027449,47.757,1.245000000000001,9.545391245139577,9.882932,47.617523,0.90241504,0.764941,6.80422,1168
8250-6104,1-558926,0.0398721,0.758,0.758,149.4,5.991150497500939,3,1,2,10.816,10.817,0.0,0.031123,82.704,0.0009999999999994458,10.816,10.816,0.0,0.029782,82.391,0.0,10.382866779184882,10.7204075,112.24849,1.0331414,0.470262,6.53226,4096
8250-12705,1-147394,0.0160493,0.534,0.534,65.7,6.222400569645502,1,1,0,9.336,9.536,0.369,0.030736,86.82,0.1999999999999993,9.372,9.536,0.314,0.031628,86.82,0.1639999999999997,8.906843934956882,9.244385,54.914314,0.92379403,0.255031,9.50868,1168
8141-1901,1-339094,0.0312591,0.61,0.61,112.0,4.374039994252253,1,1,2,10.377,10.514,0.271,0.02103,37.244,0.13699999999999868,10.376,10.514,0.272,0.021019,37.245,0.1379999999999999,10.165953223534611,10.503494,106.67695,1.39107,0.879322,3.52613,4288
8141-6103,1-43741,0.0304443,0.089,0.089,192.6,8.3760079739965,1,1,0,10.941,10.999,0.122,0.024296,80.043,0.05799999999999983,11.003,11.005,0.003,0.024156,26.882,0.002000000000000668,10.117251403849908,10.454792,205.29164,1.0083829,0.83452,4.81841,1152
8141-3702,1-339116,0.0239461,0.633,0.633,80.3,4.258721690950459,1,1,0,9.848,9.939,0.188,0.03823,84.63,0.0909999999999993,9.671,9.903,0.414,0.03784,84.262,0.2320000000000011,9.332474817931683,9.670015,68.4132,1.0087936,0.553966,4.33393,1168
8141-1902,1-44526,0.0330954,0.701,0.701,158.5,3.3648888964710593,3,1,0,10.485,10.544,0.127,0.018347,74.009,0.05900000000000105,10.474,10.541,0.143,0.02302,78.798,0.06700000000000017,10.310729413562608,10.64827,143.35791,2.1377304,0.525736,3.52282,1168
8141-12702,1-43733,0.0314434,0.734,0.734,107.4,8.746482137557738,3,1,0,10.562,10.591,0.065,0.018189,66.21,0.028999999999999915,10.511,10.592,0.171,0.01746,65.248,0.0810000000000013,10.230469358284793,10.56801,88.4787,0.9355609,0.563254,9.66491,1040
8141-6102,1-44163,0.0313438,0.19,0.19,169.5,6.954929456563112,1,1,0,10.85,10.853,0.005,0.020407,20.238,0.0030000000000001137,10.875,10.877,0.003,0.020504,15.16,0.002000000000000668,10.469614388314215,10.807155,174.58307,1.1293635,0.964322,5.17418,1040
8141-3701,1-44180,0.0315595,0.782,0.782,135.8,4.424522107565667,3,1,2,10.447,10.459,0.028,0.030636,76.108,0.012000000000000455,10.351,10.436,0.178,0.028588,75.476,0.08499999999999908,10.13386450714736,10.471405,108.99873,1.2789499,0.414334,5.29789,4288
8141-12701,1-338771,0.0312315,0.854,0.854,118.4,8.491985749043302,3,1,0,10.306,10.556,0.437,0.013075,75.103,0.25,9.654,10.525,0.865,0.01165,74.993,0.8710000000000004,10.20848972813001,10.54603,74.23366,1.0554839,0.453399,9.54466,1168
8141-12703,1-604937,0.0313725,0.692,0.692,163.8,8.626584842614209,1,1,0,10.847,10.916,0.145,0.015254,81.032,0.06900000000000084,10.744,10.89,0.285,0.014943,81.032,0.1460000000000008,10.516744208086246,10.854285,137.60483,0.95770746,0.466192,10.966,1040
8141-6101,1-44100,0.0458422,0.583,0.583,222.5,5.536325843722829,1,1,0,11.161,11.203,0.09,0.015572,86.56,0.041999999999999815,11.156,11.201,0.098,0.01556,86.56,0.04499999999999993,10.713672790927726,11.051213,207.04497,1.250943,0.647707,4.85131,1040
8141-3703,1-339057,0.0489803,0.555,0.555,156.5,6.072446485135385,1,1,2,11.166,11.166,0.0,0.026429,25.807,0.0,11.144,11.163,0.042,0.026948,25.844,0.019000000000000128,10.590490736610201,10.928031,156.16971,1.0791186,0.830096,4.77565,4224
8253-1901,1-274646,0.028376,0.087,0.087,94.4,4.32392633859293,1,1,0,9.973,9.973,0.0,0.031026,80.043,0.0,9.974,9.974,0.0,0.030838,80.043,0.0,10.092064146573,10.429605,98.43246,1.3249103,0.951887,3.4443,1168
8253-6103,1-254642,0.105768,0.081,0.081,262.0,6.021824029798188,2,1,0,11.95,12.23,0.474,0.032774,2.604,0.28000000000000114,11.895,12.137,0.427,0.032796,2.628,0.24200000000000088,11.18876541703476,11.526306,267.17755,0.9493727,0.813102,5.5001,1040
8253-3702,1-274658,0.0288336,0.676,0.676,175.1,5.186874383632863,1,1,0,10.748,10.81,0.132,0.017269,77.866,0.062000000000001165,10.751,10.808,0.123,0.017287,77.866,0.057000000000000384,10.257251268491931,10.594791,158.89575,1.2486432,0.606792,4.72798,1040
8253-1902,1-255220,0.0223874,0.076,0.076,90.2,2.528996153056035,1,1,0,9.775,9.817,0.091,0.037078,70.78,0.041999999999999815,9.822,9.822,0.0,0.03194,70.169,0.0,9.548997127879616,9.886538,87.81748,1.2285995,0.637509,2.50361,1168
8253-9101,1-274663,0.028031,0.293,0.293,201.5,9.275402969687972,1,1,0,11.063,11.126,0.134,0.014057,66.887,0.06299999999999883,11.066,11.12,0.114,0.020533,85.847,0.053999999999998494,10.541014793661473,10.878555,200.06175,1.0437684,0.720337,7.35173,1024
8253-12704,1-274583,0.024637,0.873,0.873,107.2,6.176123901837605,3,1,0,10.253,10.255,0.005,0.027779,82.752,0.002000000000000668,10.222,10.244,0.05,0.024844,81.764,0.02200000000000024,9.883980935630683,10.221521,66.06611,0.94390064,0.320125,8.5176,1168
8253-12703,1-275456,0.0243203,0.703,0.703,135.5,10.654560075080932,1,1,0,10.844,10.846,0.004,0.021523,72.594,0.002000000000000668,10.695,10.821,0.252,0.020346,73.86,0.12599999999999945,10.165443171439582,10.502984,104.652336,0.91125435,0.488516,12.0436,1040
8253-9102,1-274593,0.0291267,0.745,0.745,83.3,7.5057852969602195,3,1,2,10.287,10.312,0.055,0.023449,65.862,0.02499999999999858,10.315,10.315,0.0,0.023332,66.035,0.0,9.694549044097538,10.032089,61.271244,0.9126655,0.557537,7.54981,4288
8253-3703,1-274689,0.0272573,0.615,0.615,81.9,4.668543654737929,1,1,0,10.007,10.11,0.211,0.028774,60.036,0.10299999999999976,10.025,10.112,0.182,0.028773,59.898,0.08699999999999974,9.729177753513666,10.066718,71.01415,1.1226895,0.701081,4.21057,1168
8320-3702,1-523108,0.0273373,0.655,0.655,95.7,3.6505840050401606,1,1,2,10.027,10.027,0.0,0.042354,70.072,0.0,9.968,10.016,0.105,0.038013,69.0,0.04800000000000004,9.568360153963452,9.905901,86.29096,1.0194559,0.511913,3.81189,4288
8330-12703,1-285737,0.0269457,0.752,0.752,94.3,9.736438259330358,3,1,0,10.333,10.729,0.598,0.020546,41.678,0.395999999999999,10.233,10.73,0.681,0.020526,41.849,0.4969999999999999,10.03821070703774,10.3757515,64.2737,0.8850156,0.756729,8.45117,1168
8552-12701,1-321739,0.0283402,0.803,0.803,154.3,7.218172589409618,1,1,0,10.755,10.755,0.0,0.027272,84.264,0.0,10.755,10.755,0.0,0.027178,84.565,0.0,10.276041093107287,10.613582,112.86667,0.9853163,0.381271,8.68894,1552
8330-3702,1-285729,0.054177,0.362,0.362,158.0,7.335365043979519,3,1,0,11.243,11.243,0.0,0.027108,26.823,0.0,11.24,11.241,0.0,0.02706,26.831,0.0009999999999994458,10.82166678176703,11.159207,162.29686,0.9488727,0.913984,5.1646,1040
8335-3702,1-252073,0.0182761,0.761,0.761,64.0,2.7278060452563238,1,1,0,9.317,9.402,0.177,0.066148,73.773,0.08499999999999908,9.415,9.427,0.026,0.06532,74.708,0.012000000000000455,9.01761340302503,9.355154,51.396225,0.9464816,0.508802,3.03103,1168
8318-12702,1-284329,0.0248379,0.697,0.697,134.4,11.199226206828,1,1,0,10.574,10.742,0.32,0.024596,86.071,0.16800000000000104,10.776,10.776,0.0,0.032416,86.82,0.0,10.279470737310174,10.617011,103.08555,0.89140975,0.229407,17.6702,1552
8447-3702,1-405213,0.108592,0.113,0.113,266.9,5.842781487103953,1,1,0,11.919,12.187,0.461,0.062029,2.611,0.2679999999999989,11.829,12.031,0.371,0.062183,2.671,0.20199999999999996,11.143654834652498,11.481195,275.14127,1.0065055,0.844342,5.01839,1040
8448-3702,1-487488,0.0216055,0.771,0.771,66.9,3.2958004720793546,1,1,0,9.608,9.608,0.0,0.058302,72.179,0.0,9.542,9.594,0.113,0.058209,71.954,0.0519999999999996,9.109305128663246,9.446846,54.11031,0.8971465,0.45918,3.92674,1168
8601-1902,1-94470,0.0279849,0.18,0.18,165.3,2.2230222048219828,1,1,0,10.333,10.334,0.0,0.019714,85.581,0.0009999999999994458,10.33,10.331,0.0,0.022322,85.581,0.0009999999999994458,10.00043841606386,10.337979,163.67468,1.4877454,0.730754,3.01969,1168
8325-12703,1-235398,0.0280844,0.707,0.707,128.8,7.869008385292148,1,1,0,10.713,10.713,0.0,0.022086,59.91,0.0,10.719,10.719,0.0,0.021829,59.875,0.0,10.219835914662875,10.557377,108.429504,0.9001876,0.596415,8.44428,1552
8466-3702,1-277965,0.0233599,0.547,0.547,56.3,5.575776129811479,1,1,0,9.53,10.227,0.799,0.031501,31.607,0.697000000000001,8.476,10.133,0.978,0.027827,32.632,1.6569999999999983,9.141932402964509,9.479473,43.99504,0.87601763,0.89853,4.38478,1168
8481-3702,1-91582,0.0469388,0.09,0.09,270.1,8.539954743968922,1,1,0,11.39,11.501,0.223,0.0121,85.228,0.11099999999999888,11.387,11.504,0.234,0.014536,85.23,0.1169999999999991,10.972381057004645,11.309921,269.4871,0.890699,0.913868,7.69642,1024
8482-3702,1-542358,0.0403355,0.547,0.547,119.0,6.7180392362805925,1,1,0,10.741,10.981,0.424,0.018141,26.415,0.2400000000000002,10.733,10.99,0.446,0.018086,26.408,0.2569999999999997,10.572552150562757,10.910092,112.090164,0.9949742,0.927524,4.79564,1040
8483-3702,1-93706,0.0330797,0.542,0.542,161.3,4.5501707275417225,1,1,0,10.647,10.654,0.014,0.033321,78.554,0.006999999999999673,10.624,10.647,0.05,0.039503,86.56,0.022999999999999687,10.306019496757088,10.64356,151.35176,1.1483275,0.638366,4.70213,1168
8484-3702,1-94027,0.0326858,0.773,0.773,149.0,4.4811471812072075,3,1,0,10.566,10.607,0.089,0.029636,74.947,0.04099999999999859,10.551,10.606,0.118,0.029031,74.911,0.054999999999999716,10.278563841386548,10.616104,124.3276,1.1556915,0.446482,4.95136,1168
8485-3702,1-209198,0.0229679,0.465,0.465,73.8,5.678679772773303,1,1,0,9.919,10.104,0.347,0.030402,46.219,0.18499999999999872,10.1,10.1,0.0,0.027848,46.447,0.0,9.377870612780741,9.715411,65.23445,0.90403235,0.778006,4.9212,1168
8550-3702,1-210961,0.0289444,0.781,0.781,113.5,3.394541868839325,3,1,2,10.121,10.192,0.151,0.020787,83.218,0.07099999999999973,10.11,10.19,0.168,0.022251,84.989,0.08000000000000007,9.982807888363194,10.320349,95.81817,1.184838,0.42356,4.01939,4288
8551-3702,1-576431,0.0754431,0.111,0.111,203.0,7.192536571975002,1,1,0,11.343,11.364,0.047,0.044442,80.043,0.021000000000000796,11.344,11.366,0.048,0.047471,78.708,0.02200000000000024,10.96209692819736,11.299638,210.6664,0.91781527,0.856517,6.43845,1040
8588-3702,1-95092,0.0301764,0.727,0.727,159.4,6.9382148658578595,3,1,0,10.87,10.928,0.124,0.023807,46.155,0.058000000000001606,10.874,10.92,0.102,0.023656,46.256,0.045999999999999375,10.545101675049933,10.882643,133.82353,1.1248815,0.821064,5.02005,1040
8601-3702,1-594520,0.0290501,0.479,0.479,195.2,8.52720066109526,1,1,0,11.025,11.026,0.0,0.02667,72.768,0.0009999999999994458,11.025,11.026,0.0,0.016106,75.693,0.0009999999999994458,10.447632394010743,10.785173,197.96803,1.1121417,0.68144,5.18866,1040
8603-3702,1-135157,0.0323713,0.722,0.722,180.9,4.870428870661589,3,1,0,10.817,10.818,0.0,0.035021,77.54,0.0009999999999994458,10.758,10.804,0.1,0.030706,77.096,0.04600000000000115,10.31626187528266,10.653803,157.48125,1.0645936,0.518096,4.97032,1168
8606-3702,1-136248,0.0235624,0.181,0.181,132.5,7.683082966018264,1,1,2,10.465,10.58,0.231,0.022916,68.922,0.11500000000000021,10.489,10.589,0.205,0.02209,68.926,0.09999999999999964,10.202983903671774,10.5405245,130.51466,0.9165883,0.50548,8.0426,4160
8603-12705,1-135129,0.0327969,0.743,0.743,136.5,6.929091775395006,3,1,0,10.647,10.7,0.115,0.02042,74.911,0.05299999999999905,10.594,10.693,0.203,0.018196,74.911,0.0990000000000002,10.4913098555928,10.828851,115.863884,0.94675153,0.503666,7.00506,1040
8549-12701,1-209980,0.0420468,0.732,0.732,162.2,6.280531686949333,1,1,0,11.074,11.257,0.344,0.017617,31.617,0.18299999999999983,11.066,11.255,0.353,0.017791,31.637,0.18900000000000006,10.411082397210732,10.748623,153.67749,1.2059926,0.777162,3.59933,0
8604-1902,1-211019,0.0303489,0.423,0.423,119.7,1.9871981738202842,1,1,2,10.082,10.088,0.013,0.056266,79.878,0.005999999999998451,10.089,10.089,0.0,0.058589,86.222,0.0,9.68883522884905,10.026376,118.46861,1.128867,0.769327,1.81376,4096
8312-1902,1-211084,0.0293613,0.368,0.368,160.3,5.506560181394216,1,1,0,10.737,10.893,0.301,0.025772,31.719,0.15600000000000058,10.738,10.88,0.278,0.025841,31.864,0.14200000000000124,10.224835953109055,10.562377,162.83879,1.0966266,0.802172,3.66606,1168
8482-12704,1-92866,0.0602584,0.125,0.125,205.6,10.037384475589445,1,1,0,11.466,11.511,0.095,0.053195,3.454,0.04499999999999993,11.464,11.507,0.093,0.053192,3.498,0.04299999999999926,11.0448845505156,11.382425,214.86685,0.9038807,0.828654,9.67124,1040
8452-12703,1-148068,0.0609631,0.801,0.801,127.1,10.774725489523018,1,1,0,11.348,11.348,0.0,0.032817,36.678,0.0,11.332,11.332,0.0,0.032914,36.811,0.0,10.773604354075644,11.111145,114.37297,0.8562996,0.805928,9.06528,1040
7990-3702,1-24390,0.0296945,0.752,0.752,94.8,3.1978729463009694,1,1,2,9.779,9.99,0.385,0.066491,86.749,0.2110000000000003,10.064,10.064,0.0,0.062482,86.749,0.0,9.434283005861571,9.771824,72.02338,0.93069625,0.406663,4.32821,4160
8318-3702,1-284284,0.027,0.724,0.724,56.8,4.0764598528071705,1,1,2,9.512,9.63,0.238,0.056574,69.692,0.11800000000000033,9.671,9.671,0.0,0.056547,78.079,0.0,9.194866629626585,9.532407,44.344467,0.8994291,0.450852,4.93348,4160
8612-12704,1-96151,0.0343116,0.815,0.815,144.6,5.326647653892253,3,1,0,10.534,10.647,0.23,0.012354,82.348,0.11299999999999955,10.514,10.644,0.258,0.012219,82.418,0.13000000000000078,10.405002955899104,10.742543,109.06706,0.98861057,0.337185,7.16849,1168
8604-12704,1-564490,0.0258843,0.746,0.746,95.7,10.001883464861548,1,1,0,10.495,10.643,0.289,0.017359,42.061,0.14800000000000146,10.621,10.626,0.011,0.0171,41.925,0.004999999999999005,10.149240672839163,10.486781,66.448715,0.87261,0.701332,10.6203,1040
8313-3703,1-248415,0.0180762,0.207,0.207,50.2,5.7650271660442325,1,1,0,9.453,9.453,0.0,0.029857,49.681,0.0,9.478,9.478,0.0,0.030401,21.891,0.0,9.596530022185476,9.934071,50.802242,0.92015904,0.981559,4.35628,1024
8315-3703,1-560826,0.0759358,0.244,0.244,192.5,6.922734075487352,1,1,0,11.227,11.393,0.317,0.015961,46.548,0.16600000000000037,11.208,11.359,0.293,0.015967,62.051,0.1509999999999998,11.025035371273884,11.362576,193.18803,0.9427279,0.834804,4.96607,1040
8318-3703,1-260010,0.0252258,0.539,0.539,103.2,5.914323739894736,1,1,0,10.294,10.416,0.246,0.021629,40.124,0.12199999999999989,10.338,10.398,0.128,0.021211,40.741,0.0600000000000005,10.073894231479196,10.411435,96.37396,1.0143483,0.833492,4.57955,1552
8320-3703,1-592049,0.0279127,0.507,0.507,224.4,6.112177157035229,1,1,0,10.984,11.035,0.109,0.016682,80.899,0.051000000000000156,10.947,11.027,0.165,0.02238,86.749,0.08000000000000007,10.482703546894308,10.820244,211.3579,1.2591949,0.641963,4.68775,1088
8325-3703,1-235270,0.0262901,0.574,0.574,71.7,8.704544892850922,1,1,0,10.221,10.284,0.136,0.043507,86.839,0.06300000000000061,9.912,10.243,0.534,0.043565,86.843,0.3309999999999995,9.491892329555721,9.8294325,59.982647,0.88580835,0.184093,16.3519,1168
8550-3701,1-210989,0.0313577,0.741,0.741,115.7,3.7168758485980784,3,1,2,10.178,10.233,0.119,0.028709,70.918,0.054999999999999716,10.182,10.233,0.112,0.028703,70.992,0.051000000000000156,9.934120551676825,10.271661,104.43858,1.1450409,0.550853,3.94264,4608
8452-3703,1-148086,0.133195,0.71,0.71,259.8,4.823671436240048,1,1,0,11.698,11.71,0.026,0.040113,49.415,0.012000000000000455,11.703,11.704,0.002,0.039537,49.548,0.0010000000000012221,11.194794530985623,11.532335,245.68884,0.91381776,0.709354,4.71431,1040
8550-12701,1-210962,0.0290289,0.323,0.323,179.1,11.043270731649114,1,1,2,11.051,11.098,0.102,0.015186,63.065,0.0470000000000006,10.999,11.098,0.202,0.01888,64.732,0.0990000000000002,10.781293556714212,11.1188345,176.44925,0.9478286,0.676832,9.70513,4160
8465-3703,1-285031,0.0303405,0.811,0.811,123.5,3.9148840833084515,1,1,2,10.163,10.334,0.326,0.017067,83.381,0.17099999999999937,10.177,10.337,0.308,0.017473,83.381,0.16000000000000014,10.04116758332709,10.378708,91.32288,1.1002219,0.403498,4.7122,4288
8482-3703,1-542327,0.0565856,0.732,0.732,227.3,5.917873627397077,3,1,0,11.223,11.286,0.133,0.027338,69.081,0.06299999999999883,11.205,11.286,0.167,0.026512,70.165,0.08099999999999952,10.85155430212281,11.189095,206.3139,1.0101758,0.578243,5.27346,1040
8483-3703,1-542312,0.0478982,0.314,0.314,224.7,6.793533787523031,1,1,0,11.242,11.331,0.185,0.025914,44.189,0.08899999999999864,11.229,11.305,0.159,0.026007,54.435,0.07600000000000051,10.72224551595602,11.059786,223.30235,0.9255146,0.907215,5.16307,1040
8484-3703,1-94009,0.031608,0.772,0.772,88.3,8.799204439880434,3,1,0,10.677,10.684,0.016,0.026834,49.063,0.006999999999999673,10.697,10.704,0.014,0.026743,49.094,0.0070000000000014495,10.162110161062754,10.499651,55.488678,0.87388605,0.717062,8.75513,1168
8548-3703,1-92537,0.093673,0.229,0.229,266.1,5.770260665563683,1,1,0,11.508,11.591,0.173,0.040888,84.745,0.08300000000000018,11.451,11.586,0.266,0.041779,65.289,0.1349999999999998,11.110599810053483,11.44814,268.65335,0.98641783,0.920069,5.76375,1040
8603-3703,1-211059,0.033678,0.612,0.612,160.5,4.9137568711609765,1,1,0,10.669,10.746,0.162,0.020735,81.163,0.07699999999999996,10.668,10.744,0.16,0.021183,84.05,0.07600000000000051,10.446875648144497,10.784416,152.91043,1.2711649,0.553541,4.60031,1040
8263-1902,1-258747,0.0245533,0.375,0.375,77.6,3.9765104420537436,3,1,0,10.0,10.118,0.237,0.038193,18.264,0.11800000000000033,9.987,10.134,0.287,0.037958,18.261,0.14700000000000024,9.734773435199502,10.072314,79.39493,1.0550121,0.967757,3.039,1168
8312-3701,1-211006,0.0261375,0.229,0.229,164.5,5.1473146447334,1,1,0,10.46,10.462,0.0,0.030802,86.055,0.0019999999999988916,10.457,10.459,0.0,0.054653,86.055,0.0019999999999988916,10.199760660735043,10.537301,169.81216,1.0915781,0.906749,4.46942,1040
7990-1902,1-634828,0.0300503,0.478,0.478,154.0,4.676892668208346,1,1,0,10.591,10.628,0.079,0.037014,52.819,0.03700000000000081,10.575,10.619,0.096,0.03646,57.723,0.04400000000000048,10.299099615848373,10.636641,151.19199,1.598847,0.750973,3.35966,1552
8312-3702,1-135095,0.0332324,0.781,0.781,76.8,5.527535135145053,3,1,2,9.958,10.274,0.516,0.036051,56.86,0.31599999999999895,10.257,10.262,0.011,0.033285,57.04,0.005000000000000782,9.890663529978672,10.228204,55.302624,0.8832866,0.658268,5.08395,4160
8254-3704,1-611836,0.0359833,0.678,0.678,125.1,8.39528955730945,1,1,0,10.668,10.917,0.437,0.02297,57.296,0.24900000000000055,10.315,10.945,0.765,0.021638,57.296,0.6300000000000008,10.450087372814961,10.787628,100.27884,0.942954,0.699909,7.48611,1040
8550-12702,1-211082,0.0303604,0.874,0.874,187.3,8.941518104067937,3,1,0,11.0,11.06,0.128,0.017904,71.86,0.0600000000000005,11.073,11.077,0.009,0.01271,71.867,0.0039999999999995595,10.594378184162588,10.931919,119.127205,0.92264223,0.453079,9.79192,1040
8312-3704,1-210754,0.0251772,0.264,0.264,132.0,11.409814887398422,1,1,0,10.65,10.65,0.0,0.033113,85.23,0.0,10.648,10.649,0.0,0.040326,85.23,0.0009999999999994458,10.11217250239113,10.449713,137.13521,0.9962976,0.792946,5.21928,1040
8315-3704,1-323055,0.0328705,0.539,0.539,169.3,4.055537660177168,1,1,2,10.724,10.724,0.0,0.036054,42.259,0.0,10.722,10.735,0.027,0.034569,42.332,0.0129999999999999,10.243650592147413,10.581191,167.4771,1.2016119,0.873794,3.1694,4288
8318-3704,1-575704,0.0247632,0.62,0.62,101.3,4.118397527061337,3,1,0,10.107,10.107,0.0,0.03786,69.48,0.0,10.075,10.104,0.064,0.035588,68.963,0.028999999999999915,9.91895144829258,10.256492,95.711426,1.0857321,0.620028,4.06623,1168
8313-12704,1-569216,0.0340357,0.757,0.757,185.5,9.6542001803549,3,1,0,11.055,11.101,0.1,0.022758,63.325,0.04600000000000115,11.047,11.111,0.135,0.023289,63.49,0.06400000000000006,10.59994635660822,10.937487,158.51598,0.9055586,0.613643,8.65505,1040
8320-3704,1-519742,0.0275673,0.624,0.624,60.6,5.331161300568619,1,1,2,8.731,10.29,0.972,0.051078,32.27,1.5589999999999993,9.026,10.239,0.939,0.05112,32.775,1.213000000000001,9.282436302934052,9.619977,47.42911,0.92832863,0.855752,4.59363,4160
8318-12703,1-284485,0.0392604,0.854,0.854,145.1,12.299523938911069,3,1,0,11.197,11.198,0.002,0.017623,56.3,0.0010000000000012221,11.25,11.258,0.017,0.016063,56.247,0.007999999999999119,10.61862015131213,10.956161,88.95904,0.87041575,0.668818,11.5497,1040
8330-3704,1-402436,0.0201337,0.717,0.717,89.3,4.121187013921589,1,1,0,9.895,9.91,0.034,0.039536,62.874,0.015000000000000568,9.576,9.882,0.506,0.048643,63.152,0.30599999999999916,9.580440256051238,9.917981,75.504486,1.0629338,0.595975,3.98177,1040
8452-3704,1-173030,0.0250599,0.816,0.816,90.3,5.9196820664115375,1,1,0,8.575,10.27,0.98,0.024015,62.716,1.6950000000000003,9.976,10.288,0.513,0.024831,62.716,0.3119999999999994,9.70434444695924,10.041885,57.122406,0.93224317,0.592679,5.64002,1168
8484-1901,1-94029,0.0317255,0.552,0.552,143.7,3.081423889790889,3,1,2,10.37,10.399,0.063,0.035262,48.952,0.028999999999999915,10.364,10.401,0.079,0.034696,48.878,0.036999999999999034,10.066936862786148,10.404477,141.90753,1.158464,0.891706,2.67146,4224
8465-3704,1-284523,0.028305,0.609,0.609,180.5,5.198553584318602,3,1,0,10.83,10.851,0.046,0.030753,41.098,0.021000000000000796,10.788,10.846,0.123,0.03031,42.093,0.05799999999999983,10.277414368327653,10.614955,176.36038,1.2563183,0.829073,3.84962,1040
8482-3704,1-93612,0.0323949,0.779,0.779,162.0,6.820112595842872,3,1,0,10.892,10.892,0.0,0.028222,56.659,0.0,10.891,10.894,0.005,0.027867,56.409,0.0030000000000001137,10.578660981441235,10.916202,128.09752,0.99062604,0.677172,6.05713,1040
8483-3704,1-93503,0.0328625,0.759,0.759,78.7,4.252815031905145,1,1,2,9.923,10.052,0.257,0.051478,76.956,0.12899999999999956,10.084,10.084,0.0,0.04985,77.215,0.0,9.587842243507227,9.925383,60.458023,0.9304775,0.488664,4.74634,4160
8484-3704,1-94063,0.0303942,0.651,0.651,126.6,8.522976110451687,1,1,0,10.782,10.782,0.0,0.037374,79.03,0.0,10.768,10.771,0.006,0.030244,79.06,0.0030000000000001137,10.33393470046942,10.671475,100.71154,0.9460644,0.258703,12.9041,1168
8550-3704,1-211311,0.0298414,0.479,0.479,84.6,6.550035183742434,1,1,0,10.0,10.634,0.768,0.029437,18.274,0.6340000000000003,9.863,10.691,0.851,0.027756,18.29,0.8280000000000012,10.170229435551429,10.50777,85.06832,1.0298347,0.898815,4.95916,1168
8601-3704,1-135506,0.0295479,0.882,0.882,53.4,4.6259840504890155,1,1,2,8.856,10.044,0.935,0.041492,45.218,1.1880000000000006,9.134,10.034,0.874,0.040984,45.218,0.9000000000000004,9.40794977323923,9.74549,33.571148,0.9093453,0.740217,4.28946,4160
8603-3704,1-210701,0.0294841,0.692,0.692,194.4,4.330854953489657,1,1,0,10.79,10.817,0.059,0.028415,80.235,0.027000000000001023,10.77,10.812,0.091,0.027336,81.607,0.041999999999999815,10.288376677442573,10.625917,184.01823,1.2824718,0.538963,4.16342,1168
8604-3704,1-210710,0.0276646,0.158,0.158,85.4,10.575537663318267,1,1,2,10.261,10.261,0.0,0.047369,23.056,0.0,10.258,10.267,0.021,0.047775,22.679,0.009000000000000341,9.756528091633015,10.094069,92.83507,0.9656898,0.854854,4.88197,4288
8554-1902,1-419351,0.0228634,0.569,0.569,106.2,3.821474307604593,1,1,0,10.096,10.115,0.041,0.039434,41.795,0.019000000000000128,10.021,10.126,0.215,0.039402,41.389,0.10499999999999865,9.759826427630507,10.097367,103.796585,1.1132948,0.837744,3.17182,1168
8254-12701,1-275354,0.025779,0.783,0.783,80.1,8.25780295089652,1,1,0,10.109,10.284,0.331,0.025397,56.438,0.1750000000000007,9.994,10.286,0.489,0.026264,56.484,0.2919999999999998,9.971219702339344,10.308761,56.36685,0.88831985,0.667411,7.77325,1168
7957-6101,1-561020,0.0311029,0.083,0.083,174.1,10.969270015742026,1,1,0,11.034,11.102,0.145,0.020317,51.527,0.06799999999999962,11.022,11.082,0.128,0.020815,84.023,0.0600000000000005,10.587984697478168,10.925526,176.87726,0.9805714,0.900378,6.24849,1040
8313-12703,1-248348,0.0355431,0.693,0.693,71.5,11.702898000553226,1,1,2,10.404,10.449,0.099,0.0299,41.189,0.04499999999999993,10.483,10.504,0.046,0.026491,41.266,0.02099999999999902,10.247241465092776,10.584782,67.43839,0.88059056,0.76521,10.3183,4608
7990-6101,1-23866,0.0271715,0.825,0.825,74.7,5.363676351457543,1,1,0,8.582,10.168,0.974,0.038365,57.636,1.5859999999999985,9.63,10.164,0.707,0.036124,57.814,0.5339999999999989,9.550761412803986,9.888302,46.609657,0.937182,0.609206,5.77191,64
8318-12704,1-284317,0.0245562,0.662,0.662,70.8,10.441788767972993,1,1,0,10.288,10.506,0.394,0.0546,41.279,0.21799999999999997,10.014,10.537,0.7,0.054433,41.432,0.5230000000000015,9.55712446919462,9.894665,54.43407,0.856384,0.774023,8.60061,1168
8335-1902,1-252147,0.0180881,0.242,0.242,84.4,2.2708074798718596,1,1,0,9.615,9.615,0.0,0.048345,63.152,0.0,9.615,9.615,0.0,0.048432,65.936,0.0,9.398951604341192,9.736492,83.2416,1.4886309,0.667122,1.86418,1552
8486-12704,1-209407,0.0195055,0.649,0.649,62.3,6.6684358769112295,1,1,0,9.39,9.81,0.62,0.058529,72.952,0.41999999999999993,9.485,9.821,0.539,0.058253,73.234,0.3360000000000003,9.079926145718783,9.417467,44.265408,0.86284,0.365041,9.98686,1168
8606-12703,1-564477,0.116163,0.125,0.125,218.6,5.08730142081682,1,1,2,11.441,11.457,0.036,0.020961,80.043,0.016000000000000014,11.441,11.458,0.037,0.021457,80.043,0.01699999999999946,11.264068963884288,11.601609,225.8234,0.9428294,0.64757,15.3062,4096
8318-3701,1-259893,0.0333305,0.703,0.703,161.2,5.034266414924533,1,1,0,10.647,10.674,0.06,0.03022,74.911,0.026999999999999247,10.604,10.675,0.149,0.026612,74.911,0.0710000000000015,10.375736752135849,10.713278,149.64409,1.1029406,0.580813,4.6206,1040
8588-12704,1-135641,0.030363,0.859,0.859,145.5,8.341861288248271,3,1,0,10.649,10.715,0.142,0.022299,78.176,0.06600000000000072,10.669,10.725,0.121,0.021922,78.466,0.05599999999999916,10.354052707518635,10.691593,96.59373,0.9135229,0.377239,10.5516,1040
8604-12705,1-569166,0.0271759,0.342,0.342,126.6,13.746589727453884,1,1,0,10.742,10.743,0.0,0.023518,53.985,0.0009999999999994458,10.739,10.739,0.0,0.029868,84.023,0.0,10.489167878372637,10.826709,135.27628,0.8907131,0.932818,9.94279,1024
8313-6101,1-248389,0.0348484,0.458,0.458,129.6,6.98661605449602,1,1,2,10.729,10.729,0.0,0.032816,30.145,0.0,10.734,10.735,0.0,0.032774,29.516,0.0009999999999994458,10.308406459574444,10.645947,127.13921,0.96794254,0.9306,5.11986,4672
8318-6101,1-284291,0.0523298,0.696,0.696,106.2,8.847222841420383,1,1,2,10.375,11.06,0.794,0.023099,45.218,0.6850000000000005,9.694,11.096,0.96,0.020272,45.218,1.4019999999999992,10.461223816939242,10.798764,84.53632,0.92591953,0.839689,7.24656,4608
8320-6101,1-523004,0.0265678,0.768,0.768,107.5,7.009137310316881,3,1,0,10.558,10.587,0.065,0.028207,45.218,0.028999999999999915,10.534,10.599,0.138,0.028187,45.218,0.0649999999999995,9.961074469469075,10.298615,85.95232,0.9480146,0.831196,5.73956,1168
8335-6101,1-251788,0.0175421,0.164,0.164,106.5,7.709286979394293,1,1,2,10.19,10.192,0.006,0.030722,82.799,0.002000000000000668,10.19,10.191,0.0,0.031616,82.672,0.0010000000000012221,9.813038949808101,10.150579,107.76829,0.9769315,0.874681,5.5881,4160
8447-6101,1-260446,0.0752861,0.763,0.763,223.4,6.044027016159149,1,1,2,11.292,11.452,0.307,0.027974,68.922,0.16000000000000014,11.371,11.445,0.157,0.024786,69.132,0.07399999999999984,10.914445238708382,11.251986,176.66025,1.042339,0.563457,6.07227,4112
8549-12704,1-134599,0.019658,0.758,0.758,75.7,6.044781707109525,1,1,0,8.05,9.774,0.981,0.028789,78.075,1.7239999999999984,9.38,9.808,0.627,0.029657,84.97,0.42799999999999905,9.47273305235126,9.810274,50.22684,0.916945,0.347987,8.57387,1040
8452-6101,1-167610,0.024362,0.718,0.718,77.5,6.147186775005036,1,1,0,8.432,9.994,0.973,0.03678,74.866,1.5619999999999994,10.074,10.075,0.001,0.036148,76.335,0.0009999999999994458,9.315569434640894,9.6531105,53.751038,0.9142361,0.453433,6.79878,1168
8483-6101,1-93557,0.0197953,0.719,0.719,123.7,5.58655384328681,3,1,2,10.402,10.403,0.002,0.024708,69.151,0.0010000000000012221,10.388,10.396,0.017,0.024758,69.157,0.008000000000000895,10.054137904817809,10.391679,100.73535,1.0958878,0.611406,5.36011,4160
8484-6101,1-93835,0.0310484,0.791,0.791,103.2,6.518161420633585,1,1,2,10.087,10.364,0.47,0.027147,75.302,0.277000000000001,10.028,10.356,0.529,0.027826,77.695,0.3279999999999994,10.184665883331965,10.522206,74.6269,0.9317968,0.360762,8.60775,4288
8549-6101,1-209712,0.0597674,0.07,0.07,215.3,7.354772274829469,1,1,0,11.303,11.327,0.052,0.033933,59.373,0.023999999999999133,11.29,11.31,0.042,0.043969,85.581,0.02000000000000135,10.860977894660593,11.198519,222.81256,0.9795966,0.789766,5.55665,1040
8550-6101,1-594483,0.0309815,0.09,0.09,191.8,7.6440215069311765,1,1,0,10.973,11.037,0.135,0.014542,26.873,0.06400000000000006,10.969,11.034,0.137,0.014517,27.51,0.06500000000000128,10.590874143841376,10.928414,195.69179,1.0603433,0.948342,5.46481,1040
8555-6101,1-210323,0.0651127,0.066,0.066,249.4,7.9752329800649555,1,1,0,11.57,11.745,0.331,0.018159,17.543,0.17499999999999893,11.588,11.737,0.289,0.018081,17.579,0.1490000000000009,11.10237538418105,11.439916,252.80931,0.9372728,0.955118,6.02549,1040
8588-6101,1-135517,0.0317611,0.239,0.239,108.3,8.744677635996966,1,1,0,10.659,10.659,0.0,0.016846,24.902,0.0,10.596,10.644,0.105,0.016159,38.731,0.04800000000000004,10.524612890653348,10.862153,109.95271,1.003798,0.961436,6.15725,1040
8601-6101,1-594528,0.0281495,0.68,0.68,214.3,6.199577836387088,1,1,0,10.976,10.977,0.0,0.025828,78.515,0.0009999999999994458,10.971,10.982,0.025,0.021638,85.096,0.010999999999999233,10.457494339235367,10.795035,189.53644,1.148421,0.558738,5.86529,1040
8604-6101,1-210895,0.0319345,0.618,0.618,65.4,3.967891152447633,1,1,2,9.145,9.867,0.81,0.057492,62.238,0.7220000000000013,8.893,9.81,0.879,0.057634,75.25,0.9169999999999998,9.318503670002114,9.656044,55.812595,0.9661077,0.600498,3.84107,4096
8612-6101,1-95982,0.0336007,0.767,0.767,185.6,6.053157652737781,3,1,0,10.863,10.925,0.132,0.019097,75.956,0.062000000000001165,10.806,10.91,0.213,0.018831,75.2,0.10400000000000098,10.532807866514565,10.870349,152.9704,1.0864639,0.531386,5.82548,1040
8618-6101,1-635503,0.0293012,0.776,0.776,110.4,7.891261987016147,3,1,0,10.445,10.56,0.232,0.024105,75.145,0.11500000000000021,10.505,10.574,0.147,0.024255,75.631,0.06899999999999906,10.290386358766861,10.627927,76.72811,0.99372864,0.455715,9.07305,1552
8320-1902,1-519705,0.027973,0.175,0.175,91.6,1.3791850642833041,2,1,2,9.64,9.742,0.209,0.066621,14.819,0.10200000000000031,9.705,9.735,0.066,0.064413,14.837,0.02999999999999936,9.242362505847883,9.579903,91.516396,1.1875094,0.902781,1.19364,4160
7957-6102,1-561039,0.0256566,0.796,0.796,105.3,4.444135385842441,3,1,0,10.191,10.207,0.035,0.035325,86.82,0.016000000000000014,10.214,10.214,0.0,0.036274,86.82,0.0,9.969858369034851,10.307399,79.07083,1.0522628,0.375966,5.6189,1168
8320-12705,1-519746,0.0273277,0.793,0.793,112.4,13.335946496981098,1,1,0,10.073,10.892,0.848,0.007642,59.491,0.8189999999999991,9.538,10.89,0.956,0.007419,59.491,1.3520000000000003,10.307337694806257,10.644878,70.289215,0.8842609,0.640079,12.4857,1024
8612-1902,1-95825,0.033179,0.786,0.786,180.5,3.41086599168849,3,1,2,10.673,10.684,0.025,0.04086,72.41,0.010999999999999233,10.673,10.684,0.024,0.040791,72.412,0.010999999999999233,10.174083078071808,10.511623,157.21532,1.211993,0.538113,3.31925,4224
8612-12702,1-96075,0.0631152,0.813,0.813,129.4,11.01951503929191,1,1,0,11.096,11.268,0.327,0.022748,45.218,0.1720000000000006,10.88,11.293,0.613,0.023313,45.244,0.4129999999999985,10.797218359564077,11.134759,83.64331,0.8350918,0.800961,9.82674,1040
8603-1901,1-211007,0.0282842,0.282,0.282,119.8,2.398150037293723,1,1,2,10.089,10.092,0.006,0.054996,45.049,0.0030000000000001137,10.05,10.072,0.05,0.052314,50.684,0.021999999999998465,9.704858885940874,10.042399,122.58531,1.1169195,0.83827,1.83396,4288
8603-1902,1-210773,0.0319436,0.298,0.298,189.5,4.845113936721,1,1,0,10.881,10.972,0.188,0.025546,21.019,0.0909999999999993,10.876,10.965,0.185,0.025454,21.227,0.08900000000000041,10.345683410316864,10.683224,193.02165,1.1859318,0.956866,3.23183,1040
8604-1901,1-211079,0.0304269,0.4,0.4,195.3,4.001142913194534,3,1,0,10.714,10.758,0.092,0.032688,43.332,0.04399999999999871,10.696,10.734,0.081,0.032657,54.278,0.038000000000000256,10.209472119142141,10.547012,200.78928,1.4078913,0.8862,2.50034,1168
8254-1902,1-255878,0.0242371,0.155,0.155,76.9,2.8839582864527618,1,1,0,9.711,9.752,0.089,0.03705,16.194,0.04100000000000037,9.748,9.772,0.055,0.036975,14.885,0.02400000000000091,9.703896388813595,10.041437,78.02966,1.4437753,0.892788,2.39308,1168
8448-12704,1-487449,0.0226077,0.839,0.839,95.9,5.296150054897503,3,1,0,9.758,9.972,0.388,0.029303,86.789,0.2140000000000004,9.717,9.963,0.433,0.03026,86.789,0.24599999999999866,9.594653269805235,9.932194,60.49148,0.9000683,0.212745,9.49179,1168
8313-12705,1-248233,0.0315371,0.834,0.834,192.6,9.407957546245793,3,1,0,11.153,11.157,0.007,0.019049,65.885,0.0039999999999995595,11.133,11.148,0.033,0.019728,65.953,0.015000000000000568,10.626793932246466,10.9643345,148.32909,0.9126909,0.566323,9.50263,1040
8612-3701,1-94977,0.0290337,0.492,0.492,131.9,5.192286659082384,1,1,0,10.503,10.521,0.04,0.031672,86.56,0.018000000000000682,10.51,10.521,0.024,0.042209,86.56,0.011000000000001009,10.2411478624117,10.578689,126.703,1.1567292,0.609212,4.53086,1168
8486-1901,1-134004,0.0185601,0.63,0.63,63.3,3.080024880911829,3,1,0,9.476,9.551,0.159,0.04447,56.426,0.07499999999999929,9.516,9.556,0.088,0.044155,56.888,0.03999999999999915,9.226427184039226,9.563968,55.931877,1.0423976,0.667273,2.74306,1168
8254-6102,1-276679,0.0252582,0.672,0.672,73.4,7.075422100347399,1,1,0,10.181,10.206,0.056,0.034264,50.091,0.025000000000000355,9.853,10.226,0.577,0.033884,50.763,0.3730000000000011,9.62139649012444,9.958937,56.440266,0.89579684,0.722862,6.59317,1168
8551-12704,1-247417,0.029372,0.821,0.821,125.6,7.256171744262311,3,1,0,10.573,10.598,0.057,0.024449,74.911,0.025000000000000355,10.542,10.593,0.112,0.024406,74.911,0.051000000000000156,10.244831080537717,10.582372,85.68304,0.9301983,0.391549,8.65153,1168
8554-3701,1-419380,0.0235125,0.677,0.677,73.3,5.234614762841105,3,1,0,9.907,9.976,0.146,0.033142,56.502,0.06900000000000084,9.915,9.976,0.132,0.033336,56.796,0.06100000000000172,9.656898942807697,9.994439,63.93942,0.935855,0.684283,4.84438,1168
8555-12705,1-134954,0.0315232,0.831,0.831,116.0,8.10447710429693,3,1,0,10.626,10.724,0.203,0.01908,56.158,0.09800000000000075,10.635,10.723,0.184,0.018627,56.159,0.08800000000000097,10.31458132144878,10.652122,79.54959,0.8884477,0.692219,7.2771,1168
8452-3701,1-608874,0.0424317,0.171,0.171,184.5,7.795757742572466,1,1,2,11.129,11.168,0.084,0.033243,29.534,0.0389999999999997,11.137,11.163,0.057,0.033147,29.99,0.0259999999999998,10.53727746289257,10.874818,187.71823,0.90208155,0.921463,5.68996,4096
8312-6102,1-210972,0.0325493,0.733,0.733,145.2,4.944650026272722,1,1,2,10.596,10.681,0.177,0.027408,59.255,0.08499999999999908,10.59,10.661,0.15,0.025923,59.255,0.07099999999999973,10.25749858129809,10.595039,134.01643,1.0631853,0.749043,3.97499,4288
8313-6102,1-248289,0.0341391,0.75,0.75,195.8,5.180250440284311,3,1,0,10.933,10.942,0.019,0.027923,77.744,0.009000000000000341,10.908,10.934,0.057,0.028759,77.903,0.0259999999999998,10.546126676701531,10.883667,167.2602,1.1182721,0.469719,5.65466,1040
8485-12703,1-633196,0.0380864,0.19,0.19,152.3,12.918427852256258,1,1,0,11.128,11.128,0.0,0.026726,79.813,0.0,11.128,11.128,0.0,0.026667,79.813,0.0,10.780640571940404,11.118181,164.79214,0.8775145,0.95488,10.0444,1040
8318-6102,1-284293,0.12908,0.295,0.295,180.3,4.7352005462605575,1,1,2,11.296,11.297,0.0,0.059076,84.023,0.0010000000000012221,11.297,11.297,0.0,0.059364,84.023,0.0,11.007534417897258,11.345075,185.99524,1.0462993,0.918926,4.18236,4160
8554-12705,1-401919,0.0335301,0.818,0.818,120.4,9.27979652504843,1,1,0,10.494,10.687,0.359,0.015692,67.244,0.19299999999999962,10.46,10.684,0.403,0.018511,68.463,0.22399999999999842,10.308331731591572,10.645872,93.52218,0.88202053,0.417372,11.5031,1040
8320-6102,1-519707,0.0277862,0.549,0.549,106.0,5.238506722887354,1,1,0,10.412,10.459,0.103,0.039963,25.808,0.04699999999999882,10.386,10.514,0.254,0.034857,25.827,0.1280000000000001,10.038011803248539,10.375552,105.36209,0.9535824,0.904947,4.12669,1168
8482-12702,1-542351,0.056681,0.101,0.101,190.2,7.262888596477843,1,1,0,11.197,11.223,0.057,0.001346,80.043,0.026000000000001577,11.2,11.225,0.054,0.001405,29.596,0.025000000000000355,10.848805931346044,11.186347,195.1464,0.902866,0.851057,9.15914,1040
8604-12701,1-210881,0.0350385,0.442,0.442,116.6,16.10076424456347,3,1,0,11.264,11.264,0.0,0.019073,18.315,0.0,11.239,11.239,0.0,0.01935,18.37,0.0,10.832824938532172,11.170365,119.38308,0.87921846,0.980852,12.3443,1040
8464-12701,1-258820,0.0235479,0.792,0.792,83.6,11.43170470959418,3,1,0,10.25,10.447,0.365,0.023275,60.157,0.19699999999999918,10.222,10.453,0.412,0.023265,60.472,0.23099999999999987,9.893835524843393,10.231376,51.622234,0.8914358,0.575578,13.126,1040
8320-1901,1-523238,0.0277398,0.136,0.136,158.2,5.495506579056938,1,1,0,10.708,10.744,0.079,0.038626,19.168,0.03599999999999959,10.704,10.746,0.092,0.038558,19.48,0.041999999999999815,10.041925356132008,10.379466,160.64203,1.1456038,0.954595,3.46338,1168
8447-6102,1-260377,0.122408,0.244,0.244,257.5,6.510909698940027,1,1,0,11.715,11.73,0.032,0.052129,38.084,0.015000000000000568,11.711,11.729,0.039,0.052372,38.196,0.017999999999998906,11.219322508419337,11.556863,261.99637,0.95654714,0.961821,5.61754,1040
8448-6102,1-487164,0.0229026,0.761,0.761,60.7,4.52874850613538,1,1,0,9.117,9.633,0.695,0.04817,78.138,0.5159999999999982,9.667,9.703,0.08,0.046834,79.218,0.03599999999999959,9.041846483127133,9.379387,40.578335,0.88605934,0.320696,6.21712,1168
8464-1902,1-258774,0.0383813,0.287,0.287,117.9,5.808138753686756,1,1,2,10.503,10.504,0.0,0.037298,42.52,0.0009999999999994458,10.471,10.472,0.0,0.033584,84.745,0.0009999999999994458,10.429653785699115,10.767195,126.569214,1.4147462,0.854535,2.92752,4224
8452-6102,1-172948,0.0424731,0.801,0.801,152.4,6.144412095049482,3,1,0,10.774,10.843,0.146,0.027027,66.526,0.06900000000000084,10.764,10.839,0.158,0.028357,67.078,0.07500000000000107,10.553268757217497,10.890809,129.23032,0.94100535,0.532723,6.69936,1552
8465-1901,1-234115,0.0288883,0.207,0.207,181.9,4.873235669154159,2,1,0,10.679,10.68,0.0,0.017526,85.581,0.0009999999999994458,10.679,10.68,0.0,0.019932,85.581,0.0009999999999994458,10.057194284524062,10.394735,185.62326,1.2236533,0.866448,3.46469,1216
8335-12703,1-252072,0.0183016,0.768,0.768,80.8,8.224355354817348,1,1,0,10.013,10.013,0.0,0.038754,86.84,0.0,9.504,9.95,0.642,0.039334,86.84,0.44599999999999973,9.303088010528054,9.640629,53.554962,0.88149583,0.563535,13.911,1552
8482-6102,1-92832,0.0578285,0.141,0.141,222.5,6.457791682169387,1,1,0,11.307,11.308,0.0,0.041702,86.357,0.0009999999999994458,11.303,11.304,0.0,0.063189,86.357,0.0009999999999994458,10.86395777456562,11.201498,226.35504,0.95161724,0.681512,5.43201,1040
8484-6102,1-94168,0.032716,0.171,0.171,154.6,9.977277481966874,1,1,0,10.944,10.945,0.0,0.025731,37.178,0.0009999999999994458,10.93,10.931,0.0,0.031492,80.043,0.0009999999999994458,10.604294108827405,10.941834,158.61316,0.9119835,0.901441,7.83884,1040
8486-6102,1-134020,0.0193267,0.731,0.731,63.1,5.815048986483196,1,1,0,8.184,9.71,0.97,0.036914,68.922,1.5260000000000016,9.772,9.772,0.0,0.036276,69.998,0.0,9.313272293438349,9.650813,44.442257,0.9078619,0.452976,6.70244,1168
8550-6102,1-211239,0.0265494,0.772,0.772,87.0,4.827000783523197,1,1,2,10.024,10.025,0.001,0.048158,80.384,0.0010000000000012221,9.735,9.975,0.425,0.047786,79.361,0.2400000000000002,9.426102799997928,9.763643,60.503506,0.91769224,0.356888,6.50806,4672
8588-6102,1-135372,0.0300793,0.506,0.506,207.8,8.433730573952866,1,1,2,11.048,11.121,0.153,0.013375,56.769,0.0730000000000004,11.027,11.103,0.158,0.013079,70.603,0.07600000000000051,10.76501028249805,11.1025505,196.73717,1.0541167,0.789335,6.06371,4160
8603-6102,1-210752,0.0260378,0.593,0.593,118.1,5.022273556271901,1,1,0,10.273,10.323,0.108,0.025019,81.437,0.05000000000000071,10.285,10.321,0.08,0.040712,86.789,0.03599999999999959,10.033861850175663,10.371403,112.01605,0.9770199,0.431864,5.57284,1168
8606-6102,1-136292,0.121731,0.135,0.135,234.4,7.132425347300725,1,1,0,11.671,11.694,0.049,0.063116,20.696,0.023000000000001464,11.67,11.693,0.05,0.063267,20.772,0.022999999999999687,11.218860972805922,11.556401,253.2367,0.9393111,0.712454,6.58637,1040
8618-6102,1-635506,0.0172631,0.388,0.388,96.1,6.358731497615614,1,1,2,10.12,10.212,0.192,0.021995,46.366,0.09200000000000053,10.165,10.189,0.052,0.02107,46.482,0.02400000000000091,9.895069330973953,10.23261,93.21969,1.0111387,0.794642,5.31428,4096
7957-6103,1-546834,0.0278009,0.498,0.498,189.7,8.362759687479395,1,1,2,10.974,11.032,0.124,0.022862,45.356,0.05799999999999983,10.963,11.033,0.148,0.023473,45.381,0.07000000000000028,10.622780619985416,10.960321,184.46817,0.96745014,0.874755,6.57161,4160
7962-6103,1-178533,0.095552,0.29,0.29,218.8,6.5678616830437555,1,1,0,11.456,11.485,0.063,0.040614,80.043,0.028999999999999915,11.463,11.485,0.048,0.040591,80.042,0.02200000000000024,11.201082898310432,11.538624,223.89967,0.9356947,0.959437,5.40696,1040
8465-12705,1-285004,0.0281378,0.638,0.638,154.7,9.436811587707215,1,1,0,10.887,10.887,0.0,0.021017,52.692,0.0,10.881,10.881,0.0,0.020622,52.692,0.0,10.49367131180615,10.831212,135.96443,0.8979728,0.688471,8.703,1088
7992-12703,1-594809,0.0160095,0.659,0.659,65.1,6.210847437281541,1,1,0,9.562,9.568,0.012,0.035468,79.239,0.006000000000000227,9.447,9.548,0.206,0.035222,80.388,0.10100000000000087,8.83324977439088,9.170791,49.565186,0.89150244,0.29992,8.7196,1168
8551-1901,1-247449,0.0294578,0.526,0.526,172.1,5.4612805215667635,1,1,0,10.76,10.787,0.059,0.036434,37.867,0.027000000000001023,10.741,10.778,0.079,0.035164,38.729,0.03700000000000081,10.220149945731949,10.557691,173.54784,1.1345975,0.924025,3.44549,1040
8315-1902,1-323026,0.0305689,0.599,0.599,173.8,2.918193385520734,3,1,2,10.556,10.557,0.0,0.030651,55.548,0.0010000000000012221,10.538,10.558,0.042,0.028516,56.75,0.019999999999999574,9.976883919990097,10.3144245,167.5014,1.26099,0.790665,2.45116,4096
7990-3701,1-23894,0.030415,0.357,0.357,134.6,5.265306771681036,1,1,0,10.534,10.574,0.088,0.034249,64.968,0.03999999999999915,10.533,10.563,0.065,0.037268,86.055,0.030000000000001137,10.183688273447988,10.521229,130.78497,0.96416706,0.721846,5.00001,1216
7990-1901,1-634825,0.0300175,0.384,0.384,197.0,7.427775523515414,3,1,0,10.983,10.984,0.0,0.036203,43.603,0.0009999999999994458,10.952,10.962,0.021,0.036075,60.514,0.009999999999999787,10.577215969734652,10.914757,196.7223,1.5002477,0.855235,3.54628,1040
8318-12705,1-259908,0.0291244,0.773,0.773,81.8,9.293821969416475,1,1,0,10.104,10.459,0.558,0.021512,58.158,0.3550000000000004,9.986,10.459,0.663,0.021483,58.23,0.472999999999999,9.763244502826275,10.100785,53.04402,0.8814315,0.650133,8.58842,1216
8254-6103,1-276590,0.140498,0.853,0.853,210.1,6.843993501985238,3,1,2,11.807,11.807,0.0,0.076267,41.181,0.0,11.809,11.809,0.0,0.068168,41.162,0.0,11.176935863831599,11.514477,213.96918,0.9215801,0.805947,6.18515,4112
8603-12703,1-135133,0.0299683,0.723,0.723,97.1,8.878396152737855,1,1,0,10.315,10.635,0.522,0.02409,53.135,0.3200000000000003,10.28,10.619,0.541,0.023081,53.725,0.3390000000000004,10.177242061024646,10.514783,81.66434,0.88175356,0.627429,8.37236,1216
8263-6103,1-258750,0.0246954,0.678,0.678,128.4,5.6251174538931865,1,1,0,10.354,10.452,0.2,0.018792,80.829,0.09800000000000075,10.346,10.45,0.213,0.019789,81.825,0.1039999999999992,10.114210528249993,10.451751,118.995514,0.9983995,0.517995,5.77442,1040
8315-6103,1-322768,0.082225,0.505,0.505,240.4,7.748395422231989,1,1,0,11.601,11.642,0.09,0.038925,74.654,0.04099999999999859,11.649,11.649,0.0,0.03791,74.654,0.0,11.049535871931663,11.387076,232.93814,0.86316407,0.673966,7.48998,1040
8588-1902,1-135794,0.0304343,0.698,0.698,143.4,3.621958259800536,1,1,0,10.403,10.445,0.09,0.027825,79.542,0.041999999999999815,10.369,10.436,0.143,0.02807,79.55,0.06700000000000017,10.347445161284485,10.684986,132.2619,1.855579,0.617959,3.0258,1040
8330-6103,1-559041,0.0269759,0.497,0.497,153.1,8.122469049452004,1,1,0,10.762,10.82,0.125,0.031535,42.775,0.05799999999999983,10.737,10.791,0.116,0.03125,47.218,0.05400000000000027,10.213557598699182,10.551098,150.09071,0.9377251,0.862571,5.48175,1040
8447-6103,1-260541,0.075388,0.215,0.215,255.1,7.510697431210263,3,1,0,11.741,11.788,0.101,0.028306,19.994,0.0470000000000006,11.552,11.644,0.19,0.029494,80.004,0.09200000000000053,11.099400917873627,11.436941,258.03574,0.93653905,0.960051,6.00219,1040
8448-6103,1-487452,0.022453,0.726,0.726,119.8,6.071967395660839,3,1,0,10.47,10.488,0.042,0.034242,83.153,0.017999999999998906,10.463,10.487,0.053,0.034216,83.23,0.02400000000000091,9.849916080518913,10.187457,99.15302,0.97783,0.482224,5.78108,1040
8486-1902,1-133987,0.0195435,0.365,0.365,149.3,3.7809700059725606,1,1,0,10.316,10.317,0.0,0.037601,28.838,0.0009999999999994458,10.309,10.31,0.0,0.028738,30.863,0.0010000000000012221,9.822169387481956,10.15971,153.73805,1.6372142,0.902851,2.80256,1040
8452-6103,1-172962,0.0608266,0.127,0.127,215.3,7.932541077580685,2,1,0,11.319,11.412,0.192,0.010398,51.952,0.09299999999999997,11.299,11.387,0.181,0.010538,84.745,0.08800000000000097,10.913182077198678,11.250723,218.0997,0.90552545,0.801857,6.32348,1040
8320-12703,1-523033,0.0302572,0.739,0.739,118.9,6.976299800037349,1,1,2,10.388,10.42,0.072,0.037904,81.173,0.03200000000000003,10.284,10.399,0.232,0.03776,81.414,0.11499999999999844,9.451539293091644,9.78908,82.9993,0.8864529,0.259448,10.9808,4160
8465-6103,1-233721,0.0331689,0.532,0.532,154.0,6.177052325557624,3,1,0,10.761,10.794,0.073,0.028842,70.051,0.03300000000000125,10.743,10.792,0.106,0.028761,71.403,0.04899999999999949,10.362680350328088,10.700221,143.70757,0.93349314,0.618937,6.04946,1168
8482-6103,1-542414,0.0600545,0.109,0.109,250.7,6.8322905434052394,1,1,0,11.429,11.449,0.043,0.042074,62.565,0.019999999999999574,11.425,11.441,0.034,0.049041,85.581,0.016000000000000014,10.910084669491216,11.247625,257.0697,0.9358222,0.790569,6.13713,1040
8485-6103,1-209221,0.0249941,0.781,0.781,130.3,4.654400683147599,1,1,0,10.292,10.295,0.005,0.035793,78.773,0.0030000000000001137,10.174,10.267,0.192,0.030978,80.122,0.09299999999999997,9.821864490391434,10.159405,99.56027,1.0025401,0.349364,6.2681,1168
8486-6103,1-133948,0.0195194,0.181,0.181,56.1,6.3752389149165944,1,1,0,9.85,9.85,0.0,0.045324,2.921,0.0,10.064,10.14,0.16,0.044673,2.61,0.07600000000000051,9.44180821025984,9.779348,58.512043,0.8903831,0.662078,5.78962,1552
8550-6103,1-211103,0.0245559,0.625,0.625,115.8,8.644550183717094,1,1,0,10.557,10.728,0.325,0.01851,41.428,0.17099999999999937,10.502,10.754,0.44,0.018373,41.4,0.2519999999999989,10.160306428292007,10.497847,105.432556,0.8914224,0.818606,6.46703,1040
8601-6103,1-135545,0.0301334,0.869,0.869,107.8,4.964515972794093,3,1,2,10.222,10.258,0.079,0.031733,74.932,0.03599999999999959,10.263,10.267,0.009,0.031698,74.996,0.0039999999999995595,10.069246175068528,10.406787,71.119804,0.95087564,0.402053,6.09413,4288
8603-6103,1-135058,0.0270087,0.746,0.746,102.3,4.494301032495661,1,1,2,9.92,10.138,0.394,0.03762,76.449,0.21799999999999997,9.929,10.135,0.378,0.038015,86.696,0.20599999999999952,9.707382792961376,10.044924,78.06978,0.9201806,0.392703,5.48034,4160
8612-6103,1-94971,0.0615035,0.073,0.073,264.4,6.109004476432517,1,1,0,11.469,11.497,0.059,0.033592,39.215,0.02800000000000047,11.48,11.514,0.072,0.033668,6.411,0.03399999999999892,10.959067162877384,11.296608,267.64908,0.9188605,0.711456,6.55501,1040
8330-1902,1-402656,0.0200157,0.642,0.642,61.4,4.844055245507928,1,1,0,8.748,10.044,0.949,0.034069,33.584,1.2960000000000012,8.688,10.033,0.955,0.03392,33.808,1.3449999999999989,9.463987001326382,9.801528,52.457928,0.9545846,0.906742,3.77337,1040
7957-6104,1-595044,0.0254919,0.615,0.615,85.4,5.846927805146725,1,1,0,9.518,10.058,0.711,0.023523,77.866,0.5399999999999991,8.721,10.036,0.952,0.023183,77.866,1.3149999999999995,9.506515855808491,9.844056,67.019005,0.9471245,0.478751,6.73756,1168
7962-12703,1-178586,0.0477401,0.832,0.832,174.9,11.16964666615063,1,1,0,11.074,11.276,0.371,0.017554,63.231,0.20199999999999996,11.046,11.278,0.414,0.018393,63.81,0.2320000000000011,10.791546795846363,11.129087,136.6437,0.88643926,0.544891,10.2804,1040
7992-6104,1-22662,0.0271312,0.675,0.675,83.1,8.79841193151579,1,1,0,10.286,10.48,0.359,0.028456,41.792,0.19400000000000084,10.157,10.496,0.541,0.028452,41.742,0.3390000000000004,10.028953328782011,10.366494,70.42685,0.9761143,0.577412,6.84677,1168
8320-12704,1-523027,0.0267524,0.818,0.818,86.5,7.370922254467912,3,1,2,10.136,10.231,0.197,0.031995,69.084,0.09500000000000064,10.22,10.263,0.093,0.031243,69.239,0.04299999999999926,9.651094757355175,9.988635,56.211987,0.8649721,0.466563,8.16388,4240
8452-1901,1-167688,0.0257723,0.29,0.29,54.7,4.437867410373281,1,1,0,10.221,10.476,0.444,0.049707,2.567,0.2550000000000008,10.204,10.454,0.438,0.049705,2.568,0.25,9.636589186486667,9.97413,54.979897,0.97917795,0.868904,3.74878,1168
8550-12705,1-135468,0.029986,0.713,0.713,163.1,17.24530734627244,3,1,2,11.162,11.35,0.35,0.013138,53.776,0.18799999999999883,11.147,11.361,0.389,0.013095,53.553,0.2140000000000004,10.820512778412496,11.158053,124.949745,0.88460803,0.670573,16.8021,4096
8263-12702,1-258760,0.0237927,0.817,0.817,101.3,7.37892438645164,3,1,0,10.186,10.273,0.181,0.033271,83.863,0.08699999999999974,10.121,10.26,0.273,0.0338,83.879,0.13899999999999935,9.778209876181549,10.11575,61.889,0.9023888,0.198843,12.0633,1168
8588-12705,1-135383,0.0301398,0.781,0.781,89.4,7.98908552830091,1,1,0,10.138,10.306,0.319,0.02175,79.216,0.16799999999999926,10.269,10.329,0.129,0.021007,79.742,0.0600000000000005,10.117768294926373,10.455309,66.66538,0.89651614,0.355884,10.4299,1168
8313-12701,1-247977,0.0354683,0.807,0.807,106.5,8.712229479735106,3,1,0,10.744,10.752,0.019,0.018782,49.492,0.008000000000000895,10.698,10.766,0.145,0.018231,49.404,0.06799999999999962,10.27714602551397,10.614687,67.88044,0.8973889,0.685282,10.3119,1168
8482-12705,1-542392,0.0416814,0.874,0.874,150.0,9.722710940316778,3,1,0,11.036,11.071,0.076,0.030013,59.629,0.03500000000000014,11.026,11.075,0.107,0.03063,59.683,0.04899999999999949,10.618559530400422,10.9561,112.25513,0.88320374,0.588096,9.91561,1040
8313-3702,1-248328,0.0605869,0.183,0.183,221.0,7.065358410101253,1,1,0,11.294,11.37,0.158,0.023718,57.922,0.07599999999999874,11.29,11.355,0.136,0.025214,84.745,0.06500000000000128,10.898556805006892,11.236097,227.95218,1.0392792,0.919873,4.1604,1040
8603-12704,1-135030,0.0273289,0.724,0.724,116.6,10.842159629815063,3,1,0,10.751,10.826,0.159,0.018111,49.149,0.07500000000000107,10.761,10.81,0.107,0.018579,49.622,0.049000000000001265,10.503828801276134,10.84137,96.23542,0.88655066,0.700621,9.51023,1088
7990-12704,1-25554,0.0268193,0.784,0.784,99.7,9.735940048994271,1,1,0,10.331,10.448,0.235,0.019881,77.317,0.11700000000000088,10.489,10.489,0.0,0.014906,77.317,0.0,10.257628184188343,10.595169,81.50576,0.8945674,0.591268,9.84685,1552
8263-6104,1-282762,0.0395389,0.839,0.839,145.1,5.543274014894337,3,1,2,10.681,10.736,0.119,0.028234,68.936,0.05500000000000149,10.738,10.74,0.004,0.027177,68.93,0.002000000000000668,10.384138274858715,10.721679,101.06449,0.9754715,0.494928,5.89282,4672
8312-6104,1-135077,0.0290664,0.877,0.877,60.7,3.701427433846087,3,1,2,8.818,9.702,0.869,0.052474,68.977,0.8840000000000003,9.473,9.708,0.418,0.050728,68.931,0.23499999999999943,9.349322217665518,9.686863,38.561523,0.9229837,0.458094,4.5256,4672
8315-6104,1-633211,0.0638318,0.271,0.271,214.5,6.694895238495633,1,1,2,11.24,11.42,0.339,0.015618,35.678,0.17999999999999972,11.208,11.449,0.426,0.014131,34.573,0.24099999999999966,10.843031473032106,11.1805725,213.58679,0.9502947,0.851965,5.85016,4096
8318-6104,1-284525,0.026671,0.78,0.78,71.0,6.6814034680397,3,1,2,10.271,10.273,0.003,0.051316,45.267,0.0019999999999988916,10.262,10.263,0.002,0.050748,45.268,0.0009999999999994458,9.644717196995341,9.982258,53.516563,0.8795978,0.74916,6.60155,4288
8325-6104,1-320337,0.0526757,0.227,0.227,237.7,7.644141451000827,1,1,0,11.452,11.506,0.115,0.029651,23.436,0.05400000000000027,11.445,11.5,0.117,0.029388,23.936,0.054999999999999716,10.881082657205436,11.218623,239.33499,0.9361843,0.91166,5.87537,1040
8549-12702,1-210017,0.0433422,0.835,0.835,155.9,9.355158930092605,3,1,0,11.102,11.102,0.0,0.020428,56.841,0.0,11.104,11.104,0.001,0.020261,56.762,0.0,10.544996441510516,10.882537,120.14351,0.88606167,0.691962,8.75649,1040
8318-1901,1-284321,0.0244567,0.566,0.566,135.8,2.9412893793162915,3,1,0,10.153,10.198,0.097,0.028662,74.495,0.04499999999999993,10.14,10.196,0.12,0.028655,74.026,0.05599999999999916,9.792538764335696,10.130079,130.53128,1.2894443,0.600477,2.86511,1168
8606-3701,1-136120,0.0573351,0.78,0.78,168.9,6.161078879937493,3,1,2,11.053,11.129,0.16,0.023611,50.513,0.07599999999999874,11.027,11.147,0.24,0.022669,49.82,0.120000000000001,10.704878593979615,11.042419,146.3644,0.9217465,0.780117,5.25709,4096
8554-12702,1-419536,0.0222314,0.608,0.608,64.0,9.510778205252828,1,1,0,9.808,10.11,0.501,0.03077,52.743,0.3019999999999996,8.938,10.102,0.931,0.02987,53.509,1.1639999999999997,9.64523750751325,9.982779,50.3428,0.86781466,0.669455,8.71346,1168
8464-6104,1-258778,0.0241486,0.712,0.712,74.1,7.299151861564883,1,1,0,8.427,10.139,0.981,0.028598,62.494,1.7119999999999997,9.338,10.158,0.848,0.027344,63.415,0.8200000000000003,9.689367471601406,10.026908,53.463226,0.87676775,0.630692,7.8362,1168
8486-6104,1-133922,0.0174718,0.722,0.722,75.7,5.128876777021644,1,1,0,9.578,9.78,0.372,0.027233,81.025,0.20199999999999996,9.578,9.778,0.369,0.029038,86.698,0.20000000000000107,9.550670985448319,9.888211,62.6442,0.96203107,0.390132,5.85332,1600
8550-6104,1-135516,0.0314747,0.774,0.774,133.5,4.065169420395465,1,1,2,10.491,10.541,0.107,0.028089,73.103,0.05000000000000071,10.49,10.534,0.096,0.027549,73.055,0.04400000000000048,10.119133768037972,10.456675,120.03616,1.034696,0.41841,5.48168,4224
8554-6104,1-419301,0.0613381,0.774,0.774,209.4,4.809420975095576,3,1,2,11.143,11.159,0.035,0.033267,76.316,0.016000000000000014,11.081,11.14,0.126,0.029721,75.619,0.05900000000000105,10.77322237336128,11.110763,171.47406,1.0228655,0.478458,5.76765,4224
8555-6104,1-93908,0.0471758,0.103,0.103,214.4,6.610222924320348,1,1,0,11.157,11.221,0.135,0.025129,60.063,0.06400000000000006,11.153,11.208,0.116,0.02518,85.847,0.054999999999999716,10.765408496167355,11.102949,217.08817,0.96776426,0.787291,5.67642,1040
8588-6104,1-95111,0.032454,0.754,0.754,113.1,5.024336567068461,3,1,2,10.409,10.435,0.059,0.034164,77.963,0.0259999999999998,10.341,10.423,0.173,0.032712,77.872,0.08200000000000074,10.13544752001849,10.472988,88.607635,0.9762964,0.43148,5.77443,4608
8601-6104,1-135055,0.0300581,0.159,0.159,229.6,9.240464011748266,2,1,0,11.208,11.21,0.0,0.021531,56.281,0.002000000000000668,11.19,11.196,0.011,0.025255,85.581,0.006000000000000227,10.701467818117942,11.039008,238.32129,0.9917726,0.808577,6.24969,1024
8603-6104,1-633994,0.0305182,0.78,0.78,141.2,6.227726208716555,1,1,2,10.589,10.661,0.152,0.03048,84.254,0.07199999999999918,10.564,10.654,0.188,0.029977,84.254,0.08999999999999986,10.136276535660292,10.473817,111.83937,0.97118324,0.397935,6.64924,4288
8604-6104,1-210784,0.0291509,0.224,0.224,161.0,9.267447022846099,1,1,0,10.915,10.929,0.029,0.028197,84.023,0.014000000000001123,10.923,10.929,0.013,0.028253,84.023,0.006000000000000227,10.377277102809394,10.714818,162.24326,0.9549436,0.901576,5.57453,1040
8612-6104,1-95843,0.0355774,0.72,0.72,113.4,10.18869105570498,1,1,0,10.628,10.749,0.243,0.028723,49.301,0.12100000000000044,10.647,10.781,0.264,0.028207,49.295,0.13400000000000034,10.440085344784677,10.777626,97.35923,0.8872878,0.840752,7.94309,1040
7990-9101,1-23914,0.0280084,0.8,0.8,83.5,5.6374221713917665,3,1,2,10.03,10.09,0.129,0.037928,74.949,0.0600000000000005,9.737,10.051,0.515,0.036581,75.201,0.31400000000000006,9.78008750020323,10.117628,59.306602,0.922715,0.379674,6.97377,4288
8603-12702,1-211227,0.0276667,0.219,0.219,94.3,9.797641379042046,1,1,0,10.408,10.408,0.0,0.030975,24.364,0.0,10.415,10.415,0.0,0.026552,24.364,0.0,10.369173168247677,10.706714,100.79585,0.89219123,0.847418,8.56313,1040
7957-12702,1-547131,0.0234278,0.717,0.717,103.4,10.0351551132108,1,1,0,10.312,10.483,0.324,0.267907,86.671,0.17100000000000115,9.856,10.439,0.738,0.24797,86.671,0.5830000000000002,9.846245541816753,10.183786,75.36336,0.89083296,0.402186,10.8007,1040
7992-1902,1-23023,0.0270671,0.456,0.456,96.6,10.717537075380774,3,1,0,10.636,10.719,0.173,0.036128,59.452,0.08300000000000018,10.644,10.719,0.158,0.03613,59.425,0.07499999999999929,10.221805317996548,10.559346,85.50657,0.9080378,0.554669,10.8854,1040
7990-12702,1-23877,0.0283643,0.765,0.765,127.7,9.000002996412137,1,1,0,10.609,10.747,0.272,0.029786,86.231,0.1379999999999999,10.555,10.735,0.339,0.029839,86.768,0.17999999999999972,10.15723004169634,10.494771,94.12501,0.9028771,0.339271,11.1796,1168
8465-1902,1-285020,0.029046,0.436,0.436,63.5,3.1553277292159265,1,1,2,9.757,9.848,0.189,0.059602,20.769,0.09100000000000108,9.746,9.835,0.187,0.059607,21.137,0.08900000000000041,9.436043318977935,9.773584,63.26195,0.93902355,0.952468,2.49345,4672
8555-1902,1-135207,0.031485,0.608,0.608,74.0,3.946987801122947,3,1,2,10.011,10.064,0.114,0.048235,49.368,0.053000000000000824,10.043,10.056,0.028,0.048609,50.117,0.0129999999999999,9.716218767075192,10.05376,66.80048,0.95191175,0.755948,3.59802,4160
8601-3701,1-211098,0.0283699,0.514,0.514,63.0,3.908158066491384,1,1,2,9.765,9.807,0.093,0.071177,52.534,0.041999999999999815,9.692,9.81,0.237,0.069177,51.9,0.11800000000000033,9.466139233119756,9.803679,61.22311,0.9497907,0.783301,4.10797,4160
8320-3701,1-519738,0.0276671,0.57,0.57,151.6,5.617491445568336,3,1,0,10.674,10.712,0.084,0.023194,46.16,0.038000000000000256,10.639,10.715,0.16,0.024541,47.737,0.07600000000000051,10.383739986016526,10.721281,145.83737,1.2789284,0.807323,4.08458,1040
8552-1901,1-322074,0.0273737,0.551,0.551,97.3,3.8148932336829136,1,1,2,10.15,10.172,0.049,0.044332,42.006,0.02200000000000024,10.122,10.184,0.132,0.043847,41.438,0.06199999999999939,9.811331652367944,10.148872,93.66248,1.0967525,0.844692,3.09184,4224
8466-12702,1-278011,0.0284566,0.791,0.791,94.1,10.948967637378198,3,1,0,10.166,10.737,0.731,0.019089,53.64,0.5709999999999997,10.379,10.722,0.546,0.018797,53.441,0.34299999999999997,9.966139385194948,10.30368,58.92454,0.8759254,0.681673,10.044,1168
8604-3701,1-210728,0.0289045,0.112,0.112,123.6,5.258109675238479,1,1,0,10.437,10.455,0.04,0.034388,85.23,0.018000000000000682,10.458,10.459,0.0,0.037314,85.23,0.0009999999999994458,10.082756655682442,10.420298,125.2292,0.94039494,0.832634,5.0097,1152
8604-12703,1-135502,0.0305383,0.751,0.751,138.7,12.24162821827371,1,1,0,10.858,11.13,0.465,0.016409,45.218,0.27200000000000024,10.8,11.183,0.587,0.015417,45.218,0.3829999999999991,10.562988368268385,10.900529,123.05456,0.88022244,0.804992,9.96473,1040
8549-12705,1-134597,0.0441938,0.54,0.54,159.4,9.671601174165893,1,1,0,10.736,11.107,0.574,0.019679,61.16,0.37099999999999866,10.701,11.108,0.608,0.01948,61.154,0.40700000000000003,10.757517492779805,11.095058,138.72362,0.92084944,0.493211,9.29719,1040
8603-3701,1-210731,0.0281234,0.661,0.661,195.1,3.9892607890084983,1,1,0,10.741,10.777,0.077,0.017771,86.844,0.03599999999999959,10.749,10.775,0.057,0.015138,86.539,0.0259999999999998,10.323850003846802,10.66139,177.41159,1.3542284,0.463398,4.38518,1040
8548-12704,1-633839,0.0206429,0.706,0.706,92.2,8.259373941064428,1,1,2,9.9,10.214,0.514,0.016834,80.077,0.31400000000000006,9.705,10.187,0.67,0.016667,86.636,0.4819999999999993,9.944127688779265,10.281669,70.7103,0.9573885,0.385585,9.71347,4112
8263-12701,1-258777,0.0241119,0.833,0.833,96.1,7.7160441979260375,1,1,0,10.235,10.277,0.093,0.028295,81.751,0.041999999999999815,9.819,10.229,0.61,0.027809,81.859,0.40999999999999837,9.730186124443764,10.067727,56.059002,0.9164167,0.244419,12.0854,1168
8612-12703,1-96077,0.0156578,0.679,0.679,72.7,7.449062048760635,1,1,2,9.421,9.811,0.592,0.026097,86.82,0.39000000000000057,9.901,9.901,0.0,0.028012,86.82,0.0,9.466726785317228,9.804267,55.843864,0.9085243,0.333827,10.2735,4160
8313-9101,1-247980,0.0387147,0.792,0.792,120.4,9.22929893027299,3,1,0,10.982,10.993,0.024,0.019929,41.444,0.011000000000001009,10.964,11.004,0.088,0.019692,41.361,0.03999999999999915,10.458033192496506,10.795574,87.042404,0.8972024,0.785794,7.74881,1040
8482-12703,1-93640,0.049627,0.837,0.837,106.3,13.014144684913942,1,1,2,11.277,11.465,0.351,0.035662,25.731,0.1880000000000006,11.285,11.456,0.326,0.035711,25.731,0.17099999999999937,10.55500249906626,10.892543,111.5737,0.8885051,0.86441,10.2672,4160
8604-12702,1-210736,0.0353186,0.829,0.829,116.9,7.145465610314979,3,1,2,10.423,10.532,0.221,0.025717,73.3,0.10899999999999999,10.388,10.533,0.283,0.025482,75.207,0.14499999999999957,10.268615409448653,10.606156,81.616974,0.8668445,0.387986,10.1084,4224
8465-12702,1-284515,0.024032,0.637,0.637,78.7,5.5121305047886295,1,1,2,9.749,9.921,0.327,0.042679,71.371,0.17199999999999882,9.662,9.907,0.431,0.042917,73.313,0.24499999999999922,9.192511699503502,9.530052,62.728153,0.8768562,0.328632,8.52028,4240
8588-12701,1-594602,0.0309035,0.791,0.791,129.2,7.164595818835135,1,1,0,10.431,10.619,0.352,0.017656,86.277,0.1880000000000006,10.422,10.615,0.357,0.018194,86.277,0.19299999999999962,10.25369653800219,10.591237,99.545616,0.9333049,0.338666,8.85101,1168
8330-9101,1-285728,0.0348771,0.734,0.734,84.7,13.379411069167434,1,1,2,10.192,10.845,0.777,0.018548,45.799,0.6530000000000005,10.462,10.833,0.574,0.018538,45.832,0.37100000000000044,10.118307723414588,10.455849,59.199757,0.8456655,0.742791,11.5346,4288
8320-12702,1-523065,0.0279404,0.826,0.826,122.7,7.1729435339330525,3,1,0,10.517,10.554,0.081,0.0305,84.573,0.03700000000000081,10.48,10.542,0.133,0.030282,84.358,0.06199999999999939,9.982451246980713,10.319992,81.81862,0.90092814,0.264828,11.253,1168
8464-12703,1-282708,0.0246345,0.792,0.792,65.8,7.254930452195534,1,1,0,9.288,9.737,0.644,0.067344,80.829,0.44899999999999984,9.362,9.732,0.572,0.06951,80.829,0.3699999999999992,9.393359318423963,9.7309,42.27864,0.8627753,0.239242,12.731,1168
8465-9101,1-591474,0.0243834,0.829,0.829,107.1,5.257777828061881,3,1,0,10.05,10.118,0.144,0.035156,81.095,0.06799999999999962,10.126,10.132,0.013,0.034708,80.823,0.006000000000000227,9.731191353022329,10.068732,67.902885,0.9179202,0.316734,7.5293,1168
8466-9101,1-256860,0.0245857,0.765,0.765,91.6,7.587318354649707,1,1,0,9.702,10.212,0.69,0.031378,72.593,0.5099999999999998,9.755,10.211,0.65,0.031389,72.318,0.4559999999999995,9.40742319914142,9.744964,56.973297,0.86549604,0.457933,8.5502,1168
8485-9101,1-209266,0.0743081,0.061,0.061,258.2,8.230160770243373,1,1,0,11.601,11.666,0.137,0.034842,68.425,0.0649999999999995,11.592,11.654,0.131,0.038378,85.847,0.06199999999999939,11.087387393633565,11.424928,262.273,0.8709075,0.758126,7.73058,1040
8486-9101,1-133976,0.0182938,0.628,0.628,58.3,7.104865990249695,1,1,0,9.567,9.841,0.467,0.038537,59.491,0.27399999999999913,9.612,9.84,0.409,0.03852,59.491,0.22799999999999976,9.237958231194245,9.575499,46.424816,0.86678004,0.627185,7.11674,1168
8550-9101,1-135530,0.0283296,0.82,0.82,79.2,5.58418410280911,1,1,2,9.343,9.905,0.726,0.05342,86.82,0.5619999999999994,9.613,9.918,0.504,0.054835,86.82,0.3049999999999997,9.45664838458986,9.794189,48.461205,0.8779861,0.286038,8.10623,4096
8555-9101,1-134924,0.0319997,0.174,0.174,264.5,9.298326103787014,1,1,0,11.264,11.336,0.146,0.005013,85.726,0.07200000000000095,11.265,11.335,0.143,0.00662,85.847,0.07000000000000028,10.788388291970271,11.125929,268.40726,0.93058217,0.819258,7.2697,1040
8588-9101,1-135371,0.0352359,0.814,0.814,159.0,6.150875088949093,3,1,2,10.834,10.86,0.058,0.028023,77.866,0.0259999999999998,10.83,10.861,0.067,0.028026,77.894,0.031000000000000583,10.299905890896078,10.637446,118.98178,0.8997573,0.430169,6.95686,4288
8601-9101,1-569116,0.0258862,0.814,0.814,90.9,4.9857200659809715,3,1,0,9.996,10.014,0.042,0.042248,84.077,0.017999999999998906,9.811,9.979,0.321,0.041567,83.879,0.16799999999999926,9.802183093712172,10.139724,60.368866,0.86900854,0.552132,8.31429,1168
8606-9101,1-634274,0.0625867,0.069,0.069,257.3,11.364218866262059,1,1,0,11.636,11.726,0.187,0.030618,19.833,0.09000000000000163,11.58,11.706,0.25,0.030447,29.625,0.12599999999999945,11.09642333059527,11.433964,259.76678,0.9000393,0.883562,7.42152,1040
8618-9101,1-596095,0.0175331,0.615,0.615,61.1,7.183559022696039,1,1,2,9.667,10.365,0.799,0.026502,26.015,0.6980000000000004,9.478,10.349,0.865,0.025781,26.215,0.8710000000000004,9.4990998384771,9.83664,52.96265,0.89748704,0.62603,8.17236,4160
8601-12705,1-135810,0.0297241,0.859,0.859,117.3,8.675555508700633,3,1,0,10.518,10.63,0.228,0.02036,69.342,0.1120000000000001,10.473,10.628,0.301,0.020296,69.288,0.15499999999999936,10.31269980394319,10.65024,73.486824,0.88312966,0.451484,10.1267,1552
8466-12701,1-277987,0.0233966,0.751,0.751,89.7,7.959403188841506,1,1,0,10.142,10.166,0.053,0.041732,85.732,0.02400000000000091,9.641,10.106,0.658,0.042046,86.822,0.46499999999999986,9.406259075401874,9.7438,57.185318,0.9044881,0.22212,12.9025,1168
8550-1901,1-594446,0.0300708,0.475,0.475,118.6,2.7348358232820287,2,1,2,10.232,10.327,0.195,0.046951,19.601,0.09500000000000064,10.244,10.319,0.157,0.046897,19.581,0.07500000000000107,9.79235666433739,10.129897,118.66261,1.2032669,0.91426,2.2068,4672
7990-9102,1-25609,0.0291846,0.793,0.793,103.7,4.583880801932267,1,1,2,10.069,10.186,0.235,0.028657,86.843,0.1169999999999991,10.138,10.204,0.14,0.045157,86.843,0.06600000000000072,10.057707934113319,10.395248,75.508255,1.0071036,0.264841,7.34797,4288
7957-1902,1-547135,0.0312375,0.486,0.486,132.7,2.929333036125026,3,1,0,10.317,10.369,0.113,0.024714,49.951,0.0519999999999996,10.289,10.369,0.169,0.022784,50.018,0.08000000000000007,10.26378041496999,10.601321,131.11063,1.6067837,0.851974,2.52058,1168
7957-3701,1-634538,0.0362875,0.45,0.45,214.4,6.215092957639777,3,1,0,11.072,11.125,0.112,0.021224,48.973,0.053000000000000824,11.065,11.123,0.122,0.021173,49.973,0.05799999999999983,10.614804444196936,10.952345,210.57681,1.1883001,0.870808,4.08829,1040
7962-1901,1-178405,0.0279355,0.315,0.315,146.3,2.4495023868267767,1,1,0,10.223,10.298,0.157,0.036607,54.353,0.07499999999999929,10.217,10.289,0.15,0.036618,56.119,0.07199999999999918,9.836183548682314,10.173724,147.81245,1.3293303,0.779559,2.15149,64
7962-12704,1-178414,0.0223086,0.73,0.73,77.7,9.856615396410955,1,1,0,10.302,10.334,0.07,0.023197,49.474,0.03200000000000003,10.322,10.329,0.016,0.023059,49.684,0.0070000000000014495,9.821464397290754,10.159005,60.501637,0.8592984,0.785261,8.44281,1040
8484-1902,1-94066,0.0247312,0.5,0.5,62.4,15.655179636749777,1,1,0,10.641,10.691,0.107,0.036106,36.787,0.05000000000000071,9.679,10.718,0.909,0.036328,37.567,1.0389999999999997,10.027516768781116,10.365057,53.63891,0.8869497,0.875249,12.5366,1040
8263-9102,1-575826,0.0482156,0.204,0.204,223.2,7.380593591990934,1,1,0,11.61,12.047,0.634,0.017006,2.583,0.43700000000000117,11.341,11.575,0.416,0.017304,2.786,0.23399999999999999,10.827875654617538,11.165417,222.02585,0.8917124,0.711789,7.74225,1040
8312-9102,1-210774,0.029007,0.266,0.266,196.6,10.382144571370635,1,1,0,11.077,11.139,0.131,0.01796,85.23,0.06199999999999939,11.069,11.137,0.143,0.019687,85.222,0.06799999999999962,10.597316658395863,10.934857,196.37167,0.90968764,0.801184,8.23167,1088
8313-9102,1-248357,0.0332509,0.712,0.712,128.9,7.791340339699078,1,1,0,10.614,10.845,0.412,0.013646,50.804,0.23099999999999987,10.566,10.858,0.49,0.01351,50.565,0.2919999999999998,10.418904243531587,10.756445,106.6908,0.90190804,0.743036,7.06381,1040
8320-9102,1-532459,0.0523739,0.811,0.811,157.7,7.982191648192051,3,1,0,11.111,11.127,0.036,0.026361,52.834,0.016000000000000014,11.078,11.139,0.131,0.026817,52.769,0.06099999999999994,10.678699524908328,11.01624,118.6139,0.8997248,0.675405,7.2702,1040
8330-9102,1-260481,0.0241105,0.788,0.788,123.3,7.595038170199197,3,1,0,10.414,10.528,0.231,0.018779,75.814,0.11400000000000077,10.377,10.526,0.29,0.019583,76.6,0.14899999999999913,10.155244917176185,10.492785,92.66864,0.91566414,0.381772,9.23802,1552
8332-9102,1-251307,0.0323317,0.634,0.634,136.2,6.57801982445856,1,1,2,10.63,10.63,0.0,0.030272,71.501,0.0,10.636,10.636,0.0,0.028285,73.493,0.0,10.115876664268445,10.453417,117.26625,0.9258491,0.384513,8.05464,4672
8486-12701,1-209537,0.0381753,0.852,0.852,172.0,12.003463693078105,3,1,0,11.193,11.262,0.147,0.021272,59.537,0.06900000000000084,11.229,11.254,0.056,0.018244,59.519,0.025000000000000355,10.721654010222167,11.059195,137.29228,0.8915491,0.632219,11.2525,1040
8448-12702,1-486243,0.0267404,0.64,0.64,81.7,8.632856069891547,1,1,0,9.963,10.291,0.531,0.024995,67.163,0.3280000000000012,9.445,10.281,0.854,0.024741,67.58,0.8360000000000003,9.608458637825024,9.945999,62.147205,0.86926055,0.548745,8.72046,1168
8315-12702,1-236745,0.0648788,0.056,0.056,243.1,9.372821927940443,1,1,0,11.552,11.586,0.074,0.032678,69.001,0.034000000000000696,11.536,11.578,0.092,0.031797,85.571,0.041999999999999815,11.040958173384208,11.378499,247.40373,0.87898415,0.751007,8.57705,1040
8330-12704,1-402467,0.0257495,0.79,0.79,82.4,7.473145131804335,1,1,0,10.117,10.117,0.0,0.027409,76.685,0.0,9.902,10.084,0.342,0.027216,77.032,0.18200000000000038,9.662657743594718,10.000198,54.503025,0.874467,0.319753,11.7475,1168
8452-9102,1-586863,0.0398743,0.796,0.796,98.4,8.973371425542972,3,1,2,10.611,10.84,0.41,0.022626,45.775,0.2289999999999992,10.551,10.844,0.491,0.022537,45.774,0.29299999999999926,10.246205505493714,10.583746,64.055275,0.87948,0.723336,8.06001,4288
8482-1901,1-594386,0.0415421,0.056,0.056,245.8,12.28827545598866,1,1,0,11.393,11.522,0.255,0.027137,35.598,0.12899999999999956,11.38,11.5,0.241,0.027189,41.527,0.11999999999999922,10.841906062049611,11.179446,245.65521,0.9444163,0.954827,6.6298,1040
8484-9102,1-634055,0.0570462,0.098,0.098,193.1,7.256281753943065,1,1,2,11.147,11.245,0.202,0.028585,39.215,0.09799999999999898,11.216,11.257,0.09,0.025279,39.215,0.04100000000000037,10.751572384717232,11.089113,194.2819,0.91131073,0.933414,7.32892,4160
8485-9102,1-209199,0.0261956,0.801,0.801,113.2,9.262167247152052,3,1,0,10.614,10.718,0.214,0.020789,49.672,0.1039999999999992,10.613,10.719,0.215,0.020818,49.7,0.10599999999999987,10.206164489768199,10.543705,79.583115,0.9053082,0.71694,7.93118,1040
8601-9102,1-95120,0.0336364,0.192,0.192,250.2,8.342223172506273,1,1,0,11.284,11.296,0.024,0.020828,80.172,0.011999999999998678,11.281,11.298,0.037,0.027681,86.468,0.01699999999999946,10.837092630372272,11.174633,253.96347,1.0055727,0.606467,7.4463,1040
8603-9102,1-210844,0.0359966,0.755,0.755,82.3,8.45048913939549,1,1,2,10.1,10.504,0.605,0.021464,49.191,0.4039999999999999,10.201,10.508,0.506,0.021307,49.35,0.3069999999999986,10.155891457605467,10.493432,56.8017,0.8733953,0.792326,7.12,4288
8084-1902,1-38618,0.0217339,0.312,0.312,66.8,2.4334061143453476,1,1,0,9.443,9.492,0.106,0.050316,86.055,0.049000000000001265,9.405,9.486,0.171,0.052097,86.055,0.0810000000000013,9.356098552387582,9.693639,66.16495,1.1846224,0.731437,2.23081,1168
8449-12703,1-613340,0.0212163,0.703,0.703,83.3,11.479840808972476,1,1,0,9.78,10.282,0.685,0.026442,86.158,0.5020000000000007,10.347,10.347,0.0,0.026882,86.82,0.0,9.624505890664455,9.962047,58.252663,0.85926884,0.214671,19.6614,1040
8655-3702,1-29726,0.0826497,0.481,0.481,280.1,5.229390119966205,3,1,0,11.547,11.561,0.029,0.045044,86.222,0.013999999999999346,11.547,11.558,0.022,0.05364,86.222,0.010999999999999233,11.019186935477942,11.356728,274.21292,1.0851085,0.710803,3.96853,1040
8623-3702,1-178790,0.026936,0.596,0.596,80.8,3.5833706167204453,1,1,2,9.935,9.986,0.109,0.040532,83.797,0.051000000000000156,9.918,9.981,0.134,0.040033,83.797,0.06300000000000061,9.719140619695214,10.056682,74.70596,1.0841999,0.500055,3.88122,4224
8086-3702,1-229070,0.0254747,0.443,0.443,50.4,6.288616563096641,1,1,0,10.37,10.37,0.0,0.029655,18.209,0.0,10.185,10.452,0.459,0.03003,18.228,0.26699999999999946,9.65146700729828,9.989008,47.140606,0.9101678,0.875112,4.99173,1168
8566-3702,1-338600,0.0196408,0.338,0.338,62.0,4.226942950285087,1,1,0,9.57,9.591,0.046,0.04026,82.292,0.02099999999999902,9.544,9.588,0.097,0.040392,75.597,0.04399999999999871,9.529393134864428,9.866934,62.337254,0.9868178,0.804199,3.8647,1040
8728-3702,1-51970,0.0327694,0.592,0.592,171.8,4.823929995365663,3,1,0,10.778,10.837,0.127,0.022598,66.053,0.058999999999999275,10.781,10.834,0.112,0.022431,65.96,0.05299999999999905,10.370157662814822,10.707698,166.04016,1.2073295,0.759191,3.7982,1040
8713-3702,1-43137,0.0853646,0.096,0.096,259.3,6.238997702919627,1,1,0,11.967,12.235,0.46,0.041907,2.587,0.2679999999999989,11.916,12.154,0.422,0.041957,2.598,0.23799999999999955,11.062329982728993,11.399871,267.9421,0.9269636,0.895278,5.1164,1040
8719-3702,1-44865,0.0221326,0.58,0.58,58.4,3.9917564393312253,1,1,0,9.502,9.505,0.009,0.060995,74.936,0.0030000000000001137,9.482,9.493,0.023,0.062198,74.912,0.011000000000001009,9.125331595372632,9.4628725,52.534428,0.896894,0.405496,5.10042,1168
8461-3702,1-166670,0.0945544,0.176,0.176,253.6,5.999322989377706,1,1,0,11.512,11.591,0.165,0.032211,39.215,0.07899999999999885,11.873,12.134,0.451,0.031579,2.602,0.261000000000001,11.081289686140003,11.41883,255.66927,0.9713943,0.89341,4.43341,1040
8725-3702,1-45527,0.0543406,0.103,0.103,209.8,6.559051258672417,1,1,0,11.249,11.373,0.246,0.02249,27.978,0.12399999999999878,11.275,11.358,0.172,0.021927,27.727,0.08300000000000018,10.845825803791014,11.183367,213.7157,0.9648831,0.713027,5.29975,1040
10001-3702,1-48136,0.0256063,0.31,0.31,64.6,5.2638639480706795,1,1,0,9.769,9.769,0.0,0.042406,27.748,0.0,9.76,9.76,0.0,0.042327,29.113,0.0,9.85250134185775,10.190042,65.402016,0.9342602,0.948903,4.25309,1168
8455-3702,1-254694,0.0636164,0.504,0.504,136.4,8.036086532380288,3,1,0,11.329,11.488,0.307,0.022442,18.328,0.15899999999999892,11.314,11.501,0.35,0.022433,18.343,0.1869999999999994,10.94601332724037,11.283554,131.42717,0.92044795,0.951865,6.34863,1040
8462-3702,1-232720,0.122993,0.263,0.263,286.5,4.991836113801705,1,1,2,11.657,11.713,0.12,0.049161,82.799,0.05599999999999916,11.685,11.719,0.072,0.050412,82.799,0.03399999999999892,11.173116309304238,11.510657,285.10516,0.9566695,0.861629,4.1559,4096
8338-3702,1-491140,0.0192906,0.315,0.315,53.8,6.016154041310586,1,1,0,9.751,9.879,0.255,0.031682,36.811,0.1280000000000001,9.358,9.932,0.733,0.031272,36.874,0.5739999999999998,9.214449096271686,9.55199,50.393524,0.8738255,0.857087,5.03073,1168
8262-3702,1-258249,0.0242308,0.404,0.404,103.9,6.084389422395056,1,1,0,10.248,10.28,0.071,0.026103,62.614,0.03200000000000003,10.278,10.278,0.0,0.025538,62.376,0.0,10.004875712801505,10.342417,100.156555,1.0211602,0.80478,4.84425,1040
8717-3702,1-71488,0.0634725,0.084,0.084,220.9,7.385491909703589,1,1,0,11.365,11.422,0.12,0.040533,16.895,0.057000000000000384,11.335,11.411,0.16,0.04093,17.67,0.07599999999999874,10.912042347955026,11.249583,224.7137,0.93202853,0.985312,6.18329,1040
8724-3702,1-48084,0.0310755,0.379,0.379,204.3,6.288383045336781,1,1,0,10.964,11.083,0.237,0.015497,31.175,0.11899999999999977,10.962,11.084,0.244,0.01549,31.157,0.12199999999999989,10.463007080432789,10.800548,204.79135,1.1524537,0.923692,4.19602,1040
8714-3702,1-339111,0.0517526,0.161,0.161,278.3,5.672200320439291,1,1,0,11.333,11.405,0.148,0.020871,74.104,0.07199999999999918,11.338,11.405,0.14,0.037025,86.055,0.06700000000000017,10.823798198931607,11.161339,278.37585,0.9734697,0.815231,4.98826,1040
8952-3702,1-458359,0.0293917,0.857,0.857,97.0,4.273311399943204,1,1,2,9.976,10.177,0.37,0.018515,75.883,0.20099999999999874,10.071,10.198,0.254,0.01791,76.45,0.12700000000000067,9.758630342012436,10.096171,73.5316,0.975617,0.501992,4.53352,4608
8600-3702,1-210604,0.0262555,0.447,0.447,169.3,2.8758898966473456,3,1,0,10.453,10.472,0.041,0.025519,73.933,0.019000000000000128,10.456,10.472,0.036,0.025433,73.831,0.016000000000000014,10.137160978321237,10.474702,166.71613,1.4777534,0.657083,2.68629,1552
8333-3702,1-592881,0.0288,0.825,0.825,136.5,3.687531621804645,1,1,2,10.349,10.349,0.0,0.075643,72.685,0.0,10.199,10.316,0.236,0.071778,71.936,0.11700000000000088,9.247263584541342,9.584805,101.60436,0.8879292,0.475839,3.95569,4160
8979-3702,1-210135,0.039392,0.735,0.735,144.9,9.174797429330004,1,1,0,10.919,10.919,0.0,0.026389,59.491,0.0,10.878,10.958,0.169,0.0262,59.51,0.08000000000000007,10.657010890528287,10.994552,110.90411,0.91273296,0.635439,8.8623,1040
8943-3702,1-558139,0.0261484,0.639,0.639,154.6,8.321445279244786,1,1,2,10.709,10.888,0.337,0.019528,52.984,0.17900000000000027,10.719,10.876,0.302,0.018193,53.242,0.15700000000000003,10.499468506033217,10.837009,136.21667,0.9365695,0.619196,7.91139,4096
8948-3702,1-148601,0.0233101,0.399,0.399,113.3,6.2003960805497,1,1,0,10.406,10.604,0.367,0.019789,26.421,0.19799999999999862,10.391,10.607,0.392,0.019393,26.533,0.2159999999999993,10.094921610838645,10.432463,114.014,0.9589813,0.923553,4.78681,1040
8939-3702,1-298668,0.0248864,0.668,0.668,146.4,6.73965411181017,3,1,0,10.613,10.658,0.099,0.029728,66.014,0.04499999999999993,10.622,10.66,0.083,0.029565,66.23,0.038000000000000256,10.189077439491854,10.526618,120.32943,1.0366197,0.606351,5.17799,1040
8946-3702,1-279188,0.0247867,0.484,0.484,75.1,3.480847674458276,1,1,2,8.696,9.665,0.893,0.068864,86.671,0.9689999999999994,9.758,9.758,0.0,0.071569,86.671,0.0,8.93662984041478,9.274171,63.99758,0.85499555,0.332871,4.18429,4672
8947-3702,1-149593,0.026114,0.677,0.677,148.9,4.077587221533066,1,1,0,10.292,10.449,0.303,0.009234,65.203,0.15700000000000003,10.28,10.442,0.311,0.009827,67.02,0.1620000000000008,10.212951610009151,10.550492,138.27719,1.269115,0.619936,3.89086,1040
8931-3702,1-456381,0.0247842,0.609,0.609,74.5,3.8572186059141833,1,1,0,9.691,9.873,0.341,0.043867,71.052,0.1819999999999986,9.874,9.897,0.051,0.043584,76.813,0.022999999999999687,9.496342815917924,9.833883,65.46327,0.94562066,0.603892,3.92423,1168
9029-3702,1-135091,0.0317749,0.666,0.666,170.3,7.225487249873727,1,1,0,10.968,11.022,0.116,0.025243,46.415,0.05400000000000027,10.882,11.034,0.295,0.022372,45.476,0.15200000000000102,10.443402252366559,10.780943,144.22174,1.0070617,0.792536,5.19483,1040
9042-3702,1-316385,0.0841925,0.082,0.082,262.2,6.748901603236167,1,1,0,11.617,11.637,0.044,0.041973,84.745,0.019999999999999574,11.607,11.638,0.067,0.043292,84.745,0.031000000000000583,11.064083435963596,11.401624,270.2853,0.94018257,0.876224,4.81487,1040
9026-3702,1-94786,0.0311731,0.337,0.337,151.2,7.34720977932587,3,1,0,10.694,10.73,0.079,0.03108,85.574,0.03599999999999959,10.682,10.73,0.104,0.032272,85.537,0.04800000000000004,10.2863823594018,10.623923,150.42519,0.9472777,0.826764,4.9603,1040
9041-3702,1-633256,0.0315177,0.809,0.809,98.8,8.470024071425433,3,1,2,10.567,10.782,0.39,0.025172,45.356,0.21499999999999986,10.64,10.745,0.216,0.023973,45.408,0.10499999999999865,9.98749108203012,10.325031,60.26608,0.87443936,0.758701,7.25671,4224
8553-3702,1-542308,0.0498179,0.053,0.053,170.4,7.38542483783463,1,1,0,11.055,11.056,0.0,0.034195,36.462,0.0009999999999994458,11.031,11.033,0.002,0.03467,82.799,0.0019999999999988916,10.741369873521435,11.078911,178.68222,0.94448334,0.891651,4.88051,1040
8626-1902,1-24246,0.0818277,0.708,0.708,116.6,4.238323720436944,1,1,0,11.085,11.201,0.234,0.045748,25.731,0.11599999999999966,11.103,11.197,0.194,0.04545,25.732,0.09399999999999942,10.791212591911094,11.128754,101.12897,0.90799403,0.874704,1.78573,1040
8553-12705,1-90901,0.048214,0.637,0.637,86.1,2.913591206920906,1,1,0,10.162,10.162,0.0,0.055391,69.587,0.0,9.957,10.126,0.322,0.053505,62.576,0.1689999999999987,9.765057281764365,10.102598,75.992424,0.9616868,0.528371,3.2316,0
8077-12705,1-109081,0.0438592,0.806,0.806,113.1,10.681789072564333,1,1,2,10.778,10.778,0.0,0.03297,60.81,0.0,10.815,10.815,0.0,0.031272,62.173,0.0,10.59399564713373,10.931537,101.86971,0.88280565,0.71938,9.60665,4112
8077-12702,1-36849,0.0273106,0.863,0.863,98.8,5.6724879486114785,1,1,2,9.802,10.033,0.413,0.035234,83.863,0.23099999999999987,9.634,10.015,0.584,0.03382,83.878,0.3810000000000002,9.687136402800057,10.024677,54.433796,0.8826468,0.172798,10.2,4288
8979-3701,1-248410,0.0250348,0.083,0.083,73.3,2.487647045832189,1,1,2,9.727,9.729,0.004,0.069689,70.164,0.0019999999999988916,9.732,9.733,0.0,0.068046,70.583,0.0010000000000012221,9.270846467074314,9.608387,71.50017,1.1056274,0.612715,2.46092,4672
8978-1901,1-94554,0.0317853,0.407,0.407,121.4,7.875573961934271,1,1,2,10.91,10.91,0.0,0.040691,18.292,0.0,10.894,10.895,0.0,0.03956,18.324,0.0009999999999994458,10.208965096349418,10.546506,125.52951,1.0368824,0.947387,3.69636,4288
8145-12703,1-201318,0.0228708,0.685,0.685,84.8,7.200469023603374,1,1,0,9.878,9.878,0.0,0.064471,77.985,0.0,9.81,9.872,0.132,0.064115,78.7,0.06199999999999939,9.047812047480297,9.385353,61.051403,0.876955,0.615256,7.44141,1040
8949-12703,1-404152,0.0158929,0.571,0.571,59.2,7.995829122094345,1,1,0,10.013,10.113,0.206,0.057297,31.598,0.09999999999999964,8.652,10.095,0.964,0.054715,32.525,1.4430000000000014,8.775061135057504,9.112601,59.912437,0.901389,0.780949,7.67108,1168
8611-3703,1-23712,0.0268353,0.675,0.675,107.0,4.42548464325176,1,1,0,10.13,10.246,0.234,0.021873,77.066,0.11599999999999966,10.091,10.234,0.28,0.025091,79.061,0.14300000000000068,9.991046559754073,10.328588,98.53671,1.1215292,0.564325,4.06347,1168
8613-12701,1-560933,0.0319216,0.792,0.792,97.9,6.527174579668876,1,1,2,10.237,10.44,0.374,0.026353,58.859,0.2029999999999994,10.451,10.451,0.0,0.026087,58.842,0.0,10.082552008942503,10.420093,68.27927,0.9015834,0.625036,6.65722,4672
8081-3703,1-109356,0.0241782,0.718,0.718,72.2,4.1455655768242226,1,1,0,9.541,9.857,0.517,0.033122,73.668,0.31599999999999895,9.69,9.878,0.351,0.033011,72.873,0.1880000000000006,9.468415275934134,9.805956,56.662224,0.9294864,0.529155,4.40028,1168
8934-12705,1-403685,0.0248033,0.312,0.312,87.7,7.288377861862901,1,1,0,10.481,10.481,0.0,0.036268,2.739,0.0,10.742,10.851,0.221,0.034558,2.583,0.10899999999999999,10.013641821120821,10.351182,89.69761,0.9049134,0.687778,7.47504,1040
8600-12704,1-210631,0.0273821,0.631,0.631,65.0,8.773235781349374,1,1,0,10.094,10.394,0.498,0.026696,36.808,0.3000000000000007,9.959,10.387,0.626,0.026889,37.14,0.4280000000000008,9.745985386032048,10.083526,52.96346,0.88142514,0.543429,9.26711,1168
8626-3703,1-24440,0.0294194,0.707,0.707,94.9,4.583069574378727,1,1,2,9.828,10.159,0.533,0.041072,70.3,0.3310000000000013,9.759,10.138,0.582,0.043506,86.56,0.37899999999999956,10.008727886652384,10.346269,75.58247,0.91202354,0.786118,4.97005,4672
8950-12704,1-456288,0.0219822,0.793,0.793,105.6,11.991841953784048,1,1,2,10.298,10.739,0.638,0.011477,55.273,0.4410000000000007,9.962,10.801,0.855,0.010633,55.273,0.8390000000000004,10.195359906803704,10.532901,82.99919,0.8794339,0.704427,11.1641,4160
8987-12702,1-386453,0.0263218,0.55,0.55,78.5,12.998623739654771,1,1,0,10.008,10.749,0.819,0.048009,37.235,0.7410000000000014,10.456,10.701,0.431,0.047792,36.939,0.245000000000001,9.498582075284377,9.8361225,62.94079,0.87799346,0.632515,11.5645,1168
8462-12705,1-606005,0.0219665,0.823,0.823,146.4,9.511224818616423,3,1,2,10.738,10.768,0.065,0.01814,72.14,0.030000000000001137,10.688,10.762,0.156,0.021292,72.218,0.07399999999999984,10.285620310891133,10.623161,107.47528,0.9471869,0.478093,10.1162,4096
8458-12705,1-166892,0.0159101,0.74,0.74,108.8,21.432032032223866,1,1,0,10.445,10.891,0.642,0.012779,56.024,0.44599999999999973,10.112,10.892,0.834,0.012311,56.024,0.7799999999999994,10.44194637260305,10.779487,70.57724,0.9004831,0.55775,25.398,8192
8950-12705,1-456915,0.0251028,0.862,0.862,152.8,6.386567746430511,1,1,2,10.485,10.485,0.0,0.025605,83.923,0.0,10.497,10.497,0.0,0.026145,86.454,0.0,10.26482018329922,10.602361,90.02785,1.0155445,0.201482,10.3019,4160
8987-12705,1-605640,0.0217639,0.702,0.702,72.4,7.596112796881635,1,1,0,9.891,9.891,0.0,0.041807,85.157,0.0,9.864,9.864,0.0,0.041445,83.507,0.0,9.399765415416246,9.737306,49.379013,0.8698174,0.234542,11.99,1168
8597-12705,1-246944,0.0248138,0.678,0.678,85.4,7.539010024134613,1,1,0,10.271,10.271,0.0,0.047132,77.67,0.0,10.258,10.258,0.001,0.046163,77.591,0.0,9.511268231825708,9.848809,70.40814,0.8658918,0.369188,9.58309,1168
8454-12705,1-586585,0.0234362,0.077,0.077,173.1,12.274561296040693,1,1,2,11.744,11.744,0.0,0.020228,2.566,0.0,11.739,11.743,0.007,0.020224,2.566,0.0039999999999995595,10.394477947843264,10.732018,185.09436,0.9077569,0.968421,9.33095,4096
8449-12705,1-613769,0.0323767,0.796,0.796,149.3,11.530224913856053,1,1,0,10.859,10.996,0.271,0.023128,74.903,0.13700000000000045,10.838,10.994,0.301,0.024126,75.346,0.15600000000000058,10.256799499148165,10.59434,113.99368,0.86416614,0.348455,16.1612,1040
8712-12705,1-379741,0.0328685,0.868,0.868,171.0,9.283414346596144,3,1,0,10.827,10.99,0.313,0.01316,71.936,0.16300000000000026,10.795,10.989,0.359,0.016235,72.101,0.19400000000000084,10.566373846006435,10.903914,114.82126,0.9069852,0.402841,10.6845,1040
8462-1901,1-301331,0.023425,0.528,0.528,82.8,4.403942372302018,1,1,0,9.926,9.976,0.108,0.038954,52.692,0.05000000000000071,9.884,9.976,0.19,0.040077,52.692,0.09200000000000053,9.558902879837554,9.896443,74.49996,1.0176914,0.773565,2.81758,1168
8455-3701,1-274519,0.0292897,0.665,0.665,101.6,4.487206218760146,1,1,2,10.375,10.414,0.085,0.029522,42.918,0.0389999999999997,10.394,10.405,0.025,0.029399,43.184,0.010999999999999233,9.821435571116773,10.158977,87.20295,1.1250582,0.752186,3.9388,4288
9049-12705,1-269630,0.0486161,0.326,0.326,187.7,6.386778154685151,1,1,0,11.207,11.312,0.214,0.030803,19.1,0.10499999999999865,11.169,11.277,0.219,0.029698,19.501,0.10799999999999876,10.724755786537829,11.062297,191.2609,0.9157575,0.908038,4.97776,1040
8155-3703,1-38541,0.0235779,0.381,0.381,85.5,2.504460824232619,1,1,0,9.749,9.852,0.211,0.035996,41.763,0.10299999999999976,9.753,9.842,0.185,0.035696,41.916,0.08900000000000041,9.600788907427232,9.93833,84.03213,1.8657489,0.907872,1.7489,1168
8728-3703,1-52494,0.130857,0.088,0.088,248.5,6.5499495016184595,1,1,0,11.732,11.747,0.034,0.06356,39.215,0.015000000000000568,11.992,12.068,0.16,0.063194,2.66,0.07599999999999874,11.230019524035448,11.56756,261.16266,0.9546183,0.711733,5.20494,1040
8084-3703,1-38463,0.0226932,0.669,0.669,123.3,5.103596770466704,1,1,0,10.24,10.379,0.274,0.020402,54.479,0.13899999999999935,10.227,10.369,0.28,0.020644,55.968,0.14199999999999946,10.010829777959522,10.348371,116.77257,1.1563635,0.708442,4.26467,1040
8726-3703,1-217650,0.0278941,0.486,0.486,95.2,6.352946228421789,1,1,0,10.506,10.507,0.001,0.027294,32.396,0.0009999999999994458,10.416,10.535,0.239,0.027673,32.291,0.11899999999999977,10.07021154966622,10.407752,87.80296,0.9718851,0.877568,4.99279,1168
8461-3703,1-166959,0.0721508,0.185,0.185,237.3,6.5223408680375385,3,1,0,11.453,11.479,0.055,0.036307,82.799,0.0259999999999998,11.455,11.479,0.053,0.038443,82.785,0.023999999999999133,10.953747614410632,11.291288,242.47923,0.91114604,0.934872,4.80474,1040
8721-3703,1-48558,0.025356,0.626,0.626,124.2,4.648753450063995,1,1,0,10.257,10.357,0.205,0.018382,64.031,0.09999999999999964,10.244,10.347,0.212,0.018288,68.548,0.10299999999999976,10.050023821554706,10.387565,116.47719,1.1610057,0.698472,3.94232,1552
8458-3703,1-545674,0.0157158,0.597,0.597,70.0,17.683029050442784,1,1,0,9.887,10.547,0.781,0.029926,63.234,0.6600000000000001,10.169,10.517,0.551,0.030072,63.664,0.347999999999999,9.666797748290447,10.004338,54.5471,0.8805208,0.45689,21.5016,8192
8338-3703,1-492536,0.0310429,0.071,0.071,134.5,5.806690442762842,2,1,0,10.575,10.592,0.038,0.030651,86.055,0.017000000000001236,10.6,10.6,0.0,0.055581,86.055,0.0,10.24361093937768,10.581152,136.74632,0.97744393,0.700594,4.90125,1168
8239-3703,1-378428,0.0327643,0.08,0.08,187.3,6.6899659143528645,2,1,0,10.917,10.942,0.054,0.031784,39.215,0.025000000000000355,10.918,10.942,0.053,0.031909,39.215,0.02400000000000091,10.502423022847353,10.839964,192.83409,0.98569065,0.912906,4.97016,1040
8724-3703,1-48067,0.0255324,0.78,0.78,68.4,3.6666026523659054,1,1,2,9.489,9.772,0.48,0.02212,73.62,0.2829999999999995,9.682,9.795,0.228,0.020117,73.676,0.11299999999999955,9.479890444376231,9.817431,53.919144,0.9262053,0.534632,3.97601,4288
8714-3703,1-44818,0.0220606,0.496,0.496,71.1,4.184579934947124,1,1,0,9.882,9.882,0.0,0.057879,48.844,0.0,9.858,9.883,0.056,0.057694,48.864,0.02499999999999858,9.394742280692736,9.732283,66.726135,0.90647036,0.483053,7.6438,1168
8711-3703,1-379348,0.0178415,0.533,0.533,34.9,3.7192506259265183,1,1,0,8.826,9.294,0.659,0.108929,49.083,0.46799999999999997,8.565,9.297,0.815,0.108759,49.376,0.7320000000000011,8.74051663933924,9.078057,31.376331,0.91465116,0.674315,4.70779,1168
8712-3703,1-379536,0.0327795,0.734,0.734,97.4,5.637844083586377,1,1,2,10.106,10.349,0.428,0.028329,60.608,0.24300000000000033,10.151,10.345,0.359,0.028127,60.906,0.19400000000000084,10.076203381088767,10.413744,74.79788,0.9577402,0.634257,4.98419,4096
8720-3703,1-351746,0.0721227,0.089,0.089,239.3,5.7677546501222725,2,1,0,11.412,11.433,0.044,0.037308,84.023,0.02099999999999902,11.416,11.435,0.041,0.054629,83.982,0.019000000000000128,11.001686128137473,11.339227,244.30072,0.95747215,0.836927,5.03998,1040
8952-3703,1-458395,0.0287805,0.707,0.707,113.7,4.778476397179732,3,1,0,10.349,10.349,0.0,0.029253,53.238,0.0,10.341,10.352,0.024,0.028766,53.015,0.011000000000001009,10.01750078938978,10.3550415,105.062584,1.090608,0.779178,4.09182,1168
8600-3703,1-135202,0.0277109,0.604,0.604,146.3,8.956161734123533,1,1,0,10.687,11.07,0.585,0.013488,36.839,0.3830000000000009,10.688,11.072,0.586,0.013478,36.841,0.38399999999999856,10.560757630028618,10.898298,132.48303,0.90258455,0.953914,8.49454,1088
8934-3703,1-457122,0.0239553,0.449,0.449,130.1,4.483512936328015,1,1,0,10.372,10.429,0.124,0.021309,61.046,0.057000000000000384,10.371,10.435,0.136,0.020994,61.108,0.06400000000000006,10.184330788313218,10.521872,128.55544,1.249121,0.746365,4.02201,1040
8978-3703,1-135664,0.0316472,0.573,0.573,160.8,6.465265734460797,3,1,0,10.738,10.786,0.103,0.032956,53.499,0.04800000000000004,10.73,10.77,0.086,0.033355,64.612,0.03999999999999915,10.353712397281098,10.691253,152.67767,0.9925408,0.795919,4.58053,1040
8979-3703,1-210611,0.0269555,0.408,0.408,114.6,3.4254061840258725,1,1,0,10.178,10.21,0.07,0.034748,59.813,0.03200000000000003,10.159,10.213,0.115,0.033972,59.791,0.053999999999998494,9.980797563041955,10.318338,113.144966,1.3091264,0.696531,2.91409,1168
8595-3703,1-631278,0.0296268,0.335,0.335,161.3,8.830243473767458,1,1,0,11.141,11.142,0.0,0.026017,2.66,0.0009999999999994458,11.072,11.073,0.001,0.02606,2.728,0.0010000000000012221,10.585714463836023,10.923255,157.71571,0.9386978,0.884235,7.3337,1088
8946-3703,1-279073,0.0322703,0.129,0.129,214.7,8.344590122040625,1,1,0,11.125,11.18,0.115,0.03068,34.79,0.054999999999999716,11.146,11.171,0.053,0.029845,38.219,0.02499999999999858,10.416886704144716,10.754427,220.27841,0.9501753,0.927723,4.81596,1040
8597-3703,1-198182,0.0358627,0.565,0.565,219.9,7.151624372477578,1,1,0,11.055,11.178,0.244,0.013051,65.654,0.12300000000000111,11.038,11.159,0.242,0.013206,85.847,0.12100000000000044,10.715465989506257,11.053006,207.88083,1.199969,0.772031,4.94048,1040
8950-3703,1-456634,0.0186559,0.594,0.594,70.7,4.728479137948527,1,1,0,9.823,9.896,0.154,0.045126,45.655,0.0730000000000004,9.844,9.886,0.092,0.044904,45.756,0.041999999999999815,9.331864407979822,9.669405,63.79818,0.8969643,0.786703,3.98692,1168
8931-3703,1-404231,0.0233463,0.592,0.592,64.2,4.477935288545434,1,1,0,9.761,9.813,0.113,0.039466,52.692,0.05200000000000138,9.831,9.831,0.0,0.041138,54.692,0.0,9.30644432909874,9.643985,54.21736,0.9121655,0.701604,4.24794,1168
9029-3703,1-135244,0.0310462,0.19,0.19,214.6,5.603413063087529,2,1,0,10.887,10.91,0.048,0.026736,69.968,0.022999999999999687,10.868,10.906,0.08,0.026634,67.095,0.038000000000000256,10.465135887804854,10.802676,217.33382,1.585672,0.659269,3.8266,1040
9026-3703,1-94783,0.0306868,0.47,0.47,80.8,6.524295467897458,1,1,0,8.831,10.426,0.975,0.02079,25.765,1.5950000000000006,9.79,10.411,0.761,0.021277,25.78,0.6210000000000004,10.100253338728809,10.437794,74.15442,0.975778,0.942605,4.90392,1168
9049-3703,1-270160,0.0660184,0.601,0.601,321.8,5.257638901171886,1,1,2,11.603,11.61,0.013,0.037324,86.56,0.006999999999999673,11.537,11.595,0.121,0.03148,79.033,0.05799999999999983,10.87452646250095,11.212067,293.14383,1.0197049,0.627118,4.42786,4096
9041-3703,1-264054,0.0316123,0.536,0.536,219.4,5.333685656869877,3,1,0,10.972,11.018,0.099,0.022806,72.949,0.04600000000000115,10.954,11.013,0.126,0.022957,78.18,0.058999999999999275,10.457679077742686,10.795219,212.1426,1.3337322,0.667231,4.19368,1040
8333-12703,1-266112,0.0350145,0.849,0.849,147.1,6.340912535268538,3,1,2,10.697,10.698,0.0,0.028044,78.761,0.0010000000000012221,10.694,10.698,0.008,0.027943,79.086,0.0039999999999995595,10.234621036117083,10.572162,100.501884,0.92430097,0.345901,8.37117,4224
8978-12704,1-94403,0.0283518,0.864,0.864,145.8,9.555194402316019,1,1,0,10.485,10.828,0.546,0.014856,80.829,0.34299999999999997,10.332,10.818,0.673,0.014787,80.829,0.4859999999999989,10.428916791935281,10.766458,93.02962,0.89186186,0.37778,11.8804,1024
8146-12701,1-604839,0.027848,0.836,0.836,94.1,14.33300996165171,1,1,0,9.889,10.977,0.918,0.008978,41.141,1.088000000000001,9.965,10.969,0.901,0.008967,41.131,1.0039999999999996,10.145146663024255,10.482687,49.895576,0.8937132,0.791242,12.353,1040
8947-12701,1-614456,0.0576016,0.895,0.895,221.6,8.336933297450793,3,1,0,11.362,11.424,0.132,0.025812,80.625,0.06199999999999939,11.45,11.453,0.006,0.022625,80.622,0.0030000000000001137,10.827559881326888,11.1651,131.65938,0.914115,0.308733,11.7202,1040
8615-3704,1-180012,0.0309949,0.602,0.602,167.8,4.9346117403496175,3,1,0,10.691,10.722,0.067,0.034805,50.363,0.030999999999998806,10.673,10.715,0.092,0.033182,49.338,0.041999999999999815,10.383653821462559,10.721194,162.60678,1.3147786,0.741147,3.8252,1040
8262-12701,1-282509,0.0237878,0.865,0.865,103.7,6.583664202700199,3,1,0,10.221,10.248,0.059,0.033313,82.752,0.026999999999999247,10.224,10.25,0.058,0.033363,82.956,0.0259999999999998,9.836315885558411,10.173857,58.59314,0.91562533,0.225812,10.5518,1168
8728-3701,1-51938,0.0279785,0.538,0.538,149.5,6.325809770247017,1,1,0,10.683,10.711,0.062,0.026344,60.486,0.02800000000000047,10.697,10.71,0.028,0.026243,60.569,0.013000000000001677,10.272178228450617,10.609719,140.66864,1.0735971,0.80781,5.06988,1040
8949-1901,1-623581,0.0257644,0.115,0.115,81.1,2.731088609103714,1,1,2,9.797,9.797,0.0,0.072978,20.39,0.0,9.84,9.84,0.0,0.072429,17.334,0.0,9.309713186376763,9.647254,81.393936,1.0419905,0.904222,2.237,4288
8155-12701,1-38550,0.0304509,0.652,0.652,82.9,13.449327175705593,1,1,0,10.695,10.695,0.0,0.039898,41.54,0.0,10.671,10.671,0.0,0.039051,41.737,0.0,10.286768492756197,10.62431,80.78436,0.94951516,0.733901,12.4734,1040
8655-12702,1-29843,0.0229224,0.789,0.789,79.8,8.970432213348275,3,1,0,9.998,10.159,0.31,0.030605,77.678,0.16100000000000136,9.973,10.163,0.355,0.030539,77.725,0.1899999999999995,9.589224427796006,9.926765,50.20738,0.8701255,0.310324,12.2622,1168
8718-12702,1-44379,0.038928,0.838,0.838,143.7,6.031594142410348,3,1,0,10.744,10.744,0.0,0.026727,69.603,0.0,10.71,10.735,0.056,0.026801,69.046,0.02499999999999858,10.341430567434992,10.678971,100.17314,0.9380648,0.492048,6.53185,16384
10001-1902,1-48201,0.0253909,0.291,0.291,139.8,4.424821528096563,1,1,0,10.523,10.523,0.0,0.041086,32.693,0.0,10.492,10.492,0.0,0.043823,34.036,0.0,10.05560383069523,10.393145,142.84221,1.1835799,0.839959,3.54894,1040
8712-12703,1-379653,0.0338268,0.312,0.312,212.2,10.789622315628844,3,1,0,11.33,11.35,0.042,0.025463,38.014,0.019999999999999574,11.321,11.355,0.074,0.025434,37.811,0.034000000000000696,10.72322163180632,11.060762,210.59839,0.8873533,0.831102,10.457,1040
8611-3704,1-25725,0.0291196,0.448,0.448,140.2,4.991766845647689,1,1,2,10.655,10.655,0.0,0.045059,26.786,0.0,10.666,10.667,0.0,0.04113,26.479,0.0009999999999994458,10.022572699592509,10.360113,139.4542,1.0609901,0.912612,3.68768,4288
8611-12704,1-23745,0.0203175,0.649,0.649,111.4,8.444777460115137,3,1,2,10.407,10.453,0.101,0.019857,62.519,0.045999999999999375,10.375,10.456,0.169,0.019246,63.911,0.08099999999999952,10.212493900449765,10.5500345,94.20877,0.91373104,0.58495,8.7096,4160
8978-1902,1-94451,0.0274045,0.583,0.583,134.4,4.037598716195574,1,1,0,10.324,10.425,0.208,0.023093,65.524,0.10100000000000087,10.303,10.419,0.234,0.020488,67.647,0.11599999999999966,10.221951231021755,10.559492,128.70024,1.2046807,0.64924,3.61583,1040
8719-1902,1-44690,0.0290896,0.526,0.526,145.1,4.58338273270679,1,1,0,10.447,10.447,0.0,0.042015,54.06,0.0,10.441,10.454,0.029,0.03795,51.93,0.0129999999999999,10.14841137506188,10.485952,145.84093,1.0965192,0.787119,3.58465,1168
8255-12704,1-256150,0.0251893,0.823,0.823,114.0,6.521764237404763,3,1,0,10.356,10.358,0.005,0.0355,78.447,0.002000000000000668,10.324,10.349,0.055,0.035345,77.872,0.025000000000000355,9.730511766435093,10.068052,70.840576,0.9024121,0.326098,8.63741,1168
8626-3704,1-24418,0.0300159,0.658,0.658,184.2,4.84311978562785,1,1,0,10.765,10.766,0.0,0.03407,74.206,0.0009999999999994458,10.754,10.771,0.036,0.031471,74.301,0.017000000000001236,10.495676132165787,10.833217,167.25078,1.2514747,0.51619,5.16546,1040
8611-1901,1-23731,0.0205195,0.593,0.593,134.7,4.164380239529809,1,1,0,10.343,10.343,0.0,0.039127,59.048,0.0,10.332,10.346,0.031,0.035783,59.738,0.013999999999999346,9.89949110136871,10.237032,127.99651,1.295874,0.687816,3.61371,1040
8456-12705,1-167169,0.0263223,0.788,0.788,119.3,8.087193063081058,1,1,0,10.529,10.552,0.052,0.033379,85.723,0.022999999999999687,10.146,10.479,0.535,0.033222,86.843,0.3329999999999984,9.693963372849758,10.031504,79.22972,0.87779605,0.234262,13.2825,1168
8713-1902,1-43829,0.0198477,0.376,0.376,59.7,3.019456067458919,1,1,0,9.466,9.466,0.0,0.030087,85.847,0.0,9.477,9.477,0.0,0.037463,85.847,0.0,8.816460049744988,9.154,58.1774,0.9669373,0.660732,3.0519,1168
8592-1901,1-207925,0.0270035,0.493,0.493,146.5,2.28859616559578,1,1,2,10.202,10.222,0.044,0.04502,63.59,0.019999999999999574,10.175,10.22,0.098,0.046059,61.981,0.04499999999999993,9.764761773275323,10.102303,145.89798,1.2384228,0.81418,1.85855,4288
8952-1902,1-458272,0.0289818,0.483,0.483,72.7,2.4273652018963445,1,1,2,9.502,9.692,0.354,0.050048,66.79,0.1899999999999995,9.447,9.681,0.416,0.05418,72.329,0.23399999999999999,9.347156262771362,9.684697,68.46077,0.97846705,0.610294,2.58408,4160
8718-1902,1-44312,0.0218919,0.698,0.698,60.3,2.1036082805120473,1,1,0,9.274,9.336,0.133,0.058764,65.854,0.062000000000001165,9.184,9.347,0.313,0.067691,65.911,0.16300000000000026,9.094886706440606,9.432427,55.41359,1.0241027,0.537568,2.55854,1168
9026-12701,1-93793,0.03134,0.484,0.484,224.4,10.639100767824655,1,1,0,11.273,11.32,0.1,0.009372,84.725,0.0470000000000006,11.219,11.308,0.184,0.009151,86.636,0.08900000000000041,10.722162358394218,11.059703,206.75952,0.9131254,0.731222,8.87825,1040
8613-12702,1-136125,0.0316344,0.845,0.845,114.6,11.245120831237212,3,1,0,10.599,10.791,0.357,0.021912,68.521,0.19200000000000017,10.508,10.777,0.462,0.021856,68.534,0.26900000000000013,10.119800066362133,10.45734,70.138596,0.84997153,0.46178,12.0954,1168
8597-12702,1-198153,0.0353781,0.799,0.799,164.3,11.052340758339527,3,1,0,11.159,11.197,0.084,0.021592,69.027,0.03799999999999848,11.152,11.184,0.071,0.021755,69.032,0.03200000000000003,10.568730771459894,10.906271,130.1353,0.87217593,0.587881,10.5773,1040
8084-12702,1-604048,0.0364594,0.205,0.205,134.9,12.39150779605655,1,1,0,10.872,10.872,0.0,0.020344,82.799,0.0,10.872,10.873,0.0,0.020169,82.799,0.0009999999999994458,10.701855404961172,11.039396,141.58293,0.88187474,0.944365,8.9199,1040
8147-3701,1-145828,0.0230017,0.638,0.638,67.0,4.76819503716692,3,1,0,9.738,9.804,0.142,0.031734,71.671,0.06600000000000072,9.818,9.825,0.016,0.031422,72.792,0.006999999999999673,9.216809606487036,9.55435,54.308716,1.0405546,0.483582,5.2685,1168
8568-12705,1-392972,0.0219018,0.758,0.758,83.6,11.241265061511461,1,1,0,10.33,10.509,0.337,0.019317,46.014,0.17900000000000027,10.342,10.507,0.315,0.019317,46.017,0.16499999999999915,9.816094742318448,10.153635,52.719017,0.87724197,0.724253,9.71278,1040
8728-1902,1-639152,0.120884,0.057,0.057,285.9,4.8491933377794085,1,1,0,11.622,11.702,0.166,0.038904,85.847,0.08000000000000007,11.62,11.706,0.177,0.050725,81.476,0.0860000000000003,11.218902950862828,11.556443,286.68478,0.9520734,0.885537,5.1191,1040
8449-1901,1-488532,0.0322203,0.307,0.307,230.3,3.6993611246557174,3,1,0,10.836,10.873,0.078,0.027024,82.604,0.036999999999999034,10.841,10.873,0.066,0.036342,82.627,0.03200000000000003,10.265145780307478,10.602686,236.79828,1.8161697,0.863959,2.44401,1168
8934-12704,1-404168,0.0227663,0.682,0.682,97.5,8.095632278323476,1,1,0,10.169,10.336,0.32,0.019485,60.218,0.16699999999999982,10.137,10.335,0.366,0.022196,61.739,0.1980000000000004,10.047087866276735,10.384628,86.05701,0.8899502,0.594925,8.14278,1040
8602-1901,1-211055,0.0260913,0.604,0.604,197.4,4.007258176269107,3,1,0,10.69,10.716,0.055,0.034533,86.636,0.0259999999999998,10.673,10.71,0.078,0.042074,86.636,0.03700000000000081,10.17742105748317,10.514961,189.77429,1.3636912,0.651331,3.31718,1040
8602-12701,1-569169,0.0267882,0.73,0.73,133.7,20.511224647985998,3,1,2,11.152,11.444,0.488,0.012792,36.616,0.2920000000000016,11.132,11.469,0.539,0.012525,36.616,0.33699999999999974,10.676888312762363,11.014429,117.475746,0.8967781,0.762813,17.4567,4160
8655-3704,1-204551,0.0226556,0.661,0.661,62.3,4.619050435326433,1,1,0,9.408,9.705,0.495,0.043053,68.151,0.2970000000000006,9.275,9.69,0.614,0.042549,70.79,0.41499999999999915,9.492283939934385,9.829824,51.308723,0.95833164,0.471431,5.23018,1168
8156-3704,1-38777,0.109955,0.055,0.055,281.9,4.534634482658127,1,1,0,11.643,11.645,0.0,0.065196,39.215,0.0019999999999988916,11.837,11.838,0.0,0.06378,2.778,0.0009999999999994458,11.143423906620063,11.480965,286.53287,1.0364825,0.813294,4.59126,1040
8077-3704,1-37068,0.0246723,0.454,0.454,86.8,5.219445856368962,1,1,0,10.149,10.227,0.163,0.033028,37.41,0.07800000000000118,10.178,10.202,0.053,0.032745,37.467,0.023999999999999133,10.024859049659549,10.3624,85.49226,1.0215018,0.871819,4.10278,1552
8078-3704,1-36892,0.023073,0.663,0.663,53.2,6.100247548095152,1,1,0,8.305,10.055,0.982,0.026993,37.842,1.75,9.254,10.036,0.835,0.024905,38.025,0.782,9.267352451201724,9.604893,38.80078,1.0087435,0.826659,5.1558,1168
8728-3704,1-604210,0.0640277,0.122,0.122,249.9,7.296370870783695,1,1,0,11.462,11.526,0.136,0.024167,84.023,0.06400000000000006,11.452,11.525,0.154,0.025102,84.023,0.0730000000000004,10.993867224692535,11.331408,253.25116,1.0353307,0.803375,4.97262,1040
8145-3704,1-556498,0.0275442,0.598,0.598,153.9,5.7257137822166015,3,1,0,10.626,10.733,0.218,0.022896,56.712,0.1070000000000011,10.605,10.752,0.287,0.02091,56.693,0.14700000000000024,10.251346159588582,10.588887,144.65622,0.9886008,0.704852,5.0113,1040
8461-3704,1-166919,0.0722105,0.672,0.672,159.5,4.94120424502685,3,1,2,11.184,11.264,0.168,0.034516,32.548,0.08000000000000007,11.184,11.263,0.166,0.034512,32.554,0.07900000000000063,10.781736710356325,11.119277,142.30168,1.0437086,0.866956,4.04089,4288
8718-3704,1-44091,0.100312,0.084,0.084,270.7,4.0637793784411125,1,1,0,11.468,11.495,0.057,0.050754,53.711,0.026999999999999247,11.466,11.493,0.057,0.050973,59.91,0.027000000000001023,11.114444172445255,11.451984,274.36093,1.1117072,0.941295,4.33521,1040
10001-3704,1-48223,0.0307813,0.266,0.266,101.7,4.877969330433952,1,1,0,10.383,10.447,0.136,0.035304,26.368,0.06400000000000006,10.389,10.423,0.076,0.035392,26.485,0.034000000000000696,10.234894217080955,10.572434,103.61898,1.1225438,0.933142,3.85183,1168
8455-3704,1-274545,0.0231081,0.163,0.163,74.0,4.294573744300615,1,1,0,9.831,9.93,0.203,0.035446,49.15,0.0990000000000002,9.752,9.934,0.342,0.035554,49.155,0.1819999999999986,9.372379850355587,9.709921,71.55424,0.94954586,0.715172,4.30871,1168
8449-3704,1-574775,0.0261779,0.118,0.118,146.3,3.472369874999623,2,1,0,10.303,10.324,0.045,0.03694,80.043,0.02099999999999902,10.323,10.324,0.0,0.036625,80.043,0.0009999999999994458,9.985303399057027,10.322844,145.30997,1.1164266,0.781295,4.05386,1168
8338-3704,1-491233,0.0331586,0.779,0.779,112.1,3.891444887766175,3,1,2,10.295,10.295,0.0,0.044897,71.846,0.0,10.244,10.284,0.087,0.040795,71.644,0.040000000000000924,9.890914838742937,10.228456,89.46262,1.0060959,0.479945,4.1933,4608
8717-3704,1-121486,0.0290077,0.586,0.586,117.8,6.844698470568315,1,1,0,10.593,10.593,0.001,0.03098,46.137,0.0,10.542,10.607,0.14,0.030389,45.698,0.0649999999999995,10.18853476989936,10.526075,105.83045,0.9784342,0.778953,5.81742,1040
8239-3704,1-378486,0.02145,0.713,0.713,80.6,5.221730420038239,1,1,0,8.195,9.965,0.983,0.037574,73.079,1.7699999999999996,10.07,10.071,0.0,0.03134,77.031,0.0009999999999994458,9.370600050813458,9.70814,53.403282,0.9439872,0.609142,5.05739,1168
8724-3704,1-48450,0.0303557,0.696,0.696,62.1,4.093031587066566,1,1,2,8.411,9.819,0.961,0.090279,65.854,1.4080000000000013,9.519,9.751,0.415,0.088772,65.854,0.23199999999999932,9.269176586011943,9.606717,52.004463,0.9514759,0.493324,4.5138,4160
8714-3704,1-604860,0.0516947,0.277,0.277,214.0,7.114979100988747,1,1,0,11.372,11.447,0.159,0.030307,19.537,0.07499999999999929,11.32,11.409,0.184,0.03001,20.406,0.08900000000000041,10.871569433156901,11.20911,218.01219,1.0015409,0.955753,4.86252,1040
8952-3704,1-458209,0.0282688,0.345,0.345,123.7,6.153825784565408,1,1,0,10.432,10.433,0.0,0.019668,85.847,0.0009999999999994458,10.431,10.431,0.0,0.020869,85.847,0.0,10.06581864165778,10.403359,127.86097,1.1935182,0.825631,3.8555,1168
8600-3704,1-594438,0.0273353,0.647,0.647,109.0,8.863561057489484,1,1,0,10.573,10.573,0.0,0.027999,62.716,0.0,10.565,10.567,0.004,0.026497,62.716,0.002000000000000668,10.144110089611386,10.48165,87.38126,0.97928876,0.549914,9.21835,1040
8333-3704,1-569263,0.0992554,0.267,0.267,312.4,5.742634554176847,1,1,0,11.732,11.826,0.192,0.03297,53.3,0.0940000000000012,11.73,11.792,0.13,0.033637,85.228,0.06199999999999939,11.186984572160062,11.524526,308.9165,0.9783815,0.790823,4.83844,1040
8987-3704,1-386264,0.0270946,0.669,0.669,85.2,4.1604808482002404,1,1,2,8.26,9.958,0.98,0.05969,86.698,1.6980000000000004,10.002,10.06,0.124,0.058354,86.698,0.05799999999999983,9.300351967272455,9.637893,70.34352,0.95750266,0.386291,5.59984,4672
8943-3704,1-394382,0.123521,0.165,0.165,299.0,4.861692877980346,1,1,0,11.727,11.754,0.057,0.050911,82.799,0.026999999999999247,11.745,11.757,0.025,0.062736,82.797,0.012000000000000455,11.265223604309156,11.602764,306.41028,1.1082891,0.894694,3.97791,1024
8946-3704,1-279086,0.0244278,0.651,0.651,123.1,4.415033356483171,1,1,0,10.294,10.386,0.191,0.028544,54.885,0.09199999999999875,10.314,10.379,0.14,0.028353,55.473,0.0649999999999995,10.043857209513963,10.381398,109.07871,1.1247609,0.700939,4.14926,1552
8945-3704,1-280053,0.0535883,0.064,0.064,294.7,10.231789538006785,1,1,0,11.621,11.726,0.211,0.015992,79.6,0.10500000000000043,11.621,11.726,0.212,0.016167,79.6,0.10500000000000043,11.239434627560346,11.576975,295.03525,0.9490588,0.82524,10.1063,0
8597-3704,1-198180,0.0376048,0.127,0.127,222.3,8.434277622766453,1,1,0,11.184,11.239,0.118,0.022403,43.425,0.05500000000000149,11.141,11.234,0.189,0.021114,43.981,0.09299999999999997,10.77543640411565,11.112977,227.34798,1.0391308,0.909136,5.09981,1040
9029-3704,1-135086,0.0332592,0.483,0.483,184.9,5.79759826679441,3,1,0,10.874,10.969,0.195,0.022889,62.72,0.09499999999999886,10.868,10.995,0.253,0.019462,62.735,0.1269999999999989,10.494193567415474,10.831734,182.35562,1.1491101,0.765975,4.3875,1040
9042-3704,1-593971,0.032706,0.257,0.257,261.3,7.352432460097038,1,1,0,11.248,11.306,0.122,0.024068,55.819,0.05799999999999983,11.232,11.288,0.116,0.023684,66.533,0.05600000000000094,10.677901552605267,11.015442,263.98068,1.2231728,0.783001,4.7322,1040
9026-3704,1-94690,0.0314593,0.279,0.279,117.0,3.552925665417472,1,1,2,10.231,10.263,0.071,0.041404,71.936,0.03200000000000003,10.273,10.273,0.0,0.039058,71.936,0.0,9.90640562239346,10.243946,111.11012,0.99231833,0.52005,3.93232,4672
8241-12704,1-460461,0.0192924,0.814,0.814,80.2,14.146073228581502,3,1,2,9.873,10.441,0.73,0.018025,66.568,0.5680000000000014,9.916,10.441,0.702,0.018038,66.807,0.5250000000000004,9.231790605003997,9.569331,43.81669,0.85762066,0.53779,14.599,4160
8946-12701,1-613799,0.0531635,0.27,0.27,210.7,13.414117656800299,1,1,2,11.412,11.488,0.16,0.028065,85.23,0.07599999999999874,11.43,11.485,0.118,0.027772,85.229,0.054999999999999716,10.57253820550301,10.910079,206.90668,0.90489507,0.752616,12.88,4160
9026-1901,1-594582,0.0309915,0.633,0.633,196.6,3.9637238015617564,1,1,0,10.693,10.796,0.208,0.022343,86.833,0.10299999999999976,10.638,10.781,0.28,0.027944,86.833,0.14300000000000068,10.287969594835454,10.62551,178.90717,1.4532365,0.469149,3.38914,1168
8655-1901,1-29748,0.022108,0.585,0.585,98.8,4.030733210506378,3,1,0,10.11,10.157,0.104,0.035937,37.511,0.0470000000000006,10.073,10.15,0.162,0.035768,38.354,0.07699999999999996,9.93520940495841,10.27275,96.82095,1.476202,0.833234,3.04512,1040
8934-12702,1-456984,0.018252,0.295,0.295,165.6,26.660474725846342,1,1,0,11.938,11.938,0.0,0.016538,2.566,0.0,11.929,11.929,0.0,0.015502,2.566,0.0,10.85613230744168,11.193673,167.0272,0.8906257,0.930891,32.5938,0
8948-1901,1-587930,0.0223822,0.406,0.406,190.3,9.16379789443733,1,1,0,10.727,10.823,0.197,0.024703,51.665,0.09600000000000009,10.688,10.825,0.27,0.024304,57.235,0.13699999999999868,9.96589470152514,10.303435,189.04355,1.2578664,0.834979,3.53625,1040
8147-12705,1-604856,0.0263811,0.821,0.821,142.9,7.16661677097803,1,1,0,10.56,10.686,0.253,0.015561,85.588,0.12599999999999945,10.602,10.697,0.197,0.015998,85.717,0.09499999999999886,10.072301377396709,10.409842,98.02068,1.0970058,0.288083,9.48518,1168
7960-12702,1-561017,0.0296497,0.733,0.733,117.0,9.42342900574445,3,1,0,10.63,10.684,0.115,0.037487,85.493,0.053999999999998494,10.348,10.632,0.481,0.036806,86.084,0.2839999999999989,10.163760502671892,10.501301,88.1249,0.88390815,0.291635,13.1995,1168
8943-1901,1-392007,0.0261177,0.666,0.666,140.4,2.577389027636299,1,1,0,10.183,10.184,0.0,0.043492,75.957,0.0009999999999994458,10.161,10.181,0.044,0.040751,78.183,0.019999999999999574,9.85426655868983,10.191807,131.39375,1.3523313,0.551855,2.74948,1168
9026-12702,1-94748,0.0302757,0.641,0.641,83.4,9.561407731864085,1,1,2,10.355,10.442,0.181,0.035492,59.491,0.08699999999999974,10.382,10.437,0.12,0.036026,59.491,0.054999999999999716,9.756385042380897,10.093925,59.793655,0.854822,0.577712,10.1653,4096
8615-12703,1-289865,0.0524952,0.067,0.067,239.2,11.443566367360114,1,1,0,11.499,11.563,0.137,0.023471,85.847,0.06400000000000006,11.516,11.558,0.089,0.05778,85.847,0.041999999999999815,10.98608123945816,11.323622,245.06236,0.91044563,0.731678,7.88769,1040
10001-12704,1-55616,0.0141215,0.782,0.782,80.5,9.664453375397777,3,1,2,10.005,10.008,0.007,0.026999,86.082,0.0029999999999983373,9.767,9.956,0.353,0.024859,85.204,0.18900000000000006,9.625145699270158,9.962687,53.2665,0.8866004,0.212315,16.0734,4160
8086-12702,1-289817,0.0257224,0.579,0.579,89.9,7.520037369898178,1,1,0,9.589,10.101,0.692,0.02701,86.843,0.5120000000000005,10.131,10.172,0.089,0.03306,86.843,0.04100000000000037,9.599133868391945,9.936674,73.41585,0.9267508,0.271882,15.3816,1168
8456-12703,1-147485,0.0239375,0.659,0.659,88.3,8.594592363073376,1,1,0,10.357,10.373,0.035,0.020809,67.442,0.016000000000000014,10.361,10.373,0.027,0.020807,67.39,0.011999999999998678,9.954026756263504,10.291568,69.130394,0.8970289,0.547884,9.11365,1040
8241-12703,1-460862,0.0289398,0.807,0.807,112.3,7.200535653926938,1,1,0,10.357,10.469,0.227,0.026241,84.409,0.1120000000000001,9.998,10.413,0.615,0.023645,85.477,0.4150000000000009,10.112722272018567,10.450263,79.89534,0.9233482,0.327553,9.69921,1168
8611-6101,1-25680,0.0278347,0.252,0.252,197.5,9.205216655683545,3,1,0,11.069,11.071,0.0,0.027325,42.753,0.0019999999999988916,11.059,11.06,0.0,0.026911,46.554,0.0010000000000012221,10.448610486350534,10.786151,205.63118,1.0064466,0.886155,5.95634,1024
8078-1902,1-109167,0.0246344,0.322,0.322,164.8,3.3652403319305715,1,1,0,10.548,10.564,0.034,0.02388,19.298,0.016000000000000014,10.471,10.513,0.09,0.022676,21.099,0.041999999999999815,9.991758424764758,10.329299,176.40445,3.511957,0.9438,1.91322,1040
8720-12704,1-351743,0.0163769,0.611,0.611,56.9,5.513845475597514,1,1,0,7.844,9.36,0.969,0.038879,86.845,1.5159999999999991,9.131,9.406,0.469,0.03906,86.845,0.27500000000000036,9.085925318900731,9.423466,44.826992,0.8845242,0.250152,8.99471,1168
8626-6101,1-634789,0.0618731,0.089,0.089,235.3,7.48580609726068,1,1,0,11.337,11.44,0.211,0.028442,67.226,0.10299999999999976,11.338,11.435,0.198,0.031348,84.023,0.09700000000000131,10.834747414383692,11.172288,237.47685,1.035141,0.845625,6.57355,0
8616-6101,1-180168,0.0300125,0.687,0.687,178.8,3.219971229286305,1,1,2,10.577,10.588,0.024,0.03294,85.299,0.010999999999999233,10.549,10.579,0.064,0.03077,86.789,0.030000000000001137,10.14284292310706,10.480384,164.72858,1.6209395,0.480383,3.36033,4224
8255-1901,1-256155,0.0364872,0.708,0.708,151.2,3.5012254107821317,1,1,2,10.533,10.56,0.059,0.036047,74.442,0.027000000000001023,10.55,10.564,0.032,0.035879,74.442,0.013999999999999346,10.398039016527445,10.7355795,141.519,1.4121132,0.573199,3.5321,4224
10001-1901,1-55567,0.0257497,0.695,0.695,72.3,2.3627736700482447,1,1,2,8.004,9.522,0.97,0.077615,71.936,1.5180000000000007,9.031,9.539,0.689,0.078498,71.936,0.5079999999999991,9.13950127473591,9.477042,58.897373,0.9534735,0.532468,2.66277,4608
8945-1901,1-279544,0.0331186,0.466,0.466,90.1,3.008048185492284,1,1,2,10.498,10.598,0.205,0.045251,18.209,0.10000000000000142,10.494,10.599,0.215,0.044937,18.212,0.10500000000000043,9.770621553603656,10.108162,90.23227,1.0948325,0.784845,2.43629,4608
8980-1901,1-236032,0.0312752,0.497,0.497,189.4,5.692414201622661,1,1,0,10.955,10.966,0.024,0.03734,48.952,0.010999999999999233,10.936,10.975,0.083,0.03692,48.962,0.0389999999999997,10.257724161400079,10.595264,188.84398,1.1925548,0.792762,3.36288,1168
8724-1901,1-47463,0.0240728,0.344,0.344,152.1,4.749380288042129,1,1,0,10.453,10.503,0.106,0.027943,68.289,0.05000000000000071,10.445,10.499,0.116,0.046456,85.847,0.05400000000000027,10.156755044113984,10.494296,151.03308,1.2383428,0.750192,3.66944,1040
9042-1901,1-375364,0.0729896,0.19,0.19,206.7,2.140789729780024,2,1,0,10.898,10.899,0.0,0.075713,62.199,0.0009999999999994458,10.896,10.897,0.0,0.090071,80.043,0.0009999999999994458,10.29914323657348,10.636683,211.27338,1.1799634,0.94266,1.51505,0
8946-1901,1-174119,0.0252332,0.588,0.588,146.9,2.7125008286192505,1,1,0,10.188,10.226,0.082,0.043972,86.222,0.038000000000000256,10.148,10.219,0.148,0.042906,77.061,0.07099999999999973,9.768182852321086,10.105723,143.61053,1.3788242,0.71852,2.36821,1168
8950-1901,1-456687,0.0279533,0.84,0.84,96.4,2.8068275521704407,1,1,2,9.629,9.888,0.45,0.043535,78.2,0.25900000000000034,9.695,9.895,0.369,0.043707,86.698,0.1999999999999993,9.573535309878558,9.911076,74.9868,1.1000806,0.440204,3.44103,4608
8939-1901,1-298546,0.012869,0.285,0.285,62.3,3.9110372138168703,1,1,2,9.363,9.391,0.062,0.043334,85.581,0.02800000000000047,9.394,9.394,0.0,0.042583,85.581,0.0,9.26256973321755,9.60011,61.023148,1.3170043,0.791728,2.45876,4160
8952-1901,1-395508,0.0262452,0.705,0.705,133.1,3.128191505984064,1,1,0,10.253,10.299,0.1,0.031946,86.838,0.045999999999999375,10.257,10.3,0.096,0.032496,86.838,0.04300000000000104,9.998538749288478,10.33608,122.50287,1.3021696,0.482844,3.41783,1168
9029-1901,1-135235,0.0309341,0.407,0.407,49.4,3.675105637309438,1,1,2,9.581,9.887,0.505,0.069383,32.018,0.30600000000000094,9.615,9.843,0.408,0.066344,32.251,0.22799999999999976,9.37676669134497,9.714307,45.926662,0.93423104,0.789107,3.15894,4096
9041-1901,1-264158,0.0316185,0.64,0.64,168.3,4.05657446403914,1,1,0,10.665,10.721,0.119,0.037407,85.394,0.05600000000000094,10.642,10.72,0.163,0.036471,86.756,0.07800000000000118,10.293936813887294,10.631477,161.20415,1.2494287,0.609883,3.34626,1168
8262-1901,1-258311,0.023141,0.6,0.6,63.9,2.8590927626929057,1,1,0,9.332,9.839,0.688,0.05134,37.026,0.5069999999999997,9.468,9.793,0.527,0.051237,39.225,0.3249999999999993,9.25052978198163,9.588071,56.104977,1.0035259,0.830571,2.36076,1168
8615-12702,1-596218,0.0207444,0.606,0.606,88.5,14.522647134078849,1,1,2,10.483,10.492,0.021,0.022527,79.334,0.009000000000000341,10.069,10.454,0.588,0.022856,82.556,0.3849999999999998,9.682298542107937,10.019839,68.255684,0.881631,0.312323,19.1275,4112
8241-1901,1-412631,0.0433212,0.659,0.659,214.4,5.214944339311942,1,1,0,11.108,11.109,0.0,0.037028,86.145,0.0009999999999994458,11.025,11.086,0.128,0.052772,86.82,0.06099999999999994,10.754832823646593,11.092374,180.4258,1.330014,0.415406,5.98073,1040
8613-1901,1-176448,0.0291117,0.707,0.707,84.9,3.878341058183225,1,1,2,9.937,10.01,0.154,0.04764,65.125,0.0730000000000004,9.917,10.001,0.174,0.046378,76.849,0.08399999999999963,9.821419191756389,10.158959,77.67564,0.96165806,0.644754,3.76317,4096
9002-1901,1-373100,0.0305647,0.59,0.59,95.2,3.3190137803816286,1,1,2,10.047,10.072,0.055,0.04747,55.606,0.02499999999999858,10.041,10.064,0.052,0.047713,57.273,0.022999999999999687,9.868647376777862,10.206188,93.58791,1.2540953,0.741957,3.0579,4672
9049-1901,1-269632,0.131457,0.409,0.409,130.9,3.9168453569268324,1,1,2,10.846,10.846,0.0,0.051165,86.055,0.0,10.849,10.85,0.0,0.056652,86.055,0.0009999999999994458,11.038735375759847,11.376276,131.90056,1.0047809,0.84567,3.57835,4160
7960-6101,1-177529,0.022468,0.627,0.627,60.2,7.191653255543105,1,1,0,8.357,10.165,0.984,0.060756,41.848,1.8079999999999998,8.242,10.032,0.984,0.050344,48.374,1.7899999999999991,9.10009471501499,9.437635,41.625755,0.92411506,0.74548,6.77336,1168
8156-6101,1-109521,0.0490484,0.183,0.183,189.3,7.473240080406172,1,1,2,11.17,11.185,0.035,0.043295,85.581,0.015000000000000568,11.188,11.189,0.0,0.044655,85.581,0.0009999999999994458,10.717349239244475,11.05489,193.79413,1.0039972,0.79241,5.32495,4112
8077-6101,1-37036,0.0282739,0.097,0.097,178.5,9.793900761521694,1,1,0,11.025,11.025,0.0,0.025093,46.824,0.0,10.997,10.997,0.0,0.023887,85.23,0.0,10.48551700450468,10.823057,182.59753,0.9317653,0.852066,8.00402,1024
8155-6101,1-38521,0.03707,0.536,0.536,182.1,9.93805518232964,1,1,0,11.188,11.188,0.0,0.032861,77.409,0.0,11.184,11.185,0.0,0.032904,86.222,0.0010000000000012221,10.648187234767436,10.985728,170.41617,1.0054404,0.776634,6.61589,1040
8147-6101,1-201182,0.0152632,0.653,0.653,55.6,5.257909163911953,1,1,0,8.644,9.519,0.867,0.025278,61.157,0.875,9.599,9.599,0.0,0.023193,57.328,0.0,9.020850003256074,9.358391,43.19721,1.0444664,0.705369,5.68342,1040
8719-6101,1-44667,0.0288994,0.802,0.802,91.7,4.430394470383112,3,1,2,9.994,10.045,0.109,0.06212,83.997,0.051000000000000156,9.333,9.975,0.771,0.060559,83.756,0.6419999999999995,9.511650784130127,9.849192,63.737644,0.9251287,0.294739,5.85533,4672
8455-6101,1-274506,0.0232593,0.72,0.72,62.4,6.893871793998512,1,1,0,9.617,10.086,0.66,0.027361,48.066,0.4689999999999994,10.055,10.076,0.048,0.026666,47.025,0.021000000000000796,9.614381448723138,9.951922,47.349777,0.9302447,0.756477,6.14683,1168
8338-6101,1-574691,0.0308685,0.715,0.715,102.9,5.739500960221564,3,1,2,10.402,10.402,0.0,0.031109,71.433,0.0,10.402,10.402,0.0,0.030988,71.32,0.0,10.033673001153629,10.371214,85.14486,0.9926247,0.55675,5.77609,4288
8450-6101,1-491047,0.0207675,0.656,0.656,119.3,7.955545474579947,1,1,2,10.456,10.457,0.0,0.021588,46.566,0.0010000000000012221,10.458,10.458,0.0,0.020055,48.379,0.0,10.189054958881458,10.526595,117.264694,1.0808498,0.790204,5.82863,4096
8724-6101,1-47244,0.0616072,0.377,0.377,236.4,6.647077010606479,3,1,0,11.405,11.406,0.0,0.030689,86.055,0.0010000000000012221,11.399,11.406,0.015,0.032456,86.055,0.0070000000000014495,11.018808642830168,11.356349,233.09286,0.97701216,0.754975,5.87153,1040
8712-6101,1-379291,0.0348771,0.579,0.579,84.1,7.940365364621566,1,1,0,10.738,10.738,0.001,0.020356,18.318,0.0,10.542,10.818,0.47,0.019742,18.327,0.2759999999999998,10.523179173125765,10.86072,77.191475,1.0036505,0.955,6.15443,1040
8592-6101,1-246437,0.0259946,0.595,0.595,117.7,6.092691408766096,1,1,0,10.458,10.459,0.0,0.02689,63.36,0.0009999999999994458,10.467,10.467,0.0,0.027404,70.036,0.0,10.032139080056586,10.369679,102.07023,1.0104237,0.570318,6.07339,1168
8934-6101,1-404155,0.0198828,0.795,0.795,69.5,3.669944614968458,1,1,0,9.488,9.642,0.298,0.033771,73.299,0.15399999999999991,9.592,9.662,0.15,0.031725,74.914,0.07000000000000028,9.303923593166038,9.641464,56.25014,1.0057073,0.46799,3.89979,1168
8333-6101,1-251657,0.0841062,0.159,0.159,272.9,8.424628061413582,1,1,0,11.64,11.728,0.181,0.029112,86.357,0.08799999999999919,11.635,11.725,0.185,0.041558,86.357,0.08999999999999986,11.118644939389892,11.456185,277.6322,0.9667813,0.653821,7.45394,1040
8979-6101,1-633608,0.0231772,0.747,0.747,79.3,6.479046980428589,1,1,0,9.758,9.992,0.417,0.030714,75.578,0.23400000000000176,9.331,9.968,0.77,0.029489,76.53,0.6370000000000005,9.63541236384644,9.972953,54.652355,0.91550493,0.369286,8.34468,1168
8595-6101,1-197718,0.125351,0.064,0.064,271.8,5.936945952792418,1,1,0,11.632,11.738,0.214,0.035217,84.023,0.10599999999999987,11.643,11.736,0.191,0.038026,84.023,0.09299999999999997,11.277666505311615,11.615207,271.3492,1.0403044,0.824142,5.9923,1024
8943-6101,1-558143,0.088895,0.286,0.286,245.2,5.173878280763234,1,1,2,11.437,11.498,0.129,0.032215,86.468,0.06099999999999994,11.458,11.5,0.092,0.036966,86.468,0.041999999999999815,11.019872011452238,11.357412,240.5158,0.97790396,0.868055,5.35711,4096
8948-6101,1-149277,0.0234202,0.776,0.776,65.3,6.382994824011681,3,1,0,10.064,10.149,0.178,0.03119,41.231,0.08499999999999908,9.948,10.168,0.397,0.031209,41.486,0.21999999999999886,9.667435207161477,10.004976,43.04474,0.91924506,0.767922,5.64604,1168
8939-6101,1-384547,0.0195464,0.787,0.787,67.1,4.386071429189011,1,1,0,9.507,9.69,0.343,0.050709,66.894,0.18299999999999983,9.449,9.682,0.414,0.051765,68.184,0.23300000000000054,9.409051811718863,9.7465925,49.823784,1.0021453,0.430064,5.48545,1168
8945-6101,1-279381,0.033343,0.777,0.777,109.1,5.392019910501177,1,1,2,10.338,10.425,0.182,0.026922,72.308,0.08700000000000152,10.397,10.434,0.083,0.02671,73.168,0.036999999999999034,10.129128942251212,10.466669,87.77818,1.046433,0.519689,5.41735,4224
8597-6101,1-246946,0.0256926,0.79,0.79,71.3,4.999649823944803,1,1,0,9.681,9.866,0.348,0.027092,78.954,0.1850000000000005,9.551,9.847,0.494,0.027234,78.744,0.2959999999999994,9.744244464632624,10.081785,53.880215,0.9332102,0.385493,6.24036,1168
8931-6101,1-455681,0.0208457,0.717,0.717,88.9,4.710919108420053,1,1,0,9.717,9.931,0.389,0.02605,78.305,0.21399999999999864,9.703,9.925,0.4,0.029462,86.698,0.2220000000000013,9.69284691927723,10.030388,75.63786,0.95821136,0.401921,6.33918,1040
9029-6101,1-135117,0.0333227,0.587,0.587,189.5,6.308448542743375,3,1,0,10.923,10.973,0.106,0.02228,66.228,0.05000000000000071,10.912,10.971,0.125,0.021701,67.61,0.058999999999999275,10.50528431739574,10.842825,180.88112,0.9996288,0.610615,5.67636,1040
9041-6101,1-264108,0.0825254,0.472,0.472,238.0,7.357545050814032,1,1,2,11.671,11.671,0.0,0.050993,19.217,0.0,11.67,11.67,0.0,0.05154,19.235,0.0,10.987404358225893,11.3249445,233.48032,1.0257643,0.962621,6.07726,4160
8553-6101,1-90176,0.0117835,0.68,0.68,38.2,5.188620510232633,1,1,2,8.535,9.019,0.672,0.040674,68.922,0.484,9.147,9.147,0.0,0.041231,84.533,0.0,8.975218055455562,9.312758,28.363068,0.98619574,0.484759,5.68932,4112
8078-12701,1-36832,0.0266695,0.797,0.797,163.2,10.754738398583804,1,1,2,10.804,10.935,0.26,0.012093,67.128,0.13100000000000023,10.806,10.934,0.256,0.011578,67.87,0.1280000000000001,10.687920274145366,11.025461,122.073235,1.0556498,0.471286,13.1022,4096
8978-12701,1-634056,0.0300481,0.8,0.8,119.1,9.302958889343795,3,1,0,10.677,10.695,0.04,0.454837,86.726,0.018000000000000682,10.213,10.601,0.591,0.437662,86.736,0.3880000000000017,10.163697945892569,10.501239,77.65822,0.88840985,0.160235,18.2995,1168
8602-1902,1-211049,0.0308944,0.352,0.352,82.7,2.368511644865354,1,1,2,9.86,9.861,0.0,0.077256,44.736,0.0010000000000012221,9.792,9.807,0.035,0.073583,57.942,0.015000000000000568,9.365738754979676,9.7032795,83.267845,0.92118543,0.80785,2.12832,4096
8146-1902,1-201364,0.0277225,0.518,0.518,81.0,3.4502406358927713,1,1,2,9.924,9.99,0.141,0.041819,56.502,0.06600000000000072,9.929,9.989,0.13,0.041833,56.937,0.0600000000000005,9.638564128859297,9.976105,75.320755,1.0464325,0.686904,3.25005,4288
8987-12704,1-386836,0.0223529,0.853,0.853,77.0,6.644832925753984,1,1,0,9.909,9.909,0.0,0.04965,84.078,0.0,9.369,9.845,0.665,0.050224,85.064,0.47600000000000087,9.346746009121071,9.684287,43.221127,0.8823571,0.185669,12.9651,1168
8611-6102,1-23811,0.0271582,0.759,0.759,75.1,6.652334830852128,3,1,2,8.994,10.189,0.936,0.034007,58.203,1.1950000000000003,9.403,10.193,0.838,0.034022,57.717,0.7899999999999991,9.750420447099787,10.087961,49.122467,0.87368673,0.62188,6.58139,4288
8081-6102,1-38033,0.0369212,0.743,0.743,149.1,6.120994986612042,3,1,2,10.847,10.859,0.027,0.030755,62.949,0.012000000000000455,10.846,10.853,0.016,0.029982,62.953,0.006999999999999673,10.460944425479454,10.798485,125.411224,0.95761853,0.621949,5.84179,4240
8952-12703,1-458515,0.0298759,0.867,0.867,107.2,10.600409856983658,3,1,0,10.681,10.705,0.053,0.02077,63.05,0.02400000000000091,10.695,10.709,0.032,0.020181,62.922,0.013999999999999346,10.119348282530472,10.456889,58.219715,0.87042713,0.536654,10.7047,1170
8718-1901,1-45108,0.0319959,0.274,0.274,177.2,4.729965502301421,1,1,0,10.64,10.735,0.195,0.017399,85.847,0.09499999999999886,10.624,10.735,0.224,0.019601,85.847,0.11099999999999888,10.386004640916415,10.723545,178.89781,1.5409743,0.809795,3.14743,1040
8714-12704,1-339291,0.0225849,0.789,0.789,73.7,5.97807298862052,1,1,0,9.043,9.777,0.816,0.060383,83.863,0.734,9.397,9.787,0.592,0.061232,83.866,0.39000000000000057,9.268959216137636,9.6065,44.02492,0.8561845,0.287913,9.19413,1168
8626-6102,1-24279,0.0626089,0.304,0.304,198.7,7.155397031131406,1,1,0,11.33,11.365,0.077,0.036616,47.517,0.03500000000000014,11.299,11.353,0.118,0.03503,50.515,0.05400000000000027,10.868407539320794,11.205948,194.51846,0.9277344,0.776015,6.71059,1040
9029-12703,1-94514,0.0614472,0.083,0.083,223.3,8.434893069426792,1,1,0,11.363,11.413,0.107,0.031027,86.055,0.05000000000000071,11.368,11.412,0.095,0.047592,86.055,0.04400000000000048,10.917790044629458,11.255331,228.27605,0.8856803,0.644592,8.19173,1040
8086-12705,1-229010,0.041405,0.721,0.721,197.6,13.1922166162196,1,1,0,11.396,11.49,0.195,0.022723,46.981,0.09399999999999942,11.376,11.499,0.247,0.022639,46.507,0.12300000000000111,10.942812365654822,11.280353,175.16708,0.9329773,0.905793,11.2977,1040
8086-1901,1-229012,0.0402069,0.541,0.541,248.4,4.322321124351953,1,1,0,11.09,11.131,0.087,0.031142,49.329,0.04100000000000037,11.038,11.123,0.173,0.034603,49.447,0.08499999999999908,10.633237106909515,10.9707775,246.11484,1.4153992,0.868811,3.44156,1040
8147-1901,1-201217,0.023827,0.076,0.076,70.2,2.805266880655002,1,1,0,9.486,9.486,0.0,0.037409,82.798,0.0,9.486,9.486,0.0,0.037093,82.799,0.0,9.64310213837264,9.980642,72.171616,1.3492632,0.982715,2.06671,1168
8146-3701,1-201317,0.0258345,0.667,0.667,141.0,4.030938623283454,1,1,0,10.487,10.526,0.085,0.026205,86.812,0.0389999999999997,10.484,10.525,0.089,0.026142,86.812,0.04100000000000037,9.942609692332663,10.28015,126.52521,1.1687086,0.495964,4.41769,1168
8616-1902,1-180208,0.0301788,0.692,0.692,187.8,3.7091770409553337,1,1,0,10.66,10.661,0.0,0.039039,63.863,0.0009999999999994458,10.664,10.665,0.0,0.038475,63.277,0.0009999999999994458,10.269274717401613,10.606815,179.97137,1.848503,0.6695,3.16193,1040
8155-1901,1-38510,0.0220554,0.691,0.691,50.6,2.9242336862456484,1,1,0,7.617,9.308,0.98,0.040232,86.698,1.6909999999999998,9.13,9.388,0.448,0.038728,86.698,0.2579999999999991,9.268617749189366,9.606158,35.413044,1.0219038,0.432913,3.44192,1168
8711-1902,1-379008,0.0231706,0.49,0.49,89.1,2.4230729192306075,1,1,0,9.718,9.746,0.06,0.056215,74.468,0.02800000000000047,9.619,9.723,0.214,0.05566,72.333,0.10400000000000098,9.348039921041762,9.68558,83.56678,1.0958929,0.577731,2.59109,1168
8156-6102,1-604153,0.0367145,0.215,0.215,162.9,8.526029874665962,1,1,0,11.155,11.414,0.45,0.019595,2.665,0.25900000000000034,11.15,11.407,0.446,0.019595,2.669,0.2569999999999997,10.6891214237217,11.026662,164.22285,0.9698734,0.885292,6.63828,1040
8077-6102,1-36833,0.0220271,0.807,0.807,72.4,4.979804245990119,1,1,0,9.486,9.791,0.505,0.034586,84.916,0.3049999999999997,9.261,9.763,0.685,0.034401,83.991,0.5020000000000007,9.562134585847543,9.899675,50.855797,0.95264816,0.314032,6.97125,1168
8147-6102,1-163831,0.0631476,0.641,0.641,101.9,8.14860983656745,1,1,2,11.318,11.35,0.07,0.02138,18.249,0.03200000000000003,11.306,11.332,0.059,0.021131,18.258,0.026000000000001577,10.76973834944972,11.107279,91.13225,0.980031,0.907849,6.28399,4672
8719-6102,1-44707,0.0217505,0.603,0.603,68.2,5.783022031100006,1,1,0,9.36,9.842,0.67,0.061837,75.101,0.4820000000000011,9.912,9.912,0.0,0.058459,67.881,0.0,8.994866823015009,9.332407,52.794106,0.89304894,0.588351,6.56498,1168
8461-6102,1-166862,0.0183815,0.714,0.714,63.0,5.274617973108989,1,1,0,9.579,9.665,0.179,0.04466,67.937,0.08599999999999852,9.547,9.669,0.245,0.043826,68.47,0.12199999999999989,9.362872486025605,9.700413,49.279694,0.90942574,0.476708,6.00768,1552
10001-6102,1-48116,0.0261046,0.739,0.739,135.9,6.701887556863912,3,1,0,10.609,10.666,0.125,0.024339,65.121,0.057000000000000384,10.603,10.671,0.145,0.02418,65.121,0.06799999999999962,10.270639247175787,10.60818,113.3604,0.9747585,0.581075,6.40899,1040
8255-6102,1-256203,0.025576,0.614,0.614,72.3,6.206194173178389,1,1,0,10.012,10.169,0.302,0.037769,50.565,0.15700000000000003,9.958,10.185,0.407,0.037197,50.78,0.2270000000000003,9.785104797936652,10.122645,66.166855,0.93393755,0.823123,5.30953,1168
8716-6102,1-548180,0.02364,0.765,0.765,70.9,4.425906091523281,1,1,0,8.942,9.66,0.808,0.045032,83.804,0.718,9.743,9.744,0.002,0.045884,86.789,0.0009999999999994458,9.424043260006975,9.761584,49.027325,0.91517645,0.321342,6.1944,1168
8717-6102,1-121717,0.109778,0.83,0.83,225.1,5.383637885656792,3,1,2,11.461,11.505,0.096,0.062984,56.558,0.04400000000000048,11.426,11.505,0.165,0.062727,56.453,0.07900000000000063,10.987253220730858,11.324794,195.86511,0.92248225,0.596335,6.52442,4096
8711-6102,1-378966,0.0695964,0.8,0.8,165.7,8.21237678209997,3,1,2,11.438,11.516,0.162,0.03642,36.649,0.0779999999999994,11.428,11.523,0.196,0.038009,36.667,0.09499999999999886,10.883576271023156,11.221117,136.30664,0.90128475,0.784101,6.7794,4160
8712-6102,1-567961,0.0646405,0.793,0.793,108.2,6.399207433995335,1,1,2,10.815,10.891,0.161,0.03107,49.06,0.07600000000000051,10.882,10.882,0.0,0.030564,49.102,0.0,10.285944176288814,10.623485,76.6935,0.89239264,0.7106,5.70398,4096
8591-6102,1-197063,0.076489,0.073,0.073,272.3,7.574451615298186,1,1,0,11.535,11.668,0.261,0.029542,41.934,0.13299999999999912,11.532,11.667,0.265,0.029544,43.473,0.1349999999999998,11.154655210636571,11.492196,275.00375,0.92454517,0.91042,5.76755,1040
8949-6102,1-623758,0.0223221,0.365,0.365,90.9,6.3705231101317095,1,1,0,10.079,10.079,0.0,0.035605,64.147,0.0,10.077,10.077,0.0,0.033016,85.581,0.0,9.862589294633805,10.2001295,92.54872,0.9918423,0.775617,4.81366,1040
8333-6102,1-251871,0.102656,0.915,0.915,195.4,7.487369996086812,1,1,2,11.376,11.572,0.364,0.038449,59.801,0.19599999999999973,11.288,11.579,0.488,0.043957,59.846,0.29100000000000037,10.91137123973107,11.248912,133.80408,0.90415955,0.602721,7.18752,4608
8547-6102,1-245670,0.0304662,0.749,0.749,116.3,7.973290158248763,1,1,0,10.556,10.709,0.296,0.019407,53.698,0.15300000000000047,10.434,10.731,0.495,0.018386,53.251,0.2970000000000006,10.224419100384964,10.561959,92.81137,0.9288284,0.605979,7.48269,1168
8978-6102,1-135668,0.0263847,0.743,0.743,101.8,6.824534629697596,1,1,0,10.355,10.418,0.135,0.031417,86.82,0.06299999999999883,10.436,10.437,0.001,0.035935,86.82,0.0009999999999994458,10.103478733439319,10.441019,77.0512,0.93392825,0.361917,8.28845,1168
8987-6102,1-386601,0.0263206,0.525,0.525,64.1,5.44177968001535,1,1,2,9.726,9.803,0.161,0.060226,75.151,0.07699999999999996,9.714,9.788,0.156,0.061339,86.56,0.07399999999999984,9.370685144932091,9.708226,56.91728,0.8840738,0.454054,6.3063,4672
8946-6102,1-279532,0.0247756,0.802,0.802,114.6,5.452337032215946,3,1,0,10.24,10.362,0.245,0.021566,68.958,0.12199999999999989,10.346,10.378,0.069,0.020387,68.923,0.03200000000000003,10.00850649029981,10.346047,86.82965,0.98316926,0.522688,5.82981,1168
8945-6102,1-280104,0.0329081,0.661,0.661,269.3,6.881541458519618,1,1,0,11.324,11.327,0.003,0.024657,86.636,0.0030000000000001137,11.301,11.32,0.039,0.027792,86.636,0.019000000000000128,10.6299831821197,10.967524,242.51721,1.0840515,0.555238,6.62768,1040
8950-6102,1-591006,0.0279027,0.264,0.264,247.1,14.226361355663304,1,1,0,11.402,11.438,0.076,0.005107,60.334,0.036000000000001364,11.369,11.424,0.116,0.005042,75.829,0.054999999999999716,11.160666574663374,11.498207,240.36913,0.9446749,0.713336,16.2456,0
8613-6102,1-177135,0.0863756,0.102,0.102,332.9,12.91789933822721,1,1,0,12.507,13.218,0.805,0.012943,2.568,0.7110000000000003,12.009,12.376,0.57,0.013177,2.887,0.3669999999999991,11.355470676937438,11.693011,326.7311,0.9011382,0.94393,6.46412,0
8553-6102,1-90192,0.0394443,0.098,0.098,205.9,9.859868768798437,2,1,0,11.251,11.281,0.066,0.02311,43.745,0.030000000000001137,11.231,11.264,0.071,0.023271,58.07,0.032999999999999474,10.827393830678412,11.164934,213.41765,0.94038767,0.889768,6.20545,1040
8626-3702,1-24371,0.027777,0.738,0.738,124.5,4.976351795606405,3,1,0,10.477,10.477,0.0,0.035522,69.478,0.0,10.481,10.482,0.001,0.032809,69.36,0.0009999999999994458,10.105142155904003,10.442683,99.778404,1.0150255,0.511425,5.20562,1168
8726-12701,1-163516,0.0286472,0.296,0.296,56.4,15.562313579990409,1,1,0,10.517,10.517,0.0,0.02639,18.361,0.0,10.524,10.524,0.0,0.026628,18.348,0.0,10.222136157441879,10.559677,66.02557,0.92323345,0.802196,13.0539,1040
9029-12701,1-135072,0.0324632,0.64,0.64,112.1,10.677728468055252,1,1,0,10.791,10.868,0.162,0.032879,76.915,0.07699999999999996,10.412,10.826,0.614,0.034799,86.301,0.4139999999999997,10.409892564754344,10.747433,97.83411,0.9216963,0.439908,15.7064,1552
8716-3701,1-605012,0.0641829,0.443,0.443,99.8,6.257761416276804,1,1,2,10.86,10.86,0.0,0.027527,26.892,0.0,10.85,10.895,0.098,0.026195,26.4,0.04499999999999993,10.712802014646014,11.050343,96.72359,0.90637326,0.893359,5.14334,4288
8156-1902,1-202091,0.0253764,0.554,0.554,173.8,4.084381141915449,3,1,0,10.608,10.627,0.041,0.039652,86.82,0.019000000000000128,10.603,10.626,0.051,0.039427,86.82,0.022999999999999687,10.179881982182655,10.517423,170.11003,1.378005,0.587046,3.33268,1040
8567-12704,1-378681,0.0216588,0.775,0.775,76.9,8.659469150564751,3,1,0,9.77,10.175,0.606,0.037091,70.292,0.40500000000000114,9.128,10.164,0.908,0.037091,71.332,1.0359999999999996,9.668786475746352,10.006327,50.92323,0.8577355,0.49585,9.36672,1168
8078-3701,1-36899,0.0244203,0.531,0.531,67.9,4.784050560527269,1,1,0,9.437,9.866,0.628,0.031593,63.202,0.42900000000000027,9.777,9.881,0.212,0.032138,66.362,0.10400000000000098,9.361478517199211,9.699019,58.075294,1.0300676,0.600042,4.76765,1168
8715-12702,1-548172,0.129513,0.282,0.282,245.4,4.307386620659085,1,1,0,11.55,11.588,0.082,0.055728,17.22,0.03799999999999848,11.583,11.594,0.022,0.050804,17.423,0.010999999999999233,11.286577713948542,11.624118,249.71709,0.88273996,0.636688,16.3937,1024
8450-12705,1-489642,0.0428267,0.79,0.79,174.1,10.271246864476216,3,1,0,11.204,11.327,0.246,0.01543,45.218,0.12299999999999933,11.216,11.33,0.231,0.015866,45.233,0.11400000000000077,10.766358556908953,11.103899,151.8067,0.8805961,0.67563,9.21229,1040
8726-1901,1-163594,0.0431378,0.122,0.122,223.7,5.428373256935586,2,1,0,11.111,11.112,0.0,0.036688,55.774,0.0009999999999994458,11.103,11.105,0.001,0.057111,85.23,0.002000000000000668,10.71317625892671,11.050716,232.9167,1.637824,0.843971,3.15915,1040
8611-12703,1-634763,0.027828,0.833,0.833,161.7,8.065535053207306,3,1,0,10.698,10.766,0.145,0.022991,77.078,0.06799999999999962,10.634,10.755,0.242,0.02334,77.087,0.12100000000000044,10.46542449412823,10.802965,110.52455,0.9341252,0.395252,10.9944,1088
8724-12703,1-48053,0.0307551,0.079,0.079,262.5,9.548398044995482,2,1,2,11.336,11.338,0.0,0.020226,86.222,0.0019999999999988916,11.339,11.341,0.0,0.039484,86.222,0.0019999999999988916,10.795706959947163,11.133247,269.40094,0.95248294,0.670552,8.26709,4096
8611-6103,1-23786,0.0275475,0.756,0.756,79.3,6.484424808185585,3,1,2,9.892,10.205,0.513,0.028195,62.682,0.3130000000000006,10.118,10.213,0.197,0.027576,62.546,0.09499999999999886,9.818118956884017,10.15566,56.230312,0.8829007,0.582022,6.60487,4288
8724-12701,1-47305,0.031606,0.839,0.839,105.8,13.667029181241857,3,1,0,10.799,10.933,0.266,0.019977,52.692,0.13400000000000034,10.809,10.936,0.253,0.019892,52.692,0.12700000000000067,10.301652761517804,10.639194,60.942474,0.914631,0.594479,13.0768,1168
8081-12704,1-38138,0.024074,0.616,0.616,80.5,6.820673259992445,1,1,0,9.741,9.912,0.326,0.041019,80.829,0.17100000000000115,9.958,9.958,0.001,0.041958,86.747,0.0,9.235058548756138,9.572599,67.305916,0.8844434,0.316665,9.08797,1168
8934-1901,1-456973,0.0261036,0.754,0.754,67.8,2.313306082682635,1,1,2,9.189,9.522,0.536,0.033124,65.854,0.3330000000000002,9.289,9.54,0.439,0.032725,65.901,0.25099999999999945,9.408485882782717,9.746026,54.901604,1.0372901,0.490678,2.67984,4672
8623-3701,1-178782,0.0269389,0.291,0.291,80.5,5.707049798504972,1,1,0,10.457,10.457,0.0,0.032272,18.438,0.0,10.432,10.432,0.0,0.032141,18.538,0.0,9.998432411271727,10.335973,82.74442,0.98496604,0.828019,4.77327,1168
7960-12704,1-177542,0.0228699,0.797,0.797,96.1,9.661068759868567,3,1,0,10.35,10.42,0.148,0.019791,70.834,0.07000000000000028,10.424,10.424,0.002,0.019572,71.152,0.0,9.858702582948416,10.196243,60.873264,0.9064573,0.453184,10.9038,1040
8719-12704,1-44880,0.022584,0.433,0.433,67.0,5.066072254719164,1,1,2,9.196,9.51,0.515,0.180007,86.814,0.31400000000000006,9.021,9.491,0.661,0.179777,86.814,0.46999999999999886,8.867610068609789,9.205151,41.56266,0.906294,0.242292,10.4641,4672
8450-12704,1-491075,0.0455893,0.463,0.463,224.6,10.581848082893915,1,1,0,11.419,11.482,0.134,0.014902,52.637,0.06299999999999883,11.43,11.479,0.106,0.014857,54.716,0.04899999999999949,11.031052803175989,11.368593,212.11104,0.90321887,0.853217,8.40684,1024
8626-6103,1-24293,0.0303248,0.661,0.661,181.1,6.828947414892625,1,1,0,10.859,10.931,0.152,0.015802,70.267,0.07199999999999918,10.837,10.925,0.183,0.018641,73.64,0.08800000000000097,10.595231596358728,10.932773,160.5664,1.0881813,0.554043,6.36981,1040
9029-12704,1-135285,0.0315763,0.833,0.833,126.4,11.27115821493199,1,1,0,10.775,10.891,0.234,0.019911,52.692,0.11599999999999966,10.844,10.894,0.11,0.018696,52.693,0.05000000000000071,10.454062425538615,10.791603,93.07436,0.8640143,0.651633,10.1204,1040
8948-12701,1-149054,0.0219341,0.745,0.745,103.6,9.946143132137786,3,1,0,10.352,10.446,0.194,0.024468,73.025,0.09399999999999942,10.478,10.479,0.002,0.023658,74.151,0.0009999999999994458,9.728911107084507,10.066452,70.62134,0.90245634,0.411493,11.8639,1040
8616-6103,1-289864,0.0496089,0.166,0.166,286.5,7.093442610552022,2,1,0,11.472,11.488,0.032,0.026487,86.222,0.016000000000000014,11.452,11.485,0.07,0.034343,86.222,0.032999999999999474,10.938076198187016,11.275617,288.16888,0.99510396,0.675675,6.3326,1040
8602-12705,1-211074,0.0318464,0.616,0.616,111.1,22.104333994465204,1,1,0,11.347,11.448,0.208,0.029337,18.273,0.10100000000000087,11.346,11.428,0.173,0.026171,18.27,0.08200000000000074,10.502494034419186,10.8400345,125.463745,0.88324493,0.771174,18.2338,1040
8449-1902,1-488575,0.0223741,0.335,0.335,62.1,2.438403052437076,1,1,0,9.102,9.44,0.541,0.046914,86.698,0.3379999999999992,9.535,9.535,0.0,0.044017,86.698,0.0,9.206920277615072,9.544461,56.846775,1.0007216,0.518654,2.58795,1168
8456-1902,1-167334,0.0243006,0.664,0.664,110.5,3.9889720095673105,1,1,0,10.135,10.215,0.169,0.025306,52.773,0.08000000000000007,10.06,10.215,0.3,0.027045,53.451,0.15499999999999936,10.143483210670063,10.481024,103.074135,1.5141858,0.766022,3.24204,1040
8934-1902,1-457204,0.018743,0.698,0.698,65.8,2.6079347224549023,1,1,0,9.24,9.428,0.351,0.038537,84.489,0.1880000000000006,9.383,9.462,0.166,0.038242,85.149,0.07900000000000063,9.073212294961266,9.410753,53.589195,0.9835162,0.455275,3.07993,1168
8597-1902,1-198125,0.036433,0.468,0.468,134.7,3.2748656215128427,1,1,2,10.346,10.384,0.083,0.041063,67.35,0.038000000000000256,10.267,10.375,0.218,0.039341,66.98,0.10800000000000054,10.119437357412272,10.456978,134.01534,1.2246127,0.73967,3.07921,4096
8987-1902,1-386670,0.0258108,0.653,0.653,147.6,2.7561483908547593,1,1,0,10.226,10.259,0.072,0.025846,86.698,0.032999999999999474,10.188,10.249,0.13,0.026642,86.698,0.06099999999999994,10.008319066729836,10.34586,137.79523,1.4290315,0.58554,2.72686,1168
8943-1902,1-394355,0.0385281,0.168,0.168,199.4,8.016903750062214,1,1,0,11.108,11.125,0.036,0.035625,53.14,0.01699999999999946,11.092,11.114,0.049,0.039372,84.856,0.02200000000000024,10.723728149429277,11.061269,197.46213,0.95122725,0.840135,6.8207,1040
8947-1902,1-174225,0.0260075,0.059,0.059,114.5,3.794078632712036,1,1,0,10.225,10.347,0.244,0.036341,35.472,0.12199999999999989,10.237,10.345,0.219,0.036314,35.435,0.10800000000000054,9.866884895168067,10.204426,115.937,1.1175339,0.931599,2.88056,1168
8931-1902,1-591068,0.0187168,0.669,0.669,84.0,3.197497732453426,1,1,0,9.642,9.74,0.202,0.041095,71.27,0.09800000000000075,9.781,9.789,0.018,0.034849,76.677,0.007999999999999119,9.436264447734334,9.773805,69.65194,1.0674902,0.544582,3.17601,1552
8946-1902,1-613755,0.0607855,0.508,0.508,216.0,5.4333223332369736,3,1,0,11.232,11.301,0.145,0.029036,46.918,0.06900000000000084,11.221,11.28,0.125,0.029247,51.525,0.058999999999999275,10.926047499646977,11.263588,207.7007,1.0951304,0.758258,4.41553,1040
8600-1902,1-210611,0.0269555,0.418,0.418,114.1,3.430766757083816,3,1,0,10.153,10.219,0.14,0.032635,60.741,0.06599999999999895,10.143,10.216,0.153,0.032821,62.282,0.07299999999999862,9.980797563041955,10.318338,111.60895,1.211473,0.696531,2.91409,1168
8945-1902,1-279690,0.034059,0.525,0.525,210.1,5.096366964377287,1,1,0,10.889,10.967,0.162,0.01123,85.091,0.07800000000000118,10.875,10.964,0.181,0.011263,85.629,0.08900000000000041,10.553472800738914,10.891013,206.479,1.4219179,0.830336,3.52219,1040
9042-1902,34-28,0.0187013,0.604,0.604,71.0,4.1792378558705625,3,1,0,9.692,9.712,0.043,0.046531,83.195,0.019999999999999574,9.717,9.717,0.0,0.046434,83.386,0.0,,-9999.0,59.4618,0.95932317,-9999.0,-9999.0,0
8450-1902,1-491220,0.0335024,0.808,0.808,129.5,2.848893005749044,3,1,2,10.276,10.31,0.075,0.039104,65.905,0.034000000000000696,10.245,10.305,0.129,0.040509,66.005,0.0600000000000005,9.912988438607503,10.250529,116.78445,1.13943,0.652929,2.73387,4672
7960-1902,1-177617,0.0363584,0.159,0.159,231.0,5.747953205498778,1,1,0,11.129,11.237,0.218,0.023857,19.962,0.10800000000000054,11.171,11.288,0.235,0.021701,20.208,0.11700000000000088,10.517285651668054,10.854826,233.76157,1.2882701,0.903586,3.72685,1040
8454-1902,1-254532,0.14498,0.13,0.13,228.3,10.148536788906057,1,1,0,11.779,11.795,0.036,0.058011,80.043,0.016000000000000014,11.827,11.827,0.0,0.056074,80.014,0.0,11.195362676441771,11.532904,232.81743,0.96312416,0.804841,3.77024,1024
9041-1902,1-264510,0.0330741,0.698,0.698,91.8,2.800673130659019,1,1,2,9.893,9.989,0.198,0.022121,82.655,0.09600000000000009,9.84,9.977,0.27,0.021353,83.302,0.13700000000000045,9.928329268989414,10.26587,83.59903,1.3211834,0.445999,3.43753,4096
8720-1902,1-351702,0.0167758,0.52,0.52,56.6,3.2811223604257216,1,1,0,9.376,9.538,0.312,0.034977,44.227,0.1620000000000008,9.481,9.522,0.089,0.034449,44.755,0.04100000000000037,9.229786756419653,9.5673275,52.744877,1.1836464,0.760277,2.80515,1040
8567-6103,1-548199,0.0219693,0.2,0.2,56.9,6.589911969791581,1,1,0,9.986,9.986,0.0,0.041597,18.462,0.0,9.889,9.892,0.006,0.040323,18.911,0.0030000000000001137,9.711475689454383,10.049016,59.82472,0.9007764,0.70781,6.79131,1552
8078-6103,1-37213,0.0282334,0.752,0.752,117.5,6.93528225582694,1,1,0,10.349,10.481,0.261,0.018079,59.491,0.13199999999999967,10.231,10.473,0.427,0.018161,59.491,0.24200000000000088,10.377845141283743,10.715385,93.005684,1.198936,0.667088,6.41747,1088
8084-6103,1-38007,0.035737,0.8,0.8,117.0,4.906388044206348,1,1,2,10.468,10.507,0.085,0.037742,77.354,0.0389999999999997,10.457,10.504,0.104,0.037718,77.252,0.04699999999999882,10.118426770718319,10.455967,92.20764,0.9463031,0.415658,5.70284,4608
8461-6103,1-217400,0.0246759,0.729,0.729,92.6,5.816298745236449,1,1,0,10.035,10.169,0.266,0.025159,72.587,0.13400000000000034,10.086,10.176,0.187,0.025042,72.783,0.08999999999999986,9.900988353471257,10.238529,76.278206,0.90249735,0.508357,6.44366,1168
8718-6103,1-45016,0.0550591,0.073,0.073,213.9,7.344839209993407,1,1,0,11.299,11.385,0.178,0.02669,48.415,0.0860000000000003,11.316,11.382,0.14,0.026534,49.32,0.06599999999999895,10.836901735585693,11.174442,214.0051,1.001875,0.841541,5.38361,1040
8725-6103,1-73028,0.0469224,0.123,0.123,260.7,6.842629223307715,1,1,0,11.325,11.36,0.073,0.029126,86.055,0.03500000000000014,11.314,11.359,0.096,0.03219,86.055,0.04499999999999993,10.761069672765522,11.09861,265.04846,0.9822456,0.724766,5.35631,1040
10001-6103,1-48208,0.0406264,0.42,0.42,131.8,6.667440670629958,1,1,2,10.639,10.639,0.0,0.03131,80.043,0.0,10.639,10.639,0.0,0.031141,80.043,0.0,10.50156724026579,10.8391075,135.40704,0.9233061,0.864315,5.57431,4288
8456-6103,1-167342,0.101413,0.242,0.242,214.1,6.110016000399002,1,1,0,11.55,11.55,0.0,0.050407,33.329,0.0,11.516,11.542,0.058,0.04571,32.846,0.0259999999999998,11.09855028189236,11.43609,218.82428,0.9027188,0.950189,5.49236,1040
8715-6103,1-379045,0.0224141,0.834,0.834,95.4,4.485796329015481,3,1,0,10.029,10.048,0.043,0.038194,86.789,0.019000000000000128,10.057,10.057,0.0,0.038548,86.789,0.0,9.688493681381646,10.026034,68.45777,0.95334697,0.319836,6.28186,1168
8462-6103,1-232536,0.0196764,0.695,0.695,199.5,3.7657444268895977,3,1,2,10.52,10.548,0.057,0.020281,86.636,0.02800000000000047,10.544,10.554,0.018,0.022356,86.636,0.009999999999999787,10.189967298351272,10.527508,178.31693,1.2898865,0.574833,5.34091,4096
8449-6103,1-613211,0.0322596,0.583,0.583,252.6,7.83334213630319,1,1,0,11.223,11.354,0.259,0.01535,46.269,0.13099999999999845,11.204,11.35,0.284,0.01532,46.03,0.14599999999999902,10.656122169038136,10.993663,224.8107,1.1055081,0.814284,5.6616,1040
8338-6103,1-489932,0.0332897,0.883,0.883,98.8,4.280588441980345,3,1,2,10.04,10.124,0.176,0.043684,81.132,0.0840000000000014,9.913,10.102,0.352,0.043336,80.918,0.18900000000000006,9.687673404760403,10.025214,58.378826,0.90021706,0.253383,6.73325,4096
8262-6103,1-282043,0.0239903,0.722,0.722,170.4,5.481422308574929,3,1,2,10.574,10.662,0.183,0.009862,69.726,0.08800000000000097,10.527,10.655,0.254,0.013447,71.189,0.1280000000000001,10.361350024352266,10.698891,151.36644,1.1391232,0.566354,5.33817,4096
8450-6103,1-489649,0.0406226,0.696,0.696,157.6,7.629908754005031,1,1,0,10.939,11.053,0.232,0.017739,56.158,0.11400000000000077,10.938,11.069,0.26,0.016655,56.158,0.13100000000000023,10.582685935770023,10.920226,138.49606,0.9254232,0.586969,6.79888,1040
8454-6103,1-167356,0.102771,0.097,0.097,197.3,6.557414064564863,1,1,2,11.341,11.404,0.135,0.038343,80.043,0.06300000000000061,11.414,11.414,0.0,0.033032,73.223,0.0,11.082505321616768,11.420046,201.39813,0.9286874,0.849844,7.23177,4224
8716-6103,1-379380,0.0711722,0.838,0.838,201.6,6.690029284477445,3,1,2,11.337,11.358,0.046,0.037937,63.663,0.021000000000000796,11.329,11.36,0.068,0.038036,63.653,0.030999999999998806,10.842282147631577,11.179823,166.1012,0.8927025,0.600484,6.76022,4160
8714-6103,1-548196,0.0788339,0.103,0.103,225.4,7.92952179467958,1,1,0,11.428,11.53,0.208,0.026985,80.043,0.10199999999999854,11.464,11.535,0.149,0.027424,80.039,0.07099999999999973,11.117466849900154,11.455008,229.4152,0.9279911,0.897009,7.43499,1040
8952-6103,1-626829,0.0362095,0.783,0.783,106.8,6.61394608543628,1,1,2,10.375,10.406,0.068,0.02967,76.131,0.031000000000000583,10.446,10.446,0.0,0.024491,78.298,0.0,10.253558489515122,10.591099,85.66248,0.9171049,0.525359,7.52388,4224
8934-6103,1-404200,0.0237803,0.842,0.842,69.7,3.10519689433935,1,1,0,9.216,9.52,0.503,0.036122,81.84,0.30400000000000027,9.516,9.593,0.162,0.033594,84.001,0.07699999999999996,9.389201535528333,9.726742,42.055958,0.9274846,0.294112,4.76169,1168
8979-6103,1-569077,0.13825,0.815,0.815,183.1,4.210133619876787,3,1,0,11.292,11.355,0.135,0.07518,52.692,0.06300000000000061,11.279,11.36,0.171,0.074417,52.962,0.08099999999999952,11.256231718384534,11.593772,173.40656,0.9235575,0.375044,18.5906,1024
8595-6103,1-246036,0.0701607,0.638,0.638,102.5,8.362067953874067,1,1,2,11.118,11.217,0.204,0.026828,31.615,0.0990000000000002,11.04,11.232,0.357,0.026933,31.678,0.19200000000000017,10.528948821462677,10.866489,83.23857,0.8518996,0.820779,7.19889,4608
8942-6103,1-218430,0.0200033,0.587,0.587,68.4,4.512710205943893,1,1,0,9.442,9.642,0.369,0.031598,86.749,0.1999999999999993,9.485,9.654,0.323,0.032255,86.749,0.16900000000000048,9.068979486764224,9.40652,57.936684,1.0532436,0.346916,6.46905,1168
8948-6103,1-148949,0.0258115,0.44,0.44,127.1,2.221259342891245,1,1,2,10.047,10.077,0.066,0.038008,55.38,0.02999999999999936,10.093,10.094,0.0,0.034701,57.634,0.0009999999999994458,9.647381991972793,9.984922,125.94602,1.3935225,0.783273,1.82329,4240
8939-6103,1-298708,0.094888,0.087,0.087,260.3,6.387604985419563,1,1,2,11.506,11.617,0.225,0.02155,82.799,0.11100000000000065,11.509,11.618,0.22,0.02392,82.798,0.10899999999999999,11.02383250359534,11.361373,261.31705,0.9967377,0.815961,5.30313,4096
8945-6103,1-279329,0.0537137,0.713,0.713,197.1,6.61214355901664,3,1,2,11.134,11.158,0.054,0.033403,66.453,0.023999999999999133,11.122,11.167,0.099,0.032215,68.005,0.04499999999999993,10.710035239287308,11.047576,169.80176,0.9063442,0.535685,6.9996,4160
8980-6103,1-236039,0.0305962,0.404,0.404,173.1,8.320139734706808,1,1,0,10.941,10.996,0.117,0.016479,59.323,0.054999999999999716,10.872,10.963,0.187,0.019267,72.713,0.0909999999999993,10.627308493155944,10.964849,170.41542,0.94586813,0.751315,6.80471,1040
8597-6103,1-246947,0.0244355,0.772,0.772,84.6,8.591550896673397,1,1,0,10.182,10.278,0.198,0.026599,62.781,0.09600000000000009,10.031,10.271,0.425,0.027722,62.827,0.2400000000000002,9.947698335410562,10.285239,61.97424,0.8864193,0.617001,7.98413,1040
8950-6103,1-456937,0.0279834,0.712,0.712,144.7,6.126552890254383,3,1,0,10.683,10.699,0.035,0.023609,78.079,0.016000000000000014,10.684,10.695,0.025,0.022713,78.06,0.011000000000001009,10.466504321178615,10.804045,125.010864,1.1548749,0.496237,6.21301,1024
8931-6103,1-591183,0.022767,0.099,0.099,108.0,7.028213212005068,2,1,0,10.9,10.901,0.0,0.029849,2.584,0.0009999999999994458,10.936,10.936,0.0,0.028747,2.579,0.0,10.071440127177887,10.40898,113.56155,0.943004,0.722781,6.14826,1040
9029-6103,1-135227,0.0304491,0.783,0.783,79.9,6.155558103045885,1,1,2,10.249,10.249,0.0,0.053979,52.817,0.0,10.247,10.247,0.0,0.054379,52.859,0.0,9.72121191469626,10.058752,64.75857,0.8990825,0.672214,5.6132,4672
9026-6103,1-94785,0.0317164,0.746,0.746,130.8,4.65395909702273,3,1,2,10.483,10.515,0.072,0.03472,80.791,0.03200000000000003,10.472,10.514,0.092,0.034658,80.791,0.041999999999999815,10.116252327115467,10.453793,104.64165,0.9239054,0.427003,5.41696,4288
8613-6103,1-176444,0.0302524,0.173,0.173,170.9,8.892345615935497,1,1,0,10.884,10.917,0.072,0.033399,57.721,0.032999999999999474,10.873,10.895,0.049,0.03518,86.055,0.02200000000000024,10.330038169482286,10.667579,175.7853,0.8885277,0.77743,6.53121,1040
9041-6103,1-264599,0.096097,0.099,0.099,240.1,6.508624630738013,1,1,0,11.506,11.548,0.09,0.046343,39.215,0.041999999999999815,11.758,11.871,0.227,0.046218,2.68,0.11300000000000132,11.116338716849425,11.453879,247.48724,0.9248881,0.856821,6.75052,1040
8338-1902,1-588894,0.0354279,0.66,0.66,222.8,4.351255814556476,3,1,0,10.94,10.965,0.054,0.02726,85.701,0.025000000000000355,10.895,10.956,0.127,0.028397,86.789,0.06099999999999994,10.705010529115567,11.042551,201.00871,1.7938977,0.569438,3.68617,1040
8145-1901,1-201356,0.0234804,0.698,0.698,101.9,4.214089159059818,3,1,0,10.109,10.172,0.135,0.036001,45.241,0.06300000000000061,10.159,10.159,0.001,0.034054,45.261,0.0,9.831354583613088,10.168895,92.63829,1.0244337,0.760215,3.71397,1552
8462-12701,1-301244,0.0224688,0.69,0.69,76.0,8.477030241296083,1,1,0,10.089,10.134,0.099,0.02953,71.568,0.04499999999999993,10.051,10.129,0.164,0.029523,73.704,0.0779999999999994,9.419618750571349,9.757159,57.57363,0.9317332,0.485414,9.28393,1168
8602-6104,1-211077,0.0296549,0.73,0.73,125.7,6.979197944545635,3,1,0,10.62,10.669,0.107,0.027284,62.76,0.049000000000001265,10.636,10.666,0.067,0.02659,62.76,0.030000000000001137,10.278362559924245,10.615903,105.20026,0.92177564,0.727872,5.8584,1168
8615-6104,1-179947,0.0346836,0.625,0.625,192.1,7.801983926675644,1,1,0,10.975,10.976,0.0,0.031311,56.078,0.0010000000000012221,10.983,10.984,0.0,0.030068,56.889,0.0009999999999994458,10.615587111675472,10.953128,186.67093,1.0339952,0.72307,5.3473,1040
8591-12705,1-245404,0.0407302,0.794,0.794,94.7,12.136294678585333,1,1,2,10.943,11.301,0.562,0.017376,25.788,0.35800000000000054,10.972,11.289,0.517,0.016311,25.791,0.31700000000000017,10.361085360488826,10.698626,68.67921,0.882909,0.886297,9.48464,4288
8602-3701,1-211264,0.0305319,0.71,0.71,87.6,5.079526878016388,1,1,2,10.107,10.321,0.389,0.027162,50.117,0.2140000000000004,10.113,10.32,0.379,0.027162,50.135,0.20700000000000074,9.884383523250026,10.221924,74.71631,0.9307323,0.722426,4.40539,4608
8623-12702,1-635285,0.0267675,0.787,0.787,121.0,9.46273196283003,3,1,0,10.621,10.683,0.133,0.025682,83.863,0.06199999999999939,10.643,10.689,0.1,0.025718,83.863,0.045999999999999375,10.230699207239434,10.56824,80.813995,0.9278306,0.282359,13.9584,1040
8449-12704,1-574686,0.0207039,0.644,0.644,83.5,12.132979455776676,1,1,0,10.175,10.316,0.278,0.024231,69.871,0.14100000000000001,10.076,10.324,0.436,0.02437,70.359,0.24799999999999933,9.515284233155338,9.852825,62.884933,0.85847116,0.494881,12.731,1040
8147-12703,1-146028,0.0266183,0.731,0.731,80.5,9.126981231635138,1,1,0,9.838,10.752,0.878,0.012489,26.629,0.9140000000000015,9.56,10.773,0.939,0.012352,26.583,1.2129999999999992,10.032155212388782,10.369696,57.417118,1.0000725,0.862577,8.66279,1040
8592-3701,1-246203,0.0370798,0.516,0.516,235.8,6.540418698657193,1,1,0,11.128,11.185,0.121,0.0159,64.608,0.057000000000000384,11.102,11.181,0.165,0.01624,77.032,0.07899999999999885,10.530613298002166,10.868154,219.21065,0.9949791,0.763412,5.18805,1040
8715-1901,1-378728,0.0235647,0.681,0.681,73.5,6.513920074014424,1,1,0,9.39,10.162,0.831,0.036244,66.073,0.7720000000000002,9.527,10.145,0.759,0.036349,66.008,0.6180000000000003,9.781282058868248,10.118823,54.471256,0.92197025,0.530181,6.81628,1168
8081-6104,1-38136,0.0366898,0.763,0.763,191.6,7.017281888428129,3,1,0,11.003,11.079,0.159,0.024819,62.041,0.07600000000000051,11.019,11.08,0.13,0.024376,62.085,0.06099999999999994,8.8133667905493,9.1509075,161.87321,0.9612276,0.602445,5.93746,1024
8946-12702,1-613949,0.0344067,0.493,0.493,137.9,14.590042887110592,1,1,0,11.333,11.473,0.276,0.019881,18.391,0.14000000000000057,11.329,11.414,0.177,0.018404,18.401,0.08499999999999908,10.801252057822973,11.138793,142.50223,0.8573033,0.940759,11.96,1040
8616-12704,1-635647,0.0500268,0.859,0.859,161.5,12.072954780251989,3,1,0,11.323,11.365,0.093,0.025462,56.158,0.041999999999999815,11.356,11.356,0.0,0.02412,56.159,0.0,10.798223045050456,11.135764,113.77112,0.87499756,0.634266,11.6104,1040
8149-12704,1-145922,0.026607,0.086,0.086,144.4,12.641160978530824,1,1,0,10.934,10.94,0.012,0.016926,20.514,0.006000000000000227,10.91,10.935,0.055,0.017028,20.97,0.025000000000000355,10.431608187073248,10.769149,147.3296,0.98758006,0.986297,9.22537,1024
8626-6104,1-24416,0.0281076,0.6,0.6,142.8,6.960115255118291,1,1,0,10.725,10.772,0.102,0.025107,56.495,0.0470000000000006,10.705,10.771,0.14,0.025559,56.675,0.06600000000000072,10.330565952693819,10.668107,133.44328,0.96583337,0.658154,6.28735,1040
8084-12705,1-38381,0.0251766,0.833,0.833,117.3,7.618809326427318,3,1,0,10.372,10.478,0.217,0.016084,80.829,0.10599999999999987,10.407,10.487,0.169,0.015008,80.829,0.08000000000000007,10.06324326259255,10.400784,83.39403,0.9429165,0.336295,9.28398,1552
8726-12703,1-163511,0.0182024,0.526,0.526,76.1,7.320401556989959,1,1,0,9.699,9.861,0.31,0.0461,74.235,0.1620000000000008,9.609,9.858,0.436,0.045789,74.673,0.24900000000000055,9.119582477344998,9.457123,61.715134,0.9025077,0.396415,8.51469,1168
8711-12704,1-379216,0.0410145,0.071,0.071,168.8,12.113607435352966,1,1,0,11.235,11.235,0.0,0.032197,4.995,0.0,11.252,11.261,0.021,0.032202,3.902,0.008999999999998565,10.870866048306766,11.208406,174.98141,0.8800125,0.878947,9.61186,1040
8145-1902,1-556501,0.0271584,0.732,0.732,172.6,3.2303507859830645,1,1,0,10.489,10.49,0.0,0.040126,72.944,0.0009999999999994458,10.496,10.501,0.009,0.032994,75.617,0.004999999999999005,10.170777866857682,10.508319,148.90811,1.3682302,0.653233,3.60575,1168
7960-1901,1-561016,0.109289,0.344,0.344,285.0,5.480931193025171,1,1,0,11.789,12.035,0.432,0.032141,19.171,0.24600000000000044,11.82,11.934,0.231,0.029908,19.554,0.11399999999999899,11.15422915123933,11.49177,285.5689,1.1544522,0.941387,3.22012,1040
8146-1901,1-201355,0.0270561,0.354,0.354,85.9,4.0967703236713096,1,1,0,10.07,10.119,0.107,0.036233,26.456,0.04899999999999949,9.937,10.139,0.372,0.034783,26.414,0.20199999999999996,9.906796571135985,10.244337,85.7549,1.4427475,0.92292,2.92598,1168
8338-3701,1-491200,0.0321216,0.36,0.36,132.3,5.504321318184932,1,1,0,10.396,10.397,0.0,0.026292,46.273,0.0009999999999994458,10.388,10.389,0.0,0.025487,83.227,0.0009999999999994458,10.270553070472536,10.608093,135.29962,0.9882457,0.898778,4.45903,1168
8713-1901,1-43541,0.0255748,0.564,0.564,111.9,3.6249883129750264,1,1,0,10.095,10.172,0.162,0.039819,65.854,0.07699999999999996,9.961,10.158,0.363,0.047252,69.238,0.19699999999999918,9.776453463823474,10.113994,102.86758,1.0864437,0.670623,3.11736,1168
8568-1901,1-273933,0.0441818,0.451,0.451,217.1,5.352357921875176,3,1,0,11.113,11.133,0.043,0.034538,51.662,0.019999999999999574,11.097,11.114,0.037,0.034643,69.373,0.017000000000001236,10.776039070372358,11.11358,214.40042,1.3801384,0.824894,3.62421,1040
8081-3701,1-37679,0.115262,0.403,0.403,299.6,4.813036085346055,1,1,0,11.586,11.718,0.26,0.018831,85.581,0.13199999999999967,11.568,11.713,0.281,0.019219,85.581,0.14499999999999957,11.215698355120976,11.553239,289.78275,1.0614302,0.811732,3.98475,1040
8595-12704,1-246383,0.0889618,0.153,0.153,220.9,10.439850214612626,1,1,0,12.203,12.662,0.652,0.04573,2.569,0.4590000000000014,12.131,12.538,0.608,0.045703,2.573,0.40700000000000003,11.16607471735708,11.503615,229.67838,0.8828426,0.704216,15.8386,1024
8616-3701,1-289841,0.0301797,0.536,0.536,185.7,6.700359676049037,1,1,0,10.874,10.933,0.125,0.015201,86.357,0.058999999999999275,10.857,10.932,0.157,0.017048,86.357,0.07500000000000107,10.617411362592891,10.954952,177.69453,1.343542,0.677827,4.96874,1040
8602-12704,1-211073,0.0594039,0.109,0.109,205.4,10.316456580428316,1,1,0,11.487,11.487,0.0,0.021696,23.347,0.0,11.467,11.467,0.0,0.022742,26.632,0.0,11.016795247263092,11.354336,216.35774,0.8835851,0.844742,8.63691,1040
8724-12704,1-47474,0.0306973,0.703,0.703,53.2,4.670159481895853,1,1,2,7.832,9.619,0.984,0.059713,86.749,1.787,9.786,9.786,0.0,0.059097,86.749,0.0,9.40166069485732,9.739202,42.406746,0.8571861,0.388968,9.10242,4096
8458-12704,1-166908,0.0159262,0.595,0.595,68.3,8.832881798270849,1,1,0,8.363,10.188,0.985,0.048926,41.103,1.825000000000001,8.779,10.215,0.963,0.047942,41.103,1.436,8.968156871819108,9.305697,50.39051,0.8719551,0.770404,7.94815,1168
8655-6104,1-638033,0.0266337,0.392,0.392,228.5,5.273187849477278,1,1,0,10.897,10.931,0.071,0.02351,86.357,0.03399999999999892,10.896,10.926,0.063,0.030478,86.357,0.02999999999999936,10.335469936397395,10.673011,237.7023,2.387092,0.775033,2.46585,1040
8566-6104,1-43374,0.040056,0.056,0.056,197.6,10.031589206852008,1,1,0,11.185,11.282,0.2,0.02424,82.797,0.09699999999999953,11.197,11.284,0.181,0.024448,82.485,0.08700000000000152,10.717873459122696,11.055414,200.59111,0.9067937,0.918184,6.66849,1040
8155-6104,1-38553,0.0260017,0.747,0.747,78.8,6.172491842921598,1,1,0,9.904,10.221,0.517,0.03355,53.124,0.31700000000000017,10.014,10.219,0.377,0.033521,53.213,0.20500000000000007,9.718456014961808,10.055997,54.8681,0.8925483,0.673013,5.83896,1168
8721-6104,1-48884,0.0813249,0.398,0.398,213.0,7.470863588558352,3,1,0,12.3,12.316,0.034,0.045482,2.566,0.016000000000000014,12.294,12.308,0.033,0.043785,2.566,0.013999999999999346,11.111309570883153,11.448851,230.73764,0.98404,0.914093,6.63565,1040
8458-6104,1-545654,0.0261542,0.229,0.229,108.7,7.215767319216625,1,1,0,10.388,10.52,0.263,0.038645,43.043,0.13199999999999967,10.375,10.485,0.223,0.039576,45.256,0.10999999999999943,9.930001511259125,10.267542,110.52154,0.9146802,0.854471,5.90968,1168
10001-6104,1-55529,0.0672827,0.088,0.088,238.5,6.657604927670403,1,1,0,11.385,11.421,0.078,0.03295,86.222,0.03599999999999959,11.403,11.423,0.042,0.063819,86.222,0.019999999999999574,10.996463073984078,11.334003,242.4591,0.93284094,0.630574,6.41087,1040
8456-6104,1-167356,0.102771,0.092,0.092,200.3,6.917728437504452,1,1,2,11.368,11.418,0.107,0.036045,80.043,0.049999999999998934,11.434,11.435,0.0,0.033576,39.324,0.0010000000000012221,11.082505321616768,11.420046,204.60258,0.95521516,0.849844,7.23177,4224
8715-6104,1-351919,0.0175332,0.128,0.128,204.9,14.399628485686812,2,1,0,11.042,11.049,0.013,0.003659,53.824,0.006999999999999673,11.0,11.037,0.078,0.003672,85.23,0.03700000000000081,10.594464374312093,10.932005,203.42967,0.9217147,0.840896,13.3858,16384
8568-6104,1-394404,0.0455334,0.802,0.802,174.2,6.879587192440906,3,1,2,11.03,11.11,0.169,0.027454,55.665,0.08000000000000007,11.037,11.108,0.15,0.027456,55.793,0.07099999999999973,10.571726296383071,10.909266,140.20903,0.8986934,0.699502,6.30375,4160
8255-6104,1-256234,0.0755929,0.194,0.194,240.0,7.099875970550394,1,1,0,11.515,11.516,0.0,0.033665,59.157,0.0009999999999994458,11.518,11.531,0.027,0.034374,27.361,0.0129999999999999,11.05677530559286,11.394316,246.14977,0.9374282,0.974665,5.59819,1040
8449-6104,1-488783,0.0229141,0.803,0.803,67.0,3.673106321124494,1,1,0,7.622,9.505,0.987,0.04471,80.829,1.883000000000001,7.977,9.542,0.973,0.042182,80.829,1.5649999999999995,9.243184443292204,9.580725,47.071342,0.8640477,0.350738,5.72014,1168
8262-6104,1-258653,0.0383413,0.482,0.482,201.8,7.931892145792381,1,1,0,11.08,11.158,0.164,0.015432,72.751,0.0779999999999994,11.073,11.151,0.164,0.015732,86.285,0.0779999999999994,10.837963864897418,11.175505,194.43875,1.0359204,0.720784,6.01499,1040
8450-6104,1-491229,0.0392908,0.356,0.356,149.4,10.699091830611216,3,1,0,11.107,11.107,0.0,0.028132,18.623,0.0,11.12,11.12,0.0,0.027797,18.644,0.0,10.6770281160955,11.014568,153.83754,0.9080877,0.9744,6.3921,1040
8716-6104,1-379490,0.0412819,0.056,0.056,176.9,8.17754519936218,1,1,0,11.051,11.069,0.039,0.037981,78.508,0.018000000000000682,11.046,11.07,0.052,0.037956,73.532,0.02400000000000091,10.61776964039683,10.95531,180.9623,0.9222164,0.849756,7.22871,1040
8711-6104,1-379243,0.0186043,0.663,0.663,65.7,4.664410387610342,1,1,0,9.501,9.68,0.337,0.028654,86.698,0.17900000000000027,9.731,9.732,0.001,0.02818,86.698,0.0009999999999994458,9.572922692663678,9.910463,54.769825,0.99091405,0.468628,5.39463,1040
8591-6104,1-245774,0.0425797,0.742,0.742,122.9,7.2421220852288,1,1,2,10.676,10.866,0.355,0.023273,41.263,0.1899999999999995,10.689,10.867,0.336,0.022858,41.305,0.17800000000000082,10.507272824545067,10.844813,102.55231,0.9107203,0.838419,5.94344,4096
8592-6104,1-208313,0.0262898,0.886,0.886,65.1,2.507961778441441,1,1,2,9.436,9.526,0.187,0.06389,72.986,0.08999999999999986,9.428,9.527,0.204,0.064451,73.534,0.09899999999999842,9.467067675822879,9.804608,50.707577,0.91051334,0.308124,6.93824,4288
8949-6104,1-456658,0.0211264,0.521,0.521,49.0,4.095272308854079,1,1,0,7.366,9.248,0.987,0.081157,86.636,1.8819999999999997,8.152,9.371,0.94,0.074304,86.636,1.2190000000000012,8.977483076696911,9.315023,30.476557,0.9182298,0.44425,5.95528,1168
8952-6104,1-405999,0.0282108,0.2,0.2,65.7,9.406382899190929,1,1,0,10.313,10.313,0.0,0.021179,18.692,0.0,10.247,10.247,0.0,0.021204,19.363,0.0,9.93610992230772,10.27365,65.31507,0.90054166,0.961774,7.38789,1040
8934-6104,1-404135,0.0264418,0.444,0.444,171.1,4.995288630911118,1,1,0,10.609,10.7,0.188,0.018303,45.379,0.0909999999999993,10.593,10.684,0.186,0.019084,46.924,0.0909999999999993,10.287604685677596,10.625145,172.59087,1.3167402,0.83292,3.82942,1040
8979-6104,1-210116,0.0386498,0.7,0.7,95.6,14.702808753486059,1,1,0,10.914,11.171,0.447,0.021195,41.274,0.2569999999999997,10.942,11.157,0.391,0.020797,41.285,0.21499999999999986,10.4982609172981,10.835801,72.537025,0.8692132,0.774566,12.4555,1040
8595-6104,1-246027,0.0436696,0.15,0.15,132.1,10.399381379359655,2,1,0,11.765,11.765,0.0,0.037839,2.566,0.0,11.758,11.758,0.0,0.037489,2.566,0.0,10.629599179252866,10.96714,145.86674,0.94675356,0.883827,7.30737,1040
8942-6104,1-218444,0.0200552,0.664,0.664,89.9,4.544185474589126,1,1,0,9.928,10.037,0.22,0.014689,67.392,0.10899999999999999,9.943,10.037,0.193,0.014596,66.888,0.0940000000000012,9.792367872696198,10.129909,82.67981,1.2742089,0.738655,4.10677,1552
8947-6104,1-149580,0.048674,0.141,0.141,250.6,8.265778856766312,1,1,0,11.317,11.463,0.283,0.028746,37.532,0.14599999999999902,11.275,11.446,0.325,0.031506,80.043,0.17099999999999937,10.830105993692817,11.167646,251.51976,0.9452932,0.93864,5.90674,1040
8945-6104,1-279675,0.0338399,0.162,0.162,128.4,17.430645517146992,1,1,0,11.728,11.728,0.0,0.031048,2.566,0.0,11.746,11.746,0.0,0.030509,2.566,0.0,10.528260908991754,10.865802,142.68593,0.9169728,0.802209,7.36856,1040
8980-6104,1-321982,0.0502706,0.759,0.759,164.2,7.478544704890275,3,1,0,11.119,11.164,0.098,0.027007,49.499,0.04499999999999993,11.109,11.169,0.13,0.027806,49.584,0.0600000000000005,10.688258711587508,11.0258,136.18065,0.9229901,0.734409,6.05078,1040
8950-6104,1-456936,0.0206079,0.518,0.518,116.1,5.909652611946771,1,1,0,10.265,10.326,0.129,0.034397,74.307,0.06099999999999994,10.278,10.316,0.082,0.04136,86.636,0.038000000000000256,9.829003201402028,10.166544,110.178,0.9452093,0.626804,5.3771,1040
8931-6104,1-456355,0.024506,0.732,0.732,65.1,4.914788548810419,1,1,0,9.793,9.81,0.038,0.061744,68.838,0.017000000000001236,9.848,9.848,0.0,0.058302,71.099,0.0,9.40475676786764,9.742297,45.293694,0.8968733,0.465457,5.86878,1168
9029-6104,1-134695,0.0304438,0.656,0.656,75.0,4.029190491641305,1,1,2,9.525,9.916,0.593,0.09026,77.866,0.391,9.975,9.984,0.021,0.085662,77.866,0.009000000000000341,9.405021756193085,9.742562,56.367405,0.90044445,0.368419,5.64757,4672
9026-6104,1-94717,0.0310687,0.677,0.677,181.7,6.182204741453828,3,1,0,10.848,10.88,0.07,0.025832,82.719,0.03200000000000003,10.851,10.885,0.073,0.02415,83.329,0.03399999999999892,10.47507380430228,10.812614,169.39401,1.0694343,0.425652,7.11801,1040
8613-6104,1-177145,0.0852592,0.266,0.266,226.6,6.683650131459217,1,1,0,11.537,11.551,0.032,0.042641,18.506,0.013999999999999346,11.541,11.552,0.023,0.042568,18.634,0.010999999999999233,11.105901724811146,11.443442,227.6994,0.9155941,0.937926,5.53902,1040
8611-3701,1-25676,0.0277941,0.465,0.465,148.5,7.30830292654517,3,1,0,10.874,10.907,0.073,0.029797,26.283,0.032999999999999474,10.868,10.876,0.019,0.029925,26.431,0.007999999999999119,10.350441856535062,10.687983,154.40375,1.1344644,0.806615,4.63472,1040
8717-12701,1-604835,0.0285111,0.81,0.81,89.4,7.653684853697971,1,1,2,10.071,10.25,0.339,0.035424,83.5,0.17900000000000027,9.977,10.237,0.45,0.035761,83.696,0.2599999999999998,9.916083719247055,10.253624,54.54073,0.89071697,0.240041,12.5335,4288
8602-9101,1-248973,0.0172902,0.695,0.695,67.0,6.905129253690869,1,1,0,9.605,9.835,0.411,0.025001,67.861,0.23000000000000043,8.703,9.802,0.92,0.024114,68.257,1.0990000000000002,9.243075272332325,9.580616,52.036724,0.8715992,0.595102,7.17895,1040
8615-9101,1-179556,0.033224,0.87,0.87,135.2,6.447678166006067,3,1,2,10.577,10.643,0.14,0.027855,78.571,0.06600000000000072,10.599,10.646,0.102,0.028073,78.724,0.0470000000000006,10.17878420432857,10.516325,92.127464,0.8850326,0.34659,8.21595,4224
8626-12702,1-634795,0.0293613,0.792,0.792,105.2,7.9480705815104455,1,1,0,10.324,10.392,0.144,0.026213,72.056,0.06799999999999962,10.336,10.407,0.149,0.024725,73.885,0.07099999999999973,10.266753665530885,10.604294,87.68786,0.879092,0.512013,8.68575,1552
8147-1902,1-145741,0.0154964,0.332,0.332,52.2,3.221568055132553,1,1,0,9.391,9.466,0.157,0.045414,18.257,0.07499999999999929,9.367,9.476,0.221,0.045393,18.209,0.10899999999999999,8.98156900859869,9.31911,51.684067,1.1789482,0.852821,2.57814,1168
8724-12705,1-48460,0.0247886,0.864,0.864,101.1,6.91272858986739,3,1,0,9.906,10.228,0.524,0.020223,83.675,0.3219999999999992,10.269,10.302,0.072,0.019163,83.752,0.032999999999999474,9.670120557747419,10.007661,55.140343,0.8810595,0.217324,11.0238,1168
8728-12702,1-51886,0.0332081,0.784,0.784,195.4,7.54084992685902,3,1,0,10.919,11.038,0.237,0.00921,72.12,0.11899999999999977,10.881,11.032,0.292,0.009182,72.233,0.1509999999999998,10.708055293004026,11.045596,161.1171,0.9970309,0.479728,8.05662,1040
8945-12702,1-615167,0.0250173,0.636,0.636,88.6,14.240683287741243,1,1,0,10.375,10.593,0.395,0.017092,60.131,0.21799999999999997,10.034,10.585,0.719,0.016921,60.153,0.5510000000000002,9.912488292579072,10.250029,68.87297,0.8657788,0.686678,13.8578,1040
8655-3701,1-29512,0.0711797,0.555,0.555,132.4,4.573004536808312,1,1,2,10.73,10.73,0.0,0.034777,65.401,0.0,10.735,10.736,0.001,0.030746,64.189,0.0010000000000012221,10.72895083075971,11.066491,128.00687,1.205131,0.690315,4.04969,4672
8952-3701,1-458459,0.0235495,0.75,0.75,117.2,4.33447291467765,1,1,0,10.24,10.329,0.184,0.020421,71.936,0.08900000000000041,10.252,10.325,0.156,0.019315,72.046,0.07299999999999862,9.936842354919227,10.274383,96.58776,1.0732322,0.578614,4.64856,1168
8454-12703,1-608252,0.0307213,0.562,0.562,93.9,11.68630263359521,1,1,0,10.145,10.716,0.731,0.011784,49.285,0.5709999999999997,9.441,10.704,0.945,0.01161,50.639,1.263,10.349429066885829,10.68697,79.12403,0.94115794,0.857109,9.79768,1040
8611-9101,1-25632,0.0270181,0.595,0.595,97.6,7.734014440424776,1,1,0,10.325,10.559,0.416,0.019423,49.582,0.23399999999999999,10.371,10.541,0.324,0.019031,49.701,0.16999999999999993,10.149246832695084,10.486788,85.96683,0.89498436,0.731597,7.19783,1552
8456-1901,1-147547,0.0236803,0.487,0.487,129.6,4.33552593564227,1,1,0,10.311,10.315,0.01,0.037413,85.23,0.0039999999999995595,10.308,10.315,0.016,0.041892,85.23,0.006999999999999673,10.003960028088548,10.3415,129.69252,1.330382,0.841204,3.16667,1040
8715-12701,1-548157,0.0241989,0.727,0.727,108.4,14.180027474960752,1,1,2,10.782,11.081,0.497,0.012263,31.67,0.2989999999999995,10.76,11.052,0.489,0.012722,31.809,0.2919999999999998,10.380607354727251,10.718148,93.26922,0.8913758,0.713878,11.5232,4160
8081-9101,1-37727,0.0282047,0.632,0.632,135.9,7.467159976807489,1,1,0,10.692,10.692,0.0,0.027989,77.866,0.0,10.682,10.691,0.019,0.027319,77.867,0.009000000000000341,10.17860289034059,10.516144,114.63397,0.9242105,0.651343,6.91535,1168
7960-12705,1-178130,0.0295939,0.843,0.843,101.4,9.873239899843819,3,1,0,10.453,10.673,0.397,0.022763,57.084,0.22000000000000064,10.395,10.672,0.471,0.022592,56.958,0.277000000000001,10.156488576050018,10.494029,59.25035,0.8827798,0.629551,9.08906,1168
8615-1902,1-179561,0.0195093,0.229,0.229,97.3,4.230287385922618,1,1,2,9.903,10.05,0.286,0.029653,60.062,0.14700000000000024,10.02,10.043,0.051,0.028958,61.163,0.022999999999999687,9.776236865342629,10.113777,94.92156,1.450788,0.63987,3.67898,4096
8626-9101,1-24407,0.0301097,0.631,0.631,75.6,9.390598083881418,1,1,0,9.778,10.591,0.846,0.01968,41.542,0.8129999999999988,10.118,10.586,0.66,0.01926,41.103,0.46799999999999997,10.10667355626098,10.444214,59.478756,0.8639983,0.854719,7.72014,1152
8979-12704,1-210604,0.0262555,0.448,0.448,171.9,2.9052170084041062,3,1,0,10.47,10.485,0.032,0.025387,73.206,0.014999999999998792,10.469,10.485,0.032,0.025385,73.224,0.016000000000000014,10.137160978321237,10.474702,169.58813,1.9400451,0.657083,2.68629,1552
8616-12702,1-289846,0.0305366,0.754,0.754,148.3,11.968227255985314,1,1,0,11.089,11.21,0.243,0.016965,41.416,0.12100000000000044,11.08,11.205,0.249,0.016633,41.469,0.125,10.489045361206552,10.826586,130.90474,0.8975436,0.82767,10.4819,1040
8449-3701,1-488526,0.0316182,0.738,0.738,158.6,5.289833633880205,1,1,0,10.699,10.785,0.178,0.023487,58.003,0.0860000000000003,10.717,10.773,0.121,0.022695,58.105,0.05599999999999916,10.355194737300229,10.692736,144.73737,1.0553176,0.729971,4.75521,1040
8456-3701,1-585869,0.0261648,0.657,0.657,180.1,5.178895800410314,3,1,0,10.733,10.78,0.1,0.021566,69.285,0.04699999999999882,10.733,10.779,0.1,0.021562,69.297,0.045999999999999375,10.329338884534721,10.66688,165.8481,1.153681,0.663324,4.6766,1040
8980-3701,1-235983,0.0184537,0.123,0.123,108.6,2.5678052281069066,1,1,0,9.837,9.873,0.079,0.037815,84.745,0.03599999999999959,9.878,9.879,0.0,0.034589,84.745,0.0009999999999994458,9.473187605166359,9.810728,109.70372,1.9966611,0.840946,1.89711,1552
8943-3701,1-392636,0.0877446,0.083,0.083,287.7,6.881871437289609,1,1,0,11.668,11.744,0.159,0.022141,80.043,0.07600000000000051,11.694,11.745,0.109,0.022029,80.043,0.05099999999999838,11.132819811464666,11.470361,296.6222,1.057294,0.940329,3.83396,1040
8947-3701,1-149211,0.0473068,0.764,0.764,93.2,2.45814009326879,1,1,0,9.95,10.074,0.247,0.065348,69.57,0.12400000000000055,10.121,10.121,0.0,0.065462,77.114,0.0,9.827445526402112,10.164987,79.870926,1.0205429,0.576,2.67144,0
8931-3701,1-456434,0.022814,0.422,0.422,42.4,5.888175313827121,1,1,0,9.659,9.659,0.0,0.060183,36.616,0.0,9.662,9.663,0.001,0.059926,36.623,0.0009999999999994458,9.220338255437264,9.5578785,39.052296,0.9177866,0.785989,4.97824,1168
8600-3701,1-134737,0.0272129,0.595,0.595,64.4,6.122414151004824,1,1,2,8.077,9.902,0.985,0.042664,71.936,1.8249999999999993,8.974,9.933,0.89,0.041467,71.936,0.9589999999999996,9.33458442195989,9.672125,46.79471,0.90288365,0.380162,7.45251,4160
8945-3701,1-279554,0.025457,0.493,0.493,144.7,3.973638984178468,3,1,0,10.418,10.442,0.052,0.027223,69.57,0.02400000000000091,10.421,10.443,0.048,0.027664,70.17,0.02200000000000024,10.114400790883598,10.4519415,138.39491,1.3622965,0.626446,3.50364,1552
8717-3701,1-584637,0.0284197,0.134,0.134,175.9,7.205463439669719,2,1,0,10.838,10.872,0.074,0.029452,30.054,0.034000000000000696,10.744,10.796,0.111,0.033037,82.799,0.0519999999999996,10.307168589101819,10.64471,185.9397,1.1180336,0.957369,4.0419,1040
8942-3701,1-218324,0.037484,0.711,0.711,207.8,5.841867211507825,1,1,2,10.987,10.988,0.0,0.027877,67.428,0.0009999999999994458,10.995,11.0,0.008,0.025141,83.196,0.005000000000000782,10.431217366161446,10.768758,188.9655,1.2612936,0.70805,4.66501,4096
8595-3701,1-197534,0.069105,0.194,0.194,239.9,5.775495060897725,1,1,0,11.452,11.538,0.179,0.027884,27.211,0.0860000000000003,11.266,11.444,0.334,0.03006,34.37,0.17800000000000082,10.955612716213832,11.293154,240.83215,0.9388074,0.836173,5.26141,1040
8591-3701,1-245458,0.0415244,0.153,0.153,225.7,10.408066992532202,1,1,0,11.243,11.363,0.24,0.019279,79.142,0.11999999999999922,11.244,11.365,0.242,0.023493,84.745,0.12100000000000044,10.798961927838821,11.136502,225.3413,0.91424626,0.853732,8.80926,1040
8149-3701,1-164007,0.0202798,0.649,0.649,117.8,3.149857612781794,1,1,0,9.975,10.051,0.161,0.020157,70.615,0.07600000000000051,10.021,10.061,0.087,0.019294,74.202,0.03999999999999915,9.806288534034922,10.143829,112.330795,1.6778203,0.672808,2.36942,1040
8450-3701,1-489644,0.13552,0.102,0.102,275.8,4.206276907421764,1,1,2,11.652,11.659,0.013,0.022433,68.797,0.0070000000000014495,11.652,11.659,0.014,0.022562,68.797,0.0070000000000014495,11.143261559376455,11.480803,282.2149,1.0174958,0.861322,4.39564,4096
8454-3701,1-254546,0.0586496,0.362,0.362,169.6,6.466556318320567,1,1,2,11.235,11.238,0.007,0.033389,26.247,0.0030000000000001137,11.216,11.223,0.016,0.033658,26.7,0.0070000000000014495,10.784192774518841,11.121734,171.73102,0.9686994,0.902616,4.66419,4608
9041-3701,1-316933,0.115776,0.067,0.067,235.0,5.6797700678660545,1,1,0,11.539,11.607,0.144,0.050709,34.095,0.06799999999999962,11.532,11.61,0.162,0.051743,28.108,0.0779999999999994,11.164522376020438,11.502063,238.89024,0.9758965,0.960883,4.61081,1040
8078-9101,1-36905,0.0218904,0.704,0.704,75.9,6.293751000366337,1,1,0,9.959,9.985,0.057,0.02446,75.592,0.0259999999999998,9.839,9.962,0.246,0.02432,75.611,0.12299999999999933,9.40790733124641,9.745448,56.6577,1.0493752,0.38821,7.48998,1168
8086-9101,1-228997,0.0398068,0.841,0.841,164.3,6.473618582567282,1,1,0,10.771,10.895,0.248,0.023657,61.801,0.12399999999999878,10.709,10.885,0.332,0.023511,60.956,0.17600000000000016,10.563764589509491,10.901305,132.04848,0.97830045,0.63419,6.39514,1040
8566-9101,1-338559,0.0882197,0.576,0.576,253.4,7.031182243814532,1,1,0,11.663,11.663,0.0,0.041817,66.438,0.0,11.603,11.643,0.087,0.037185,86.357,0.040000000000000924,11.057662300964266,11.395203,236.76357,0.86532235,0.679276,6.8575,1040
8147-9101,1-201197,0.0278594,0.822,0.822,99.4,7.9840577705711855,3,1,0,10.429,10.508,0.167,0.019554,60.841,0.07899999999999885,10.502,10.514,0.027,0.018893,61.129,0.011999999999998678,9.999577660473312,10.337118,61.042847,1.0008595,0.574903,7.92295,1168
8145-9101,1-201173,0.0264221,0.809,0.809,99.2,6.481801949732816,3,1,0,10.287,10.316,0.064,0.030285,69.609,0.028999999999999915,10.281,10.317,0.08,0.030415,69.688,0.03599999999999959,9.900039782181947,10.23758,70.76553,0.8829447,0.461401,7.1522,1168
8726-9101,1-604826,0.0458585,0.266,0.266,202.8,5.676292483613345,1,1,0,11.118,11.136,0.039,0.027917,56.618,0.017999999999998906,11.12,11.136,0.034,0.027903,56.76,0.016000000000000014,10.750807592402532,11.088348,203.46169,1.0540459,0.74368,4.72537,1040
8455-9101,1-275176,0.0300443,0.635,0.635,101.0,6.557277479393244,1,1,2,10.115,10.308,0.358,0.027171,74.961,0.19299999999999962,9.956,10.289,0.535,0.027253,75.447,0.3330000000000002,9.618831213285413,9.956372,83.746086,0.91236484,0.512692,8.08477,4608
8462-9101,1-301241,0.0224995,0.803,0.803,94.3,4.984504071396377,1,1,0,8.898,9.971,0.915,0.025673,82.537,1.0730000000000004,9.02,9.971,0.888,0.026157,86.741,0.9510000000000005,9.692312752255283,10.029854,61.828724,0.93831676,0.437536,7.62602,1168
8262-9101,1-258213,0.0382552,0.612,0.612,178.6,9.813626620239678,1,1,0,11.179,11.234,0.117,0.020163,46.759,0.054999999999999716,11.17,11.234,0.136,0.020121,46.971,0.06400000000000006,10.773377547809346,11.110918,162.38394,0.93247527,0.786571,6.82393,1040
8450-9101,1-490045,0.0277556,0.687,0.687,70.5,8.546178690827213,1,1,0,9.724,10.386,0.782,0.026622,43.977,0.661999999999999,10.346,10.369,0.052,0.025538,42.579,0.022999999999999687,9.790854230643754,10.128395,52.35133,0.85977256,0.795181,7.33633,1168
8239-9101,1-339192,0.0278348,0.7,0.7,83.3,8.470710043350344,1,1,0,10.348,10.348,0.0,0.032316,56.158,0.0,10.302,10.344,0.093,0.03177,56.158,0.041999999999999815,9.785545504775934,10.123086,63.145996,0.89219,0.66008,8.16809,1168
8711-9101,1-378881,0.0212091,0.552,0.552,144.5,8.630770025954634,1,1,2,10.602,10.956,0.557,0.014124,31.762,0.3539999999999992,10.604,10.965,0.564,0.013898,31.764,0.36100000000000065,10.123547855143743,10.461088,142.16019,0.94421625,0.712953,7.09633,4160
8592-9101,1-631640,0.0268503,0.848,0.848,121.9,8.962771132108253,3,1,0,10.704,10.718,0.032,0.021194,56.364,0.013999999999999346,10.716,10.716,0.001,0.020826,56.503,0.0,10.155196311870457,10.492737,78.6891,0.86935127,0.696832,8.11051,1040
8952-9101,1-458168,0.0283157,0.434,0.434,174.6,8.347022741160918,1,1,0,10.897,10.941,0.095,0.024645,86.357,0.04400000000000048,10.884,10.939,0.118,0.027023,86.357,0.054999999999999716,10.403189178907667,10.740729,167.14018,0.9048643,0.654068,7.71243,1040
8333-9101,1-265919,0.0693204,0.047,0.047,233.1,6.179971229288148,1,1,0,11.333,11.42,0.18,0.026448,70.789,0.08699999999999974,11.312,11.421,0.221,0.02636,65.378,0.10899999999999999,11.011616957555201,11.349157,233.49873,0.91064715,0.745878,7.43658,1040
8978-9101,1-135044,0.0303346,0.655,0.655,92.6,9.380901547031593,1,1,0,10.461,10.576,0.233,0.023009,37.713,0.11500000000000021,10.284,10.594,0.51,0.023623,37.65,0.3099999999999987,10.346131858366972,10.683673,80.77722,0.87192166,0.827431,7.6628,1040
8942-9101,1-230173,0.0229922,0.699,0.699,66.3,6.383775136444461,1,1,0,9.3,9.839,0.711,0.031901,78.91,0.5389999999999997,9.918,9.918,0.0,0.031057,74.585,0.0,8.975270928906792,9.312812,48.668198,0.90867007,0.489425,7.01559,1168
8946-9101,1-279279,0.025013,0.64,0.64,74.8,7.486538182768373,1,1,0,9.07,10.157,0.918,0.02704,61.673,1.0869999999999997,9.799,10.158,0.563,0.027185,65.288,0.359,9.525581185866532,9.863122,58.482975,0.84290564,0.65275,7.01774,1168
8980-9101,1-235986,0.0270918,0.842,0.842,120.9,6.4138267495068915,3,1,0,10.377,10.448,0.15,0.027338,77.89,0.07099999999999973,10.362,10.449,0.18,0.027002,77.873,0.08699999999999974,10.101812350647656,10.439353,79.67688,0.9478968,0.388873,8.04082,1552
8950-9101,1-456821,0.0276616,0.753,0.753,73.3,4.590358585368253,3,1,2,9.797,9.797,0.0,0.056872,80.829,0.0,9.816,9.823,0.017,0.05668,85.344,0.006999999999999673,9.428285474553332,9.765826,51.662556,0.86313534,0.310941,7.00204,4672
9029-9101,1-569178,0.0310581,0.445,0.445,132.4,10.237964694734243,1,1,0,10.809,10.858,0.106,0.031143,78.239,0.049000000000001265,10.85,10.85,0.0,0.028967,77.196,0.0,10.366273496850445,10.7038145,128.68484,0.8994543,0.623932,8.17542,1040
9042-9101,1-316402,0.0721096,0.859,0.859,168.2,7.8770009446712494,1,1,0,10.924,11.229,0.504,0.022702,68.922,0.3049999999999997,10.806,11.222,0.616,0.022662,68.922,0.41600000000000037,10.890544526437406,11.2280855,109.52098,0.8643284,0.597907,7.89143,1040
9026-9101,1-94784,0.0314197,0.38,0.38,109.9,9.141227644276364,1,1,0,10.548,10.549,0.0,0.018303,14.229,0.0009999999999994458,10.549,10.549,0.0,0.017552,15.661,0.0,10.627495920603462,10.965036,112.17007,0.9176794,0.767518,7.48254,1040
9041-9101,1-593982,0.0319121,0.828,0.828,140.7,7.426406708540871,1,1,0,10.567,10.724,0.303,0.019105,69.775,0.15700000000000003,10.324,10.701,0.58,0.019322,69.226,0.37700000000000067,10.394469192347435,10.73201,100.591484,0.92586094,0.506705,7.91765,1552
8567-3701,1-351566,0.0307532,0.767,0.767,123.0,5.29134501962019,3,1,0,10.426,10.531,0.215,0.025653,58.925,0.10500000000000043,10.554,10.555,0.001,0.025579,62.133,0.0009999999999994458,10.18260293904951,10.5201435,91.44182,0.9800697,0.627022,5.08917,1168
8592-1902,1-208393,0.0295426,0.495,0.495,109.6,2.70345512164022,1,1,2,10.129,10.151,0.049,0.054958,56.925,0.02200000000000024,10.088,10.143,0.118,0.054229,57.945,0.05500000000000149,9.652241504734949,9.989782,107.02645,1.2155857,0.782814,2.34911,4608
8461-12705,1-166488,0.0175478,0.797,0.797,80.6,7.462605532566421,1,1,0,9.817,9.952,0.267,0.037413,83.165,0.1349999999999998,9.327,9.896,0.73,0.037072,82.724,0.5690000000000008,9.366006208217755,9.703547,50.853237,0.8713869,0.257066,10.5839,1552
8952-12701,1-626830,0.028185,0.81,0.81,131.3,9.481446439314917,3,1,0,10.806,10.806,0.0,0.020681,62.898,0.0,10.81,10.81,0.0,0.020226,62.819,0.0,10.31688831655945,10.6544285,98.459625,0.9323546,0.651203,8.80132,1552
8602-9102,1-210711,0.0321973,0.705,0.705,139.3,5.7463020011215455,1,1,0,10.544,10.639,0.196,0.016042,83.813,0.09499999999999886,10.545,10.634,0.185,0.029944,86.82,0.08900000000000041,10.317020194028522,10.654561,117.940605,0.9436633,0.350878,7.45065,1168
8615-9102,1-180039,0.0317398,0.801,0.801,106.1,6.792068714012696,1,1,0,9.991,10.433,0.639,0.019158,71.936,0.44200000000000017,10.072,10.437,0.568,0.019314,71.98,0.3650000000000002,10.18422850444013,10.52177,73.578384,0.97015864,0.561834,7.00307,1168
8721-12701,1-48557,0.0383077,0.07,0.07,204.0,12.334801879266298,1,1,0,11.131,11.35,0.395,0.012384,86.055,0.21899999999999942,11.108,11.34,0.413,0.012174,86.053,0.23199999999999932,10.656397215782277,10.9939375,206.08295,0.906732,0.717105,12.4292,1040
8255-12702,1-255939,0.0245465,0.574,0.574,52.8,13.584029947328219,1,1,0,10.438,10.93,0.678,0.020883,18.22,0.4919999999999991,10.415,10.881,0.658,0.020797,18.249,0.4660000000000011,9.856632235515315,10.194173,44.381306,0.86342126,0.945153,9.97498,1168
8979-1902,1-210114,0.039546,0.31,0.31,161.3,5.902169102537873,1,1,0,10.785,10.843,0.125,0.026235,84.023,0.05799999999999983,10.836,10.837,0.0,0.021488,84.023,0.0009999999999994458,10.634305936921274,10.971847,162.75089,1.6134765,0.884964,3.21967,1040
8597-12703,1-246549,0.0259833,0.805,0.805,106.9,12.72375794371151,3,1,0,10.78,10.908,0.256,0.019169,41.109,0.1280000000000001,10.778,10.913,0.266,0.019627,41.125,0.1349999999999998,10.2709279309665,10.608469,78.879196,0.87138516,0.755418,10.6772,1024
8714-12702,1-604880,0.0222279,0.579,0.579,57.6,10.473154285964036,1,1,0,9.771,10.476,0.803,0.040243,26.014,0.7050000000000001,9.795,10.457,0.782,0.03942,26.143,0.6620000000000008,9.633790522036508,9.971332,45.9069,0.8721342,0.915978,9.65597,1168
8942-12702,1-218280,0.0254964,0.783,0.783,108.0,19.634773922824827,3,1,2,11.049,11.256,0.379,0.011573,31.598,0.20700000000000074,11.039,11.254,0.391,0.01181,31.619,0.21499999999999986,10.258879022172602,10.596419,81.26279,0.9221599,0.834962,16.2118,4160
9041-12702,1-264059,0.0316281,0.833,0.833,124.6,8.28230731389783,3,1,0,10.617,10.754,0.271,0.017641,70.668,0.13699999999999868,10.702,10.755,0.114,0.016411,70.567,0.053000000000000824,10.209300495159706,10.546841,79.58112,0.90573156,0.475875,9.43845,1168
8078-12703,1-37211,0.0280766,0.76,0.76,119.4,13.189537666321014,1,1,0,10.483,11.084,0.749,0.009696,41.123,0.6009999999999991,10.066,11.151,0.918,0.006842,41.103,1.084999999999999,10.473574550036345,10.811115,94.84542,0.93318975,0.818527,10.6957,1024
8726-3701,1-217617,0.0782082,0.272,0.272,231.5,6.3604968510427105,1,1,2,11.417,11.464,0.102,0.042226,58.117,0.0470000000000006,11.408,11.449,0.089,0.044021,84.745,0.04100000000000037,10.937237465916985,11.274778,234.7177,0.976863,0.863336,5.09304,4096
8461-3701,1-166613,0.0468085,0.086,0.086,215.3,5.484148429979039,1,1,0,11.062,11.107,0.096,0.020379,86.468,0.04499999999999993,11.071,11.112,0.088,0.047099,86.468,0.04100000000000037,10.754760261290864,11.0923,219.58519,1.0796816,0.633018,4.608,1040
8728-12703,1-51949,0.0329443,0.067,0.067,264.1,13.035801869125597,1,1,0,11.482,11.503,0.045,0.016156,75.35,0.021000000000000796,11.477,11.505,0.059,0.025273,86.055,0.02800000000000047,11.01959811072929,11.357139,267.53915,0.91590434,0.687843,11.645,16384
8611-9102,1-23784,0.0275661,0.839,0.839,111.3,5.756287809215446,3,1,0,10.119,10.326,0.378,0.029054,71.284,0.20700000000000074,10.062,10.324,0.452,0.028677,72.084,0.26200000000000045,10.021412593104229,10.358953,72.8059,0.9506084,0.404524,7.00019,1168
8611-1902,1-23729,0.0273625,0.687,0.687,114.8,3.2140911811129524,3,1,2,10.095,10.199,0.212,0.036674,56.714,0.1039999999999992,10.089,10.199,0.223,0.036705,57.242,0.10999999999999943,9.693125201411915,10.030665,106.94141,1.0755327,0.703292,3.15426,4288
8081-9102,1-38160,0.0335656,0.855,0.855,135.6,5.47486058043621,1,1,2,10.47,10.559,0.185,0.031456,83.589,0.08899999999999864,10.231,10.512,0.476,0.031332,83.589,0.2810000000000006,10.217246991685393,10.554788,90.8562,0.9357926,0.344218,7.38576,4288
8611-3702,1-25659,0.0290456,0.574,0.574,123.9,4.568469874128598,1,1,0,10.315,10.315,0.0,0.023562,69.652,0.0,10.323,10.324,0.0,0.022271,68.163,0.0009999999999994458,10.17636622516414,10.5139065,125.678116,1.6259019,0.750616,3.10332,1040
8952-12704,1-626979,0.0750178,0.062,0.062,228.3,10.479473832151509,1,1,0,11.545,11.594,0.105,0.038808,84.023,0.04899999999999949,11.547,11.596,0.106,0.051483,84.022,0.04899999999999949,10.989313189204076,11.326854,234.96812,0.92479616,0.865624,8.538,1040
8255-12701,1-276574,0.0245428,0.652,0.652,104.3,8.081556960022729,1,1,0,10.297,10.348,0.111,0.033683,81.154,0.051000000000000156,10.349,10.362,0.029,0.038166,84.593,0.0129999999999999,9.826256260988202,10.163796,82.913284,0.93587697,0.268129,13.8954,1168
8626-12705,1-24251,0.0859663,0.789,0.789,248.4,4.38069285292647,1,1,2,11.403,11.414,0.024,0.047478,80.5,0.010999999999999233,11.343,11.395,0.113,0.046771,78.718,0.0519999999999996,10.948014190408575,11.285555,207.47151,0.94652903,0.644842,8.43728,4096
8461-12704,1-166826,0.0168341,0.607,0.607,59.2,9.750622228254787,1,1,0,9.792,9.814,0.049,0.067676,59.491,0.02200000000000024,9.655,9.86,0.376,0.068876,59.55,0.20500000000000007,9.056977227718926,9.394518,38.146946,0.8652644,0.522952,9.82207,1168
8655-1902,1-29809,0.0219618,0.389,0.389,50.0,3.422487049311891,1,1,0,9.499,9.596,0.199,0.058984,41.241,0.09699999999999953,9.487,9.598,0.224,0.059051,41.285,0.11100000000000065,9.24089604617765,9.578437,48.642895,0.93059576,0.790169,2.9507,1168
8949-1902,1-456691,0.0200485,0.499,0.499,140.5,3.1424187059497255,3,1,0,10.164,10.198,0.074,0.03322,69.134,0.034000000000000696,10.138,10.191,0.113,0.033002,73.167,0.053000000000000824,9.751817018665042,10.089357,140.23969,1.4765491,0.689833,2.7175,1040
7960-12703,1-178170,0.024753,0.764,0.764,78.3,12.321317690242035,1,1,0,10.305,10.488,0.343,0.032749,59.619,0.18299999999999983,9.874,10.487,0.756,0.031975,60.184,0.6129999999999995,9.788026176544752,10.1255665,52.483524,0.8639325,0.580185,12.3041,1168
8655-12704,1-637825,0.0380011,0.803,0.803,100.8,11.22106623426453,1,1,2,10.521,10.756,0.418,0.023358,59.491,0.23499999999999943,10.797,10.797,0.0,0.016224,59.509,0.0,10.34505794349125,10.682598,66.11801,0.86050594,0.703265,10.3369,4288
8567-1901,1-351572,0.0223953,0.299,0.299,83.0,3.0927863624807066,1,1,0,9.687,9.724,0.081,0.041526,86.636,0.03700000000000081,9.736,9.736,0.0,0.041288,86.636,0.0,9.685425528767377,10.022966,82.89206,1.1258701,0.632021,3.04165,1168
7960-12701,1-177626,0.0315166,0.744,0.744,96.7,15.130380460310315,3,1,0,11.253,11.333,0.168,0.015865,25.737,0.08000000000000007,11.302,11.322,0.044,0.015891,25.733,0.019999999999999574,10.513889836317931,10.851431,64.37025,0.88597935,0.943759,11.8142,1040
8458-3701,1-217500,0.0161821,0.629,0.629,59.7,3.354976583781468,1,1,0,9.29,9.376,0.18,0.038853,86.698,0.0860000000000003,9.411,9.411,0.0,0.03877,86.698,0.0,9.221476834337388,9.559017,53.96899,1.0941414,0.455196,3.89449,1040
8146-12702,1-152596,0.0625398,0.789,0.789,157.7,8.830242019553634,3,1,2,11.281,11.281,0.0,0.023599,57.202,0.0,11.271,11.284,0.03,0.022589,56.857,0.0129999999999999,10.688792550102198,11.026333,112.46327,0.8817308,0.643798,8.40468,4160
8078-9102,1-36878,0.0231851,0.696,0.696,122.2,7.053866726037853,1,1,0,10.421,10.459,0.084,0.020529,74.594,0.038000000000000256,10.357,10.443,0.18,0.019346,69.934,0.0860000000000003,10.110545941983252,10.448087,103.17979,1.0672902,0.598582,6.96397,1040
8086-9102,1-229060,0.035788,0.822,0.822,151.1,7.939902557572947,1,1,2,10.722,10.881,0.306,0.030622,56.347,0.1590000000000007,10.72,10.873,0.297,0.037454,56.436,0.1529999999999987,10.32936533148237,10.666906,135.0051,0.92775595,0.683874,7.79447,4288
8155-9102,1-202101,0.0209461,0.684,0.684,66.3,6.636154655608811,1,1,0,9.168,9.864,0.799,0.041331,72.687,0.6960000000000015,9.57,9.885,0.516,0.04118,72.491,0.3149999999999995,9.32444914298781,9.66199,48.779545,0.870123,0.466803,7.19583,1168
8149-9102,1-584746,0.0217485,0.768,0.768,88.8,7.920456524556371,3,1,0,10.233,10.239,0.013,0.01991,65.854,0.006000000000000227,10.186,10.233,0.103,0.019808,65.854,0.0470000000000006,9.856657609500335,10.194199,64.60479,1.1303697,0.554115,8.00959,1040
8713-9102,1-71974,0.0331647,0.569,0.569,100.6,8.751644192691867,1,1,0,10.752,11.031,0.473,0.023257,18.215,0.2789999999999999,10.722,10.988,0.458,0.023594,18.232,0.266,10.301114674832002,10.638656,100.046585,0.9118096,0.811548,7.17453,1040
8084-9102,1-38272,0.025903,0.657,0.657,70.8,7.901942209309853,1,1,0,9.654,10.297,0.772,0.030968,50.55,0.6430000000000007,9.606,10.297,0.796,0.030966,50.574,0.6910000000000007,9.670385027721014,10.007926,53.34157,0.8786648,0.71936,7.13352,1168
8726-9102,1-584618,0.0450546,0.075,0.075,232.8,10.24936322660488,1,1,0,11.404,11.476,0.152,0.02564,20.801,0.07200000000000095,11.252,11.4,0.288,0.027424,79.789,0.1479999999999997,10.890538938615205,11.22808,235.79071,0.89492923,0.930215,7.7783,1040
8719-9102,1-44693,0.0220704,0.815,0.815,103.1,7.465205912607931,3,1,0,10.276,10.323,0.104,0.030332,81.379,0.0470000000000006,10.23,10.32,0.186,0.030665,81.676,0.08999999999999986,9.972222746944833,10.309763,68.27526,0.8914699,0.260371,11.2427,1040
8456-9102,1-147546,0.0245447,0.614,0.614,71.4,7.81093275290486,1,1,0,8.467,10.115,0.977,0.052706,56.946,1.6479999999999997,9.103,10.113,0.902,0.051652,65.065,1.0099999999999998,9.368762767067333,9.706304,57.77352,0.8782842,0.792175,6.91803,1168
8715-9102,1-378749,0.02236,0.776,0.776,85.5,7.321838993886375,3,1,0,10.135,10.273,0.272,0.023194,59.491,0.1379999999999999,10.075,10.272,0.364,0.023333,59.714,0.19700000000000095,9.775713821815549,10.113255,57.268295,0.9085,0.630227,6.93027,1040
8462-9102,1-301260,0.0200675,0.709,0.709,74.5,6.20524489541361,1,1,0,9.665,9.85,0.346,0.031044,77.293,0.1850000000000005,9.595,9.841,0.433,0.030648,82.965,0.24599999999999866,9.491251004684345,9.828792,57.372723,0.9322312,0.324241,8.31255,1040
8449-9102,1-488620,0.0212186,0.69,0.69,68.8,8.847921613665527,1,1,0,8.88,10.325,0.964,0.024814,42.851,1.4449999999999985,9.516,10.324,0.844,0.024869,42.475,0.8079999999999998,9.321341547088636,9.658882,48.49484,0.86813486,0.772666,7.61648,1040
8454-9102,1-167627,0.0250192,0.766,0.766,152.5,7.1812778163164115,1,1,0,10.569,10.678,0.222,0.015231,72.712,0.10899999999999999,10.496,10.681,0.346,0.02009,76.286,0.18499999999999872,10.255624623398838,10.593165,118.57296,1.0259271,0.471086,7.72891,1040
8717-9102,1-121598,0.0714115,0.074,0.074,278.4,8.946698185882125,1,1,0,11.648,11.715,0.14,0.027018,47.869,0.06700000000000017,11.643,11.705,0.133,0.027263,80.043,0.06199999999999939,11.088125452787084,11.425666,277.35068,0.91221684,0.869473,8.24715,1040
8239-9102,1-351575,0.0225772,0.738,0.738,74.1,7.641654204721387,1,1,0,10.167,10.167,0.0,0.051453,56.322,0.0,10.194,10.194,0.0,0.050299,56.995,0.0,9.267509642342178,9.60505,48.286007,0.89279974,0.58972,7.38442,1168
8592-9102,1-576294,0.0861468,0.39,0.39,274.2,8.00293172270561,1,1,0,11.577,11.669,0.189,0.028278,84.745,0.09200000000000053,11.578,11.662,0.172,0.032167,84.745,0.0840000000000014,11.155739773980969,11.49328,271.91232,0.9537582,0.728531,7.02161,1040
8949-9102,1-457223,0.023878,0.773,0.773,65.0,5.0422223024263735,1,1,0,9.735,9.804,0.146,0.037832,86.776,0.06900000000000084,9.761,9.811,0.109,0.037727,86.776,0.05000000000000071,9.563574816437654,9.901115,48.32477,0.90385175,0.351065,7.06644,1168
8952-9102,1-458448,0.0654552,0.848,0.848,171.7,10.831398500156924,3,1,0,11.497,11.572,0.158,0.029236,36.669,0.07499999999999929,11.508,11.58,0.152,0.026302,36.649,0.07200000000000095,10.868348735414939,11.20589,154.26617,0.88479793,0.857331,8.20011,1040
8946-9102,1-279252,0.053523,0.088,0.088,248.1,9.516976744493975,1,1,0,11.477,11.601,0.247,0.025549,22.245,0.12400000000000055,11.346,11.543,0.363,0.02847,27.549,0.19699999999999918,10.938912314001833,11.276453,250.40662,0.8950601,0.962726,7.73955,1040
8947-9102,1-149586,0.0280109,0.754,0.754,90.8,10.342417500362199,1,1,0,10.438,10.778,0.542,0.016736,37.143,0.33999999999999986,10.403,10.791,0.591,0.016632,37.142,0.3879999999999999,10.205515623113698,10.5430565,73.77869,0.87881035,0.848199,8.21126,1040
8945-9102,1-279410,0.0338424,0.573,0.573,120.4,10.529401701869258,1,1,0,10.982,10.983,0.0,0.028669,25.821,0.0010000000000012221,10.966,10.994,0.062,0.028812,25.781,0.02800000000000047,10.49047258207258,10.828013,116.151855,0.8788048,0.907152,8.12882,1040
8980-9102,1-236141,0.0252015,0.779,0.779,81.0,4.661120832511135,3,1,2,9.827,9.871,0.098,0.043973,83.639,0.04400000000000048,9.893,9.893,0.0,0.043247,84.951,0.0,9.314259173415191,9.6518,52.242363,0.9058683,0.254811,7.25746,4288
8950-9102,1-456842,0.0232595,0.719,0.719,74.9,8.33071265924715,3,1,0,10.032,10.426,0.596,0.026391,42.136,0.39400000000000013,10.219,10.376,0.303,0.026243,42.144,0.15700000000000003,9.842170980154762,10.179711,57.98033,0.86281496,0.79872,7.11916,1168
9042-9102,1-549071,0.0312694,0.851,0.851,128.8,8.271499679220918,3,1,0,10.744,10.744,0.0,0.021698,59.784,0.0,10.744,10.744,0.0,0.021393,59.716,0.0,10.308698842642626,10.646239,78.92571,0.89196444,0.637675,8.06567,1168
9026-9102,1-94720,0.0312086,0.29,0.29,83.5,9.234846345676095,1,1,0,11.216,11.216,0.0,0.029718,2.566,0.0,11.21,11.213,0.008,0.029552,2.566,0.0029999999999983373,10.34747638204818,10.685017,88.99332,0.89351773,0.857134,7.07095,1040
9002-9102,1-373381,0.0248984,0.569,0.569,65.7,3.2611547932293523,1,1,0,7.694,9.416,0.981,0.061863,86.828,1.7220000000000004,9.054,9.464,0.611,0.064263,86.827,0.41000000000000014,8.9625852452234,9.300126,47.616688,0.8954185,0.392035,4.27873,0
8625-1902,1-23955,0.0262367,0.539,0.539,72.6,2.940248509672323,1,1,2,9.756,9.757,0.0,0.052305,63.521,0.0009999999999994458,9.757,9.757,0.0,0.052311,63.862,0.0,9.377797833111226,9.715339,67.01219,1.1747185,0.649383,2.82395,4672
9183-3704,1-122141,0.0404168,0.452,0.452,155.0,6.567102748941255,3,1,0,10.99,11.015,0.056,0.030104,36.703,0.025000000000000355,10.998,11.013,0.034,0.029708,36.676,0.015000000000000568,10.603400974584952,10.940942,149.99289,0.99083406,0.838652,5.15509,1040
9509-12701,1-298640,0.0204859,0.647,0.647,101.6,6.377865758813573,1,1,0,10.246,10.262,0.035,0.059627,83.863,0.016000000000000014,10.245,10.269,0.053,0.059564,83.863,0.02400000000000091,9.341036651306013,9.678577,88.669754,0.9127581,0.329452,8.15893,1168
8932-12702,1-456865,0.0204487,0.777,0.777,85.4,6.683633355937296,3,1,0,9.925,10.053,0.254,0.026421,85.141,0.1280000000000001,10.073,10.093,0.045,0.028505,86.424,0.019999999999999574,9.844729353674849,10.18227,62.059105,0.8658468,0.299934,9.55815,1040
9037-3704,1-199454,0.0195954,0.337,0.337,101.2,4.999024180801257,1,1,2,10.164,10.349,0.346,0.021765,18.909,0.1850000000000005,10.182,10.315,0.264,0.020803,18.88,0.13299999999999912,9.96401954659403,10.30156,103.03646,1.1976584,0.920454,3.81869,4160
8625-3704,1-23890,0.0300622,0.572,0.572,116.9,4.901868131284307,1,1,2,10.409,10.569,0.308,0.017407,37.308,0.16000000000000014,10.392,10.568,0.332,0.017183,37.52,0.17600000000000016,10.084125664779947,10.421666,114.17268,1.4917632,0.827462,3.79627,4288
9034-12704,1-198212,0.037839,0.17,0.17,198.5,8.97770080648141,1,1,0,11.076,11.294,0.393,0.021061,20.731,0.21799999999999997,11.075,11.295,0.396,0.02105,20.715,0.22000000000000064,10.797909849158636,11.13545,201.56712,0.9121334,0.976644,6.45904,1040
9195-3704,1-42660,0.0261784,0.369,0.369,93.7,5.8931773046010045,1,1,0,9.952,10.472,0.698,0.017612,43.018,0.5199999999999996,9.64,10.497,0.861,0.017303,42.62,0.8569999999999993,9.95123840673314,10.288779,83.96707,0.95912313,0.770719,5.08068,1168
8311-12703,1-523105,0.0319257,0.89,0.89,135.7,7.705668220790592,3,1,0,10.647,10.749,0.208,0.020414,71.954,0.10200000000000031,10.749,10.755,0.014,0.01798,71.959,0.006000000000000227,10.197784874025393,10.535325,79.29592,0.9172996,0.449164,8.55183,1168
9183-12702,1-604992,0.0330229,0.783,0.783,124.3,9.1153705517446,3,1,0,10.805,10.87,0.139,0.02392,56.621,0.0649999999999995,10.758,10.875,0.236,0.023744,56.627,0.11700000000000088,10.232388689427824,10.569929,83.96539,0.8409203,0.61037,9.72131,1168
9508-3704,1-298778,0.0287366,0.716,0.716,129.6,7.923239682466836,1,1,0,10.532,10.795,0.454,0.023336,62.929,0.2629999999999999,10.373,10.826,0.648,0.019108,62.977,0.4530000000000012,10.36298923286715,10.70053,106.31693,0.9560564,0.733225,6.99365,1552
9194-3704,1-37754,0.0392907,0.077,0.077,208.8,6.693947394404937,2,1,0,11.08,11.107,0.057,0.03046,39.215,0.026999999999999247,11.22,11.244,0.053,0.030278,2.971,0.023999999999999133,10.599416882895374,10.936957,219.46585,1.1675187,0.887018,3.8345,1040
8443-3704,1-422911,0.0303094,0.712,0.712,85.5,3.6235709999472614,1,1,2,9.461,9.957,0.68,0.038315,68.922,0.49600000000000044,10.044,10.045,0.0,0.038016,86.636,0.0009999999999994458,9.657187843014908,9.994728,67.957085,1.023982,0.549602,4.36594,4608
9028-1901,1-269227,0.0306899,0.219,0.219,213.2,3.5834415410859792,1,1,2,10.778,10.836,0.122,0.03547,49.881,0.05799999999999983,10.816,10.819,0.003,0.033085,51.671,0.0030000000000001137,10.096576346701687,10.434117,212.55516,1.514427,0.840096,2.36077,4224
8933-1902,1-457235,0.025315,0.617,0.617,129.2,3.6705331878870777,3,1,0,10.271,10.287,0.035,0.039836,67.902,0.016000000000000014,10.275,10.287,0.027,0.039891,68.677,0.012000000000000455,9.874128556121079,10.211669,120.51333,1.1949918,0.649816,3.44797,1168
8997-12704,1-149454,0.0483296,0.64,0.64,243.8,10.092267290352233,3,1,0,11.499,11.5,0.0,0.023039,74.911,0.0009999999999994458,11.442,11.488,0.098,0.021927,74.911,0.045999999999999375,10.924835240612827,11.262376,209.34035,0.93606365,0.467019,11.3156,1040
9033-3704,1-593544,0.0374226,0.611,0.611,158.9,11.72550262594928,1,1,0,11.074,11.074,0.0,0.030712,68.472,0.0,11.065,11.1,0.076,0.031197,68.477,0.03500000000000014,10.612524261715778,10.950065,142.12802,0.9054269,0.534673,12.1298,1040
8932-12701,1-456376,0.025071,0.608,0.608,74.1,12.248308747372048,1,1,0,10.055,10.539,0.671,0.028461,45.898,0.484,10.169,10.527,0.561,0.028436,45.768,0.35799999999999876,9.79531054465494,10.132852,59.006214,0.84426457,0.780221,11.2001,1168
8936-12702,1-152720,0.0570368,0.161,0.161,276.4,8.475133632543976,1,1,0,11.504,11.724,0.397,0.028114,20.143,0.22000000000000064,11.444,11.701,0.446,0.033258,22.6,0.2569999999999997,10.935962985463982,11.273503,268.11325,0.883955,0.842928,8.37994,1040
8982-12704,1-458105,0.0368414,0.317,0.317,154.3,7.828493756907448,1,1,2,10.924,10.924,0.0,0.033046,62.72,0.0,10.906,10.907,0.0,0.025445,86.357,0.0009999999999994458,10.335130802941748,10.672671,153.95619,0.89509636,0.580543,8.64612,4224
9050-3704,1-318725,0.0370079,0.463,0.463,124.0,8.27962145154333,1,1,0,11.003,11.196,0.359,0.022224,18.509,0.19299999999999962,11.023,11.131,0.22,0.021704,18.533,0.10800000000000054,10.47002660145413,10.807568,122.15998,1.1292644,0.944386,4.94337,1040
9494-12701,1-412866,0.016049,0.62,0.62,51.8,5.419896113648627,1,1,0,9.176,9.285,0.221,0.055568,86.789,0.10899999999999999,9.226,9.283,0.123,0.059909,86.789,0.05699999999999861,8.76535408025903,9.102895,39.74328,0.890489,0.266298,8.97592,1168
8932-3704,1-456656,0.0242797,0.748,0.748,64.8,3.5810122257580335,1,1,0,9.624,9.674,0.107,0.03817,86.82,0.049999999999998934,9.671,9.689,0.039,0.037754,86.82,0.018000000000000682,9.502432582773748,9.839973,53.35772,0.97460806,0.401629,4.7,1168
9864-3704,1-197092,0.0268895,0.457,0.457,103.5,5.147622935207297,1,1,0,10.176,10.27,0.193,0.029947,52.099,0.09399999999999942,10.256,10.264,0.017,0.029009,55.666,0.007999999999999119,10.06104136356759,10.3985815,100.580826,1.0149211,0.870007,4.29865,1168
8940-3704,1-218009,0.0169908,0.157,0.157,50.4,3.4757133671588307,1,1,0,9.723,9.73,0.016,0.04187,25.731,0.006999999999999673,9.739,9.739,0.0,0.041131,25.731,0.0,8.697033081033743,9.034574,49.97375,1.1763868,0.563972,3.64831,1168
9182-3704,1-72166,0.0645574,0.166,0.166,263.2,7.223861026423176,1,1,0,11.557,11.692,0.266,0.032652,28.623,0.1349999999999998,11.547,11.673,0.251,0.032648,29.273,0.12599999999999945,10.909029957699211,11.246571,269.96637,1.0259494,0.91445,4.58001,1040
9865-3704,1-246542,0.0280877,0.645,0.645,139.0,5.300932288708065,3,1,0,10.492,10.532,0.087,0.025312,78.918,0.03999999999999915,10.504,10.53,0.056,0.024153,79.085,0.0259999999999998,10.24794136785555,10.585482,130.9786,1.2868912,0.553369,4.30462,1040
9045-3704,1-631986,0.0594979,0.615,0.615,228.5,5.462493976569942,1,1,0,11.213,11.314,0.205,0.015423,61.166,0.10100000000000087,11.236,11.319,0.173,0.017389,65.257,0.08300000000000018,10.850775462972665,11.188316,205.12852,1.179017,0.62096,4.70257,1040
8985-12704,1-420631,0.0155753,0.659,0.659,71.3,6.206763050773589,1,1,0,9.424,9.647,0.401,0.039951,83.302,0.22300000000000075,9.691,9.691,0.0,0.041427,86.789,0.0,8.963764223743174,9.301305,54.742977,0.88683355,0.277174,9.76882,1168
8995-3704,1-188165,0.0581478,0.319,0.319,235.1,6.4617347448340725,1,1,0,11.367,11.447,0.166,0.026669,37.798,0.0799999999999983,11.386,11.429,0.091,0.026062,38.831,0.04300000000000104,10.937395510048656,11.274936,233.7171,1.0080436,0.860695,4.64307,1040
8154-12704,1-37245,0.0675097,0.811,0.811,160.2,11.01997000559285,1,1,0,11.469,11.79,0.522,0.017499,31.731,0.32099999999999973,11.479,11.783,0.504,0.01544,31.71,0.30400000000000027,10.850639497134603,11.18818,148.4354,0.91889346,0.892125,8.79712,1040
9035-3704,1-247675,0.0363857,0.47,0.47,106.1,5.271201582235356,1,1,2,10.493,10.61,0.235,0.03242,18.209,0.1169999999999991,10.308,10.723,0.615,0.027729,18.21,0.4150000000000009,10.424474907414204,10.762015,107.173515,1.0500797,0.823486,4.19453,4240
9864-3702,1-197230,0.0751868,0.04,0.04,263.6,5.204570137125775,2,1,0,11.445,11.474,0.06,0.038769,62.37,0.028999999999999915,11.443,11.465,0.046,0.043453,84.745,0.02200000000000024,11.005712326239292,11.343253,270.69308,1.0588557,0.760009,4.1705,1040
8445-12704,1-409200,0.0245361,0.852,0.852,113.2,6.245782281709543,3,1,0,10.336,10.344,0.018,0.030272,81.935,0.007999999999999119,10.235,10.318,0.173,0.029542,81.837,0.08300000000000018,9.910618002466354,10.248158,74.23911,0.934567,0.297035,8.73986,1168
9181-3704,1-548609,0.127336,0.074,0.074,250.2,5.474686700038172,1,1,2,11.649,11.655,0.011,0.06407,39.215,0.006000000000000227,11.838,11.838,0.0,0.060089,2.817,0.0,11.174315712987461,11.511856,260.4261,1.0567569,0.770759,3.96472,4160
8933-12703,1-457198,0.0217287,0.491,0.491,92.6,2.944997321040077,1,1,0,9.794,9.84,0.101,0.052523,62.706,0.045999999999999375,9.778,9.835,0.124,0.051939,67.208,0.057000000000000384,9.330503058363213,9.668044,89.9446,1.0517387,0.638344,2.90574,1168
8997-1902,1-149193,0.0276203,0.489,0.489,260.8,4.179877778275994,3,1,0,10.927,10.932,0.003,0.036287,69.995,0.005000000000000782,10.914,10.927,0.021,0.03864,85.581,0.0129999999999999,10.306553688337262,10.644094,265.863,2.0320475,0.777568,2.93133,1040
9031-3704,1-209772,0.04173,0.371,0.371,175.4,6.968496542255816,3,1,0,10.987,11.021,0.074,0.032231,69.268,0.034000000000000696,11.004,11.018,0.03,0.032069,76.459,0.014000000000001123,10.620295371205854,10.957836,172.95274,1.0111411,0.830693,5.0283,1040
8996-12701,1-149610,0.0272582,0.903,0.903,120.5,7.070646862603813,3,1,0,10.344,10.483,0.274,0.023411,80.829,0.13900000000000112,10.516,10.523,0.017,0.018485,80.848,0.006999999999999673,10.00969304731329,10.347234,63.32632,0.92475605,0.285607,10.0372,1168
9044-3704,1-316138,0.0747467,0.146,0.146,265.5,5.998530186497143,1,1,0,11.524,11.553,0.062,0.039834,84.023,0.02900000000000169,11.553,11.555,0.0,0.039318,84.023,0.0019999999999988916,10.977502744681356,11.315043,270.76425,1.025559,0.886275,4.36396,1040
7968-3704,1-635629,0.019894,0.71,0.71,87.6,3.754345576141668,1,1,0,9.363,9.801,0.635,0.035209,69.979,0.4380000000000006,9.447,9.811,0.568,0.035172,70.343,0.36400000000000077,9.561041723716013,9.898582,67.82844,1.1526942,0.479965,4.22044,1552
8085-12703,1-38486,0.0498912,0.068,0.068,191.3,11.172979228278924,1,1,0,11.256,11.326,0.149,0.03183,39.215,0.07000000000000028,11.289,11.388,0.203,0.032022,3.899,0.0990000000000002,10.8440731374824,11.181614,196.63924,0.93461293,0.84276,9.39919,1040
9048-3704,1-295367,0.0960285,0.079,0.079,226.4,7.414064605628015,1,1,2,11.545,11.554,0.019,0.044193,51.676,0.009000000000000341,11.527,11.535,0.017,0.045201,84.745,0.008000000000000895,10.989617540418713,11.327158,235.06143,1.0444235,0.830902,5.24793,4096
8625-3701,1-23951,0.0281267,0.647,0.647,183.3,5.8065804352534816,3,1,0,10.83,10.854,0.053,0.024489,52.767,0.023999999999999133,10.814,10.859,0.096,0.023796,53.184,0.04499999999999993,10.305123412526548,10.642664,168.84026,1.4203993,0.754308,4.69125,1040
8446-12704,1-418252,0.0265727,0.76,0.76,137.6,11.352486032609658,3,1,0,10.885,10.886,0.0,0.019242,67.473,0.0009999999999994458,10.887,10.887,0.0,0.017319,67.254,0.0,10.245845663727248,10.583386,100.96248,0.90758395,0.49278,12.6019,1088
9502-3704,1-385108,0.0279657,0.425,0.425,84.3,4.440371545482551,1,1,2,9.971,9.971,0.0,0.049304,86.632,0.0,9.972,9.972,0.0,0.045702,86.632,0.0,9.816974671266149,10.154515,84.41473,0.97581786,0.754547,4.22048,4288
8624-12702,1-25656,0.0300528,0.774,0.774,124.0,7.895544884965801,1,1,2,10.513,10.58,0.141,0.028847,78.528,0.06700000000000017,10.45,10.563,0.229,0.029876,86.749,0.11300000000000132,10.085586668251908,10.423127,92.9221,0.8834509,0.30295,10.6871,4288
8933-12704,1-456769,0.0227634,0.332,0.332,118.4,2.9620295571082234,1,1,0,10.186,10.186,0.0,0.046442,34.146,0.0,10.126,10.137,0.023,0.04097,40.923,0.011000000000001009,9.648513206955048,9.986053,120.3014,1.155104,0.877852,2.2889,1168
9488-12704,1-384125,0.0159822,0.716,0.716,69.7,6.090401108874154,1,1,0,7.747,9.616,0.986,0.055149,80.489,1.8689999999999998,8.343,9.677,0.954,0.051622,86.789,1.3339999999999996,8.949474905357164,9.287016,42.680676,0.84754896,0.286293,8.89983,1168
9185-3704,1-561017,0.0296497,0.561,0.561,103.2,9.271858805548284,1,1,0,10.323,10.636,0.513,0.230538,86.781,0.31299999999999883,10.669,10.669,0.0,0.246101,86.855,0.0,10.163760502671892,10.501301,87.51305,0.9096843,0.291635,13.1995,1168
8080-3704,1-38041,0.0210167,0.791,0.791,79.7,4.919296898321123,1,1,0,9.885,9.933,0.105,0.033971,71.34,0.04800000000000004,9.74,9.917,0.336,0.033261,71.34,0.1769999999999996,9.790283756269268,10.127825,63.49891,1.0600507,0.555867,4.98483,1552
9888-12704,1-316945,0.0332288,0.759,0.759,101.4,12.363395325556159,1,1,0,10.451,10.655,0.376,0.018448,56.943,0.20399999999999885,10.598,10.702,0.213,0.014153,60.838,0.1039999999999992,10.399521432176144,10.737062,88.438034,0.89960814,0.640962,11.3836,1040
9871-12702,1-593698,0.0290635,0.744,0.744,164.2,17.26945280427778,1,1,2,11.287,11.364,0.162,0.014333,49.083,0.07699999999999996,11.279,11.368,0.186,0.015408,49.099,0.08900000000000041,10.831722639299182,11.169263,122.7693,0.8364769,0.629325,16.1216,4160
8984-3704,1-458127,0.0355294,0.769,0.769,159.0,3.699683521590324,1,1,2,10.446,10.563,0.235,0.020175,74.911,0.11700000000000088,10.386,10.55,0.314,0.018093,74.952,0.16400000000000148,10.198596611360443,10.536138,137.5147,1.2172737,0.484329,3.96029,4672
9868-12704,1-593328,0.0368922,0.184,0.184,251.5,10.363034247303599,1,1,0,11.353,11.439,0.178,0.015501,57.145,0.0860000000000003,11.331,11.441,0.222,0.015934,60.255,0.11000000000000121,10.878553389849976,11.216094,250.95056,0.91106594,0.706115,8.91729,1040
9027-1902,1-323766,0.0215815,0.106,0.106,81.8,2.8270807200947683,1,1,0,9.824,9.824,0.0,0.039537,41.17,0.0,9.823,9.823,0.0,0.03948,41.258,0.0,9.563124960338044,9.900665,82.48281,1.1857845,0.821896,2.25332,1168
9037-12704,1-593929,0.0188798,0.037,0.037,227.0,11.881240641916191,1,1,0,11.148,11.361,0.387,0.004897,2.859,0.21300000000000097,11.149,11.365,0.391,0.004904,2.849,0.21600000000000108,10.750238323206403,11.087779,230.39627,1.0151298,0.989282,8.12582,0
8154-1902,1-37478,0.0282449,0.269,0.269,148.1,3.9846391994320562,3,1,0,10.483,10.555,0.151,0.027964,47.603,0.07199999999999918,10.481,10.556,0.157,0.027955,47.558,0.07499999999999929,10.143439513734164,10.48098,150.13335,1.6729362,0.813834,2.78934,1168
8445-12701,1-591917,0.025054,0.787,0.787,127.5,13.802319145966925,1,1,2,10.763,10.825,0.133,0.016655,52.692,0.06199999999999939,10.845,10.873,0.06,0.011103,52.692,0.027999999999998693,10.48963791084494,10.827179,92.122826,0.92773676,0.787008,12.3828,4096
9491-3704,1-383107,0.039008,0.602,0.602,215.9,5.503639962454688,1,1,0,11.14,11.181,0.09,0.028957,47.01,0.04099999999999859,11.131,11.174,0.092,0.029342,48.716,0.04299999999999926,10.538519694962583,10.8760605,200.43585,1.0836097,0.790417,4.3142,1040
9868-3704,1-321221,0.0358624,0.058,0.058,172.8,8.18615037201456,2,1,0,10.93,10.981,0.111,0.024925,49.392,0.051000000000000156,10.918,10.975,0.121,0.027018,84.021,0.057000000000000384,10.641123955794686,10.978664,180.83012,1.150089,0.940938,4.43243,1040
9024-1902,1-314332,0.0300243,0.239,0.239,77.8,4.060876171601289,1,1,2,9.971,9.971,0.0,0.037792,42.931,0.0,9.911,9.911,0.0,0.036982,84.745,0.0,9.525309192439034,9.86285,80.06561,1.174512,0.795033,3.36728,4672
9088-12702,1-265589,0.0411658,0.546,0.546,112.5,14.35531731782418,1,1,0,11.813,11.813,0.0,0.01806,2.566,0.0,11.813,11.813,0.0,0.018071,2.566,0.0,10.89633052043383,11.233871,111.545395,0.8813545,0.83649,11.183,1040
8624-3704,1-25566,0.0277493,0.669,0.669,109.4,5.1809545944508955,1,1,0,10.247,10.286,0.087,0.042096,63.135,0.0389999999999997,10.198,10.286,0.183,0.041297,63.043,0.08799999999999919,10.153299500665334,10.49084,96.98025,1.0245491,0.719274,4.78976,1168
9027-3704,1-633947,0.0562009,0.175,0.175,256.3,6.011580966038919,1,1,0,11.407,11.409,0.0,0.037191,64.356,0.002000000000000668,11.404,11.406,0.0,0.051366,86.357,0.002000000000000668,10.848427451531798,11.185968,262.88184,1.0177448,0.811931,4.44602,1040
9095-3701,1-376285,0.0313123,0.634,0.634,105.6,5.098311504945889,1,1,0,10.533,10.534,0.0,0.030771,31.805,0.0010000000000012221,10.435,10.56,0.25,0.032968,31.862,0.125,10.177686529248941,10.515227,98.13087,1.0518405,0.84755,4.06981,1168
9881-12703,1-626840,0.0273425,0.813,0.813,176.0,10.738251079929817,3,1,0,10.933,11.064,0.258,0.018727,49.532,0.13100000000000023,10.919,11.067,0.289,0.017861,49.443,0.1479999999999997,10.400247787194495,10.737788,155.57784,0.9003374,0.758608,9.18584,1024
8444-3701,1-419257,0.0231736,0.272,0.272,123.1,5.135192392253015,1,1,0,10.251,10.375,0.248,0.028143,68.769,0.12400000000000055,10.397,10.397,0.0,0.026025,69.268,0.0,9.994122622623689,10.331663,118.003716,1.0191565,0.536161,5.27503,1040
9028-12702,1-633759,0.0300649,0.819,0.819,119.1,10.82080574759731,1,1,0,10.748,11.061,0.513,0.016077,41.103,0.3130000000000006,10.792,11.047,0.444,0.01589,41.103,0.2550000000000008,10.231051406207433,10.568592,89.00664,0.8708267,0.744721,8.94615,1552
9045-1901,1-314736,0.0305246,0.708,0.708,87.4,2.161594066732752,1,1,2,9.721,9.925,0.375,0.03325,40.43,0.20400000000000063,9.678,9.89,0.387,0.033353,43.283,0.21199999999999974,9.582655282453745,9.920196,86.024765,1.0945437,0.93034,1.61958,4608
9038-3704,1-199743,0.0352608,0.744,0.744,192.3,5.542392072743221,3,1,0,10.955,10.98,0.056,0.028771,57.833,0.025000000000000355,10.935,10.981,0.101,0.028942,58.551,0.045999999999999375,10.497599935719013,10.83514,166.00345,1.0825194,0.648957,4.99024,1040
8139-12701,1-121151,0.0155876,0.531,0.531,75.7,7.396635315311924,1,1,0,8.182,9.8,0.976,0.043626,86.698,1.6180000000000003,9.914,9.914,0.0,0.042881,86.698,0.0,8.940808738480825,9.278349,56.847965,0.9351076,0.346243,9.73124,1168
8331-3701,1-575738,0.0619815,0.105,0.105,226.8,10.557786901084228,3,1,0,11.529,11.565,0.079,0.031197,22.702,0.03599999999999959,11.527,11.571,0.096,0.031142,21.993,0.04400000000000048,11.122399390371013,11.45994,229.64293,0.90787745,0.975558,8.18637,1088
8309-3704,1-197017,0.0409503,0.441,0.441,238.5,5.659131197548619,1,1,0,11.15,11.195,0.094,0.019882,86.222,0.04499999999999993,11.15,11.195,0.097,0.042198,86.222,0.04499999999999993,10.715463480851884,11.053004,234.05362,1.2241302,0.670307,4.70106,1040
9028-3704,1-594318,0.050068,0.037,0.037,339.6,13.90722727353187,1,1,0,12.182,12.599,0.617,0.014988,2.593,0.4169999999999998,11.962,12.205,0.426,0.015169,2.795,0.24300000000000033,11.302341753436881,11.639882,339.3658,0.9718945,0.91422,9.82329,0
9033-1902,1-321823,0.132655,0.614,0.614,199.2,3.5436724317725794,1,1,2,11.323,11.324,0.0,0.057159,45.623,0.0009999999999994458,11.306,11.326,0.044,0.058528,45.479,0.02000000000000135,11.0189292334062,11.35647,187.7158,1.0094713,0.793284,3.74236,4672
8996-12705,1-149686,0.0476402,0.859,0.859,162.6,7.955895452229563,3,1,0,11.112,11.115,0.008,0.023448,56.282,0.0030000000000001137,11.093,11.117,0.055,0.023032,56.167,0.02400000000000091,10.705443748291023,11.042984,100.46337,0.9021297,0.547475,8.74798,1040
8992-3704,1-149871,0.0260956,0.238,0.238,164.5,6.333518306775852,1,1,0,10.972,11.044,0.152,0.025093,25.856,0.07200000000000095,10.896,11.023,0.253,0.025655,26.24,0.1269999999999989,10.365884658981894,10.703425,166.60912,1.1032588,0.91233,4.61607,1088
8445-3704,1-409240,0.0251545,0.641,0.641,124.1,4.39634498731813,1,1,0,10.3,10.372,0.152,0.024026,77.899,0.07199999999999918,10.281,10.368,0.182,0.023762,77.913,0.08699999999999974,9.925918751439013,10.263459,113.57633,1.0786374,0.496101,4.57222,1168
9486-3704,1-72128,0.0129214,0.832,0.832,52.2,4.5953567735362375,1,1,2,9.001,9.439,0.635,0.034945,56.733,0.4380000000000006,9.012,9.439,0.626,0.034946,56.784,0.4269999999999996,9.197451484852584,9.534992,35.476547,0.942752,0.638744,4.53077,4624
8154-3704,1-37477,0.0293669,0.658,0.658,131.9,3.661591998347286,1,1,0,10.289,10.383,0.193,0.01514,77.694,0.09399999999999942,10.264,10.377,0.229,0.015292,79.025,0.11300000000000132,10.168559352820914,10.5061,120.795425,1.3760993,0.531792,3.86227,1168
8937-3704,1-201334,0.0275678,0.266,0.266,123.4,6.00072968070448,1,1,0,10.477,10.478,0.0,0.037512,49.044,0.0009999999999994458,10.451,10.452,0.001,0.037745,85.229,0.0009999999999994458,9.975296213934234,10.312837,125.9461,1.0335553,0.810609,3.87275,1168
8941-3704,1-218326,0.0262989,0.691,0.691,78.5,3.7057818865453753,1,1,0,9.81,9.888,0.164,0.041068,80.088,0.0779999999999994,9.912,9.912,0.001,0.045229,86.636,0.0,9.72106169776319,10.058602,68.82662,0.9945423,0.512879,3.97534,1168
9500-12702,1-605504,0.0276496,0.776,0.776,118.6,9.976101053216484,3,1,0,10.661,10.808,0.287,0.018056,56.158,0.14700000000000024,10.656,10.809,0.297,0.018061,56.158,0.1529999999999987,10.251144035859557,10.588685,90.31041,0.88421714,0.654718,8.81365,1040
9043-3704,1-374514,0.084046,0.117,0.117,229.7,7.341508641165882,2,1,0,11.637,11.668,0.068,0.040198,20.676,0.030999999999998806,11.463,11.585,0.244,0.040321,36.659,0.12200000000000166,11.029675914946282,11.367216,233.57158,0.9969739,0.952307,5.72858,1040
9095-6101,1-318435,0.031734,0.864,0.864,61.3,3.7782752635936823,1,1,2,9.705,9.705,0.001,0.105419,72.271,0.0,9.472,9.668,0.364,0.103891,72.013,0.19599999999999973,9.473559954600812,9.811101,46.34125,0.9127873,0.887366,5.38244,4224
9493-6101,1-413061,0.109091,0.818,0.818,187.4,5.945844130892579,1,1,2,11.346,11.585,0.424,0.032794,41.655,0.23900000000000077,11.14,11.597,0.651,0.032782,41.668,0.45699999999999896,10.948484364182224,11.286025,132.26834,0.9520903,0.756379,5.36751,4288
7958-12701,1-177285,0.0357749,0.539,0.539,80.2,5.996815530284756,1,1,0,10.104,10.177,0.155,0.081305,63.761,0.0730000000000004,9.866,10.169,0.502,0.080675,64.189,0.3030000000000008,9.017133549540022,9.354674,62.45657,0.9395463,0.465589,6.13647,32
7964-6101,1-179386,0.0486859,0.223,0.223,86.5,7.179356293187067,1,1,0,10.626,10.627,0.001,0.026332,17.122,0.0010000000000012221,10.616,10.642,0.06,0.024701,17.044,0.0259999999999998,10.545951275050559,10.8834915,89.45239,1.0587032,0.982276,5.47478,64
9486-12701,1-122088,0.041528,0.709,0.709,137.6,20.249028110392167,1,1,0,11.237,11.516,0.473,0.026162,36.638,0.2789999999999999,11.262,11.466,0.375,0.025661,36.645,0.20399999999999885,10.978861792670445,11.316402,122.290146,0.8972255,0.82759,23.9432,1088
7964-1902,1-179682,0.0241526,0.167,0.167,47.0,4.453913284245392,1,1,2,9.5,9.5,0.0,0.071045,19.631,0.0,9.387,9.387,0.0,0.069347,23.918,0.0,9.422975379945921,9.760516,47.660393,1.026781,0.966832,3.68067,4240
8080-6101,1-37908,0.026421,0.664,0.664,80.8,6.5531144664919285,1,1,0,10.172,10.234,0.134,0.033005,52.692,0.06199999999999939,10.224,10.224,0.0,0.032547,53.021,0.0,9.531854291764445,9.869395,66.07548,0.9708955,0.664268,6.02093,1168
9888-6101,1-317226,0.0741617,0.202,0.202,258.0,6.802925467772636,1,1,0,11.505,11.559,0.115,0.03462,85.847,0.053999999999998494,11.515,11.554,0.083,0.054446,85.847,0.0389999999999997,10.996208172909526,11.333749,258.9268,1.002912,0.70772,6.24859,1040
9492-12705,1-382322,0.06348,0.832,0.832,168.6,8.623523660222698,3,1,0,11.357,11.365,0.019,0.028513,49.361,0.008000000000000895,11.349,11.35,0.001,0.027468,49.461,0.0009999999999994458,10.909230721419844,11.246771,116.718605,0.93503153,0.572955,8.92863,1040
9505-12701,1-387106,0.045792,0.858,0.858,189.3,8.85804754758384,3,1,0,11.089,11.195,0.216,0.016363,75.212,0.10599999999999987,11.213,11.22,0.015,0.013654,75.365,0.0070000000000014495,10.695153204661679,11.032694,123.473404,0.9153972,0.452877,9.65362,1040
9485-12702,1-121612,0.0187191,0.509,0.509,81.1,6.38913260010591,1,1,0,8.924,9.664,0.818,0.048619,86.843,0.7400000000000002,9.775,9.775,0.0,0.049468,86.843,0.0,8.76504982190295,9.102591,58.884678,0.8292458,0.222456,11.1178,1168
8990-6101,1-174781,0.0323144,0.064,0.064,225.3,7.9300895586474285,1,1,0,11.146,11.173,0.058,0.013686,54.515,0.026999999999999247,11.131,11.159,0.058,0.013966,85.414,0.02800000000000047,10.604961138448196,10.942502,230.3862,0.97699887,0.863395,6.07898,1040
8309-1902,1-196863,0.0411816,0.284,0.284,143.9,4.354638717049113,1,1,2,10.564,10.659,0.195,0.016122,84.023,0.09500000000000064,10.569,10.659,0.188,0.017909,83.833,0.08999999999999986,10.54015797596533,10.877699,145.63713,1.3551496,0.955023,3.05832,4288
9036-3702,1-594069,0.0402913,0.192,0.192,207.6,5.77630516927413,1,1,0,11.051,11.13,0.165,0.013781,56.367,0.07900000000000063,11.035,11.111,0.159,0.015246,85.23,0.07600000000000051,10.91252600943726,11.250067,208.45757,1.3632754,0.82169,4.25971,1040
8445-1902,1-409109,0.0252944,0.374,0.374,151.2,6.590511280935122,2,1,0,10.658,10.693,0.075,0.035268,34.935,0.03500000000000014,10.587,10.686,0.202,0.033582,37.714,0.0990000000000002,10.055840669982285,10.393381,152.14607,1.1867807,0.92112,3.44133,1040
8999-6101,1-148649,0.0236191,0.562,0.562,47.9,5.414767327778874,1,1,0,7.945,9.798,0.986,0.058141,42.962,1.8529999999999998,8.171,9.659,0.967,0.050866,62.282,1.4880000000000013,9.214708772052616,9.552249,32.678574,0.9249726,0.647542,5.34256,1168
8085-12701,1-38368,0.0289167,0.711,0.711,111.9,11.049555586083398,1,1,0,9.332,10.715,0.959,0.020468,59.002,1.3829999999999991,10.747,10.748,0.0,0.019487,56.2,0.0009999999999994458,9.702420195977616,10.039961,77.39733,0.9786681,0.574597,10.9384,1152
9865-6101,1-631732,0.0143841,0.63,0.63,56.7,4.709252333752061,1,1,0,9.027,9.282,0.444,0.049982,78.447,0.2550000000000008,8.826,9.257,0.629,0.050551,78.7,0.43099999999999916,8.732989299848782,9.07053,39.70429,0.95221263,0.437636,5.49758,1168
8932-6101,1-456337,0.0264916,0.71,0.71,119.4,7.86452911466404,1,1,0,10.466,10.53,0.136,0.022872,64.473,0.06400000000000006,10.493,10.534,0.089,0.022184,66.794,0.04100000000000037,10.310576493716656,10.648117,111.335175,0.9670708,0.649867,5.89743,1040
8997-6101,1-149470,0.0262798,0.258,0.258,162.3,9.231600788015374,1,1,0,10.974,10.974,0.0,0.015091,19.575,0.0,10.97,10.988,0.042,0.015088,19.236,0.017999999999998906,10.417878394293002,10.755419,165.27695,0.9786478,0.955782,6.42554,1024
9505-6101,1-387035,0.0269225,0.677,0.677,160.1,8.13447618697977,1,1,0,10.834,10.966,0.262,0.021803,49.623,0.13199999999999967,10.828,10.95,0.244,0.020982,49.487,0.12199999999999989,10.38345270433056,10.720993,146.92714,0.9809272,0.838948,6.51673,1024
8999-1902,1-148596,0.0244893,0.58,0.58,113.8,3.1120137281106435,1,1,0,9.999,10.069,0.15,0.030427,73.501,0.07000000000000028,10.02,10.07,0.108,0.030268,78.292,0.05000000000000071,9.644720149474853,9.982261,110.95359,1.4960958,0.727289,2.25217,1168
8935-12702,1-404260,0.0239478,0.592,0.592,53.0,6.094061173921155,1,1,2,7.857,9.501,0.977,0.07652,86.474,1.6439999999999992,8.14,9.491,0.955,0.076556,86.749,1.350999999999999,9.245986185377218,9.583527,35.98184,0.8666855,0.480012,7.45364,4288
9193-6101,1-37797,0.0281225,0.311,0.311,98.6,3.8693252664340996,1,1,2,10.153,10.16,0.015,0.038711,39.616,0.006999999999999673,10.119,10.133,0.032,0.039733,84.745,0.013999999999999346,9.972308852556278,10.30985,99.21954,1.1290617,0.804709,3.20903,4288
8625-12704,1-24142,0.0273026,0.097,0.097,298.4,17.636464403411313,1,1,0,11.754,12.079,0.526,0.00465,2.695,0.32500000000000107,11.701,11.96,0.448,0.004654,2.828,0.25900000000000034,11.16173924018175,11.49928,296.93243,1.0222428,0.76306,18.0748,0
8323-6101,1-415476,0.03365,0.705,0.705,140.8,7.549677429948724,1,1,0,10.82,11.017,0.364,0.016921,36.748,0.19699999999999918,10.802,11.027,0.404,0.016796,36.8,0.22499999999999964,10.56214053721484,10.899681,127.682434,0.98300105,0.880956,5.85855,1040
9028-1902,1-269081,0.0324374,0.777,0.777,77.9,3.6456684120044494,1,1,2,9.988,9.989,0.0,0.060086,56.542,0.0010000000000012221,9.827,9.995,0.321,0.07186,56.601,0.16799999999999926,9.637240489053065,9.974781,64.43854,0.96032983,0.6587,3.40132,4096
8933-6101,1-456567,0.0230696,0.491,0.491,126.6,2.7367768902990375,1,1,0,10.055,10.055,0.0,0.044757,60.442,0.0,10.046,10.046,0.0,0.087665,86.379,0.0,9.574969487763935,9.91251,128.71841,1.3531065,0.832,2.03009,1168
9500-12704,1-605482,0.0188408,0.717,0.717,125.9,8.79921714466171,1,1,2,10.391,10.565,0.329,0.009352,65.854,0.1739999999999995,10.392,10.583,0.356,0.008916,65.854,0.19100000000000072,10.165265105268489,10.502806,110.578804,0.9351451,0.588969,8.43739,4096
8933-3701,1-456537,0.0229477,0.262,0.262,67.8,3.093466252378385,1,1,0,9.571,9.606,0.077,0.051568,86.468,0.03500000000000014,9.618,9.618,0.0,0.096863,86.468,0.0,9.317917153566757,9.6554575,68.074585,0.9469582,0.537442,3.39089,1168
9891-6101,1-436574,0.0581414,0.672,0.672,221.3,6.877744693624949,1,1,0,11.294,11.377,0.173,0.026325,54.876,0.08300000000000018,11.22,11.361,0.276,0.02686,53.573,0.14100000000000001,10.83448682840733,11.172028,195.15337,0.9417461,0.752197,5.80396,1040
9487-12701,1-44618,0.0316031,0.748,0.748,92.6,15.489032089393948,1,1,0,10.787,11.3,0.693,0.018435,25.825,0.5129999999999999,10.816,11.281,0.657,0.018344,25.833,0.46499999999999986,10.13884877612646,10.476389,72.48099,0.88000834,0.854526,13.2224,1040
9193-12701,1-37440,0.0136253,0.184,0.184,148.2,16.354638862802123,1,1,0,10.756,10.796,0.089,0.013935,75.494,0.03999999999999915,10.718,10.79,0.152,0.013819,77.245,0.07199999999999918,10.345810746136513,10.6833515,147.18811,0.9212524,0.695706,14.8759,0
8999-3702,1-576235,0.140443,0.074,0.074,246.8,4.544199566542945,1,1,0,11.721,12.014,0.49,0.042522,2.621,0.29299999999999926,11.723,12.017,0.491,0.042511,2.62,0.2939999999999987,11.225068802141639,11.56261,249.7805,0.9711644,0.807001,4.76487,1024
8989-6101,1-175187,0.0240278,0.752,0.752,59.0,5.3153146743034885,1,1,0,9.494,9.849,0.558,0.041456,56.826,0.3550000000000004,9.123,9.838,0.807,0.041272,58.392,0.7149999999999999,9.336705831026995,9.674247,43.781612,0.9793729,0.620396,5.32847,1168
9883-6101,1-212201,0.0898405,0.202,0.202,284.0,7.5400042680661175,1,1,0,11.671,11.768,0.198,0.028582,85.847,0.09700000000000131,11.659,11.767,0.218,0.035842,85.847,0.10799999999999876,11.089562483924242,11.427103,285.17804,1.0572209,0.765195,5.71849,1040
8139-6101,1-121209,0.027711,0.743,0.743,122.2,5.9063836512865215,1,1,0,10.44,10.521,0.171,0.024428,68.995,0.0810000000000013,10.448,10.517,0.147,0.021861,68.922,0.06899999999999906,10.156827688856039,10.494369,104.35738,1.0118086,0.677026,5.64209,1168
9486-12704,1-72393,0.0207519,0.68,0.68,80.4,8.265455432330908,1,1,0,9.396,10.006,0.754,0.033714,79.714,0.6099999999999994,10.019,10.069,0.109,0.034117,82.192,0.05000000000000071,9.2392293856005,9.57677,58.44813,0.90096194,0.340458,9.84633,1168
9871-6101,1-236268,0.0307609,0.559,0.559,86.5,6.881966897552069,1,1,0,10.183,10.453,0.463,0.020307,48.109,0.2699999999999996,10.098,10.458,0.564,0.020261,48.054,0.35999999999999943,10.10603782995016,10.443579,75.106026,0.9898352,0.78626,5.68874,1168
9027-12701,1-272287,0.0315467,0.787,0.787,129.1,12.012130578728577,1,1,0,10.569,11.048,0.668,0.009761,53.146,0.4789999999999992,9.868,11.04,0.933,0.00937,53.905,1.1719999999999988,10.500926350510207,10.838467,81.18228,0.94662154,0.764239,10.6447,1040
8085-6101,1-109392,0.0514803,0.11,0.11,263.0,7.510863975942404,1,1,0,11.429,11.463,0.071,0.030373,68.679,0.03399999999999892,11.427,11.46,0.071,0.044421,86.055,0.03300000000000125,10.883554125613424,11.221095,265.28528,0.99460644,0.72063,6.78671,1040
9044-6101,1-316023,0.0229164,0.719,0.719,80.4,7.071503814682029,1,1,0,10.228,10.307,0.167,0.025265,36.971,0.07900000000000063,10.175,10.331,0.302,0.025161,37.089,0.1559999999999988,9.897002137378543,10.234543,62.723038,0.96351624,0.832627,5.41359,1040
9486-6101,1-72210,0.0408501,0.206,0.206,185.4,6.503218017585398,2,1,0,10.955,11.046,0.189,0.017953,35.758,0.0909999999999993,10.938,11.025,0.181,0.017994,41.154,0.08699999999999974,10.72002113442272,11.057562,187.3095,0.96291155,0.787753,5.36116,1040
8941-1902,1-163917,0.0683473,0.539,0.539,215.3,3.809335168517722,1,1,0,11.072,11.133,0.128,0.020842,71.445,0.06099999999999994,11.069,11.131,0.131,0.029025,86.468,0.06199999999999939,10.911016373460967,11.248557,209.32475,1.4488901,0.778428,3.03984,1040
8323-1902,1-624448,0.0331666,0.548,0.548,236.2,5.00693518339068,1,1,0,10.899,10.987,0.18,0.012503,71.567,0.08800000000000097,10.882,10.984,0.206,0.011697,75.172,0.10200000000000031,10.48216012636273,10.819701,233.88596,1.6994885,0.778875,3.00374,1040
8445-6101,1-399541,0.024585,0.549,0.549,164.3,8.189216574375406,1,1,0,10.795,10.818,0.05,0.007229,75.96,0.022999999999999687,10.819,10.82,0.0,0.007172,76.086,0.0009999999999994458,10.254647153585143,10.592188,152.06758,0.9758972,0.701951,6.61727,1040
7958-12704,1-546966,0.0254981,0.752,0.752,86.0,9.202027045700143,1,1,0,10.261,10.261,0.0,0.023559,78.236,0.0,10.262,10.262,0.0,0.023476,79.171,0.0,9.780177566392965,10.117718,57.731213,0.86660564,0.305569,14.6371,1168
9193-1902,1-37791,0.0253366,0.506,0.506,182.3,5.485122699290658,1,1,0,10.806,10.82,0.029,0.034486,36.653,0.014000000000001123,10.795,10.819,0.051,0.033871,36.616,0.02400000000000091,10.172985105594124,10.510526,182.27068,1.2457364,0.929549,3.64824,1040
9509-3701,1-229940,0.0220896,0.193,0.193,109.4,4.3309689760829375,1,1,0,10.125,10.173,0.103,0.034167,65.009,0.04800000000000004,10.124,10.186,0.133,0.034194,44.818,0.06199999999999939,9.813118428842607,10.150659,110.74739,1.1366695,0.938606,3.10701,1040
8992-6101,1-149536,0.0337028,0.73,0.73,126.6,7.659357265908025,1,1,2,10.635,10.915,0.475,0.020442,36.636,0.27999999999999936,10.597,10.95,0.556,0.020796,36.619,0.35299999999999976,10.252391803181244,10.589932,114.21018,0.95442307,0.741857,6.29917,4672
8932-1902,1-456924,0.0226445,0.726,0.726,248.5,3.400344606656496,1,1,0,10.707,10.723,0.029,0.034277,86.636,0.016000000000000014,10.687,10.718,0.062,0.034496,86.636,0.031000000000000583,10.040709120710908,10.37825,240.58904,1.866395,0.614436,2.90198,1040
9493-12703,1-385415,0.0768184,0.076,0.076,222.2,8.377879608041358,1,1,0,11.44,11.511,0.15,0.029103,39.215,0.07099999999999973,11.636,11.709,0.154,0.027792,2.83,0.0730000000000004,11.070370390367003,11.407911,226.5123,0.92093086,0.850562,8.42318,1040
8982-6101,1-457753,0.0240711,0.755,0.755,104.4,5.124577760804067,3,1,0,10.19,10.28,0.185,0.030839,75.244,0.08999999999999986,10.188,10.279,0.189,0.030839,75.254,0.0909999999999993,9.841844807979454,10.179385,83.353096,0.9953691,0.438471,6.1174,1168
9507-1901,1-299094,0.0878269,0.278,0.278,230.6,5.147187058738674,3,1,0,11.401,11.402,0.0,0.042894,72.351,0.0009999999999994458,11.398,11.399,0.0,0.053938,85.23,0.0009999999999994458,11.07186360460768,11.409404,237.03488,1.1943744,0.768641,3.61855,1040
9095-12704,1-318315,0.0346271,0.887,0.887,129.6,11.236924233419773,3,1,0,10.922,10.922,0.0,0.023661,66.115,0.0,10.902,10.922,0.045,0.023444,66.067,0.02000000000000135,10.382413313126266,10.719954,68.924576,0.8656454,0.493693,11.5521,1168
8443-6101,1-592128,0.0296739,0.178,0.178,202.1,8.704362068165013,1,1,0,10.98,11.094,0.23,0.016024,70.524,0.11399999999999899,10.981,11.093,0.226,0.017028,84.023,0.1120000000000001,10.51144483630129,10.848986,204.28522,0.9766081,0.914444,5.44119,1040
8938-6101,1-146271,0.0411394,0.056,0.056,210.9,6.038127905641808,1,1,0,11.053,11.097,0.094,0.023477,84.023,0.04399999999999871,11.059,11.098,0.084,0.027078,83.997,0.03900000000000148,10.697411568674259,11.034952,216.89828,1.1070111,0.88698,4.10614,1040
9865-12701,1-246570,0.0266382,0.704,0.704,117.1,10.007839446520775,1,1,0,10.59,10.596,0.015,0.026114,79.025,0.006000000000000227,10.419,10.57,0.294,0.022146,86.782,0.1509999999999998,10.215798774918628,10.553339,90.039986,0.93364286,0.329395,14.1061,1040
8940-6101,1-229914,0.0201512,0.781,0.781,64.2,2.1761914463066727,1,1,0,9.347,9.368,0.048,0.06787,69.991,0.021000000000000796,9.099,9.325,0.406,0.066164,69.441,0.2259999999999991,9.046456142412591,9.383997,54.86034,1.0194702,0.524509,2.41718,1168
8443-3702,1-423101,0.0369994,0.579,0.579,191.4,5.90966648713385,1,1,0,10.934,11.047,0.228,0.024164,45.22,0.11300000000000132,10.933,11.041,0.218,0.024082,45.219,0.10800000000000054,10.51645075424661,10.8539915,189.27846,1.0484755,0.87178,4.40245,1040
8444-1902,1-420770,0.0240957,0.693,0.693,60.9,3.0956033930908364,1,1,2,9.567,9.567,0.001,0.067512,59.594,0.0,9.448,9.564,0.233,0.067826,59.555,0.11599999999999966,9.108493988452377,9.446034,54.6034,0.9471482,0.652792,3.1312,4288
9869-6101,1-135491,0.0299832,0.771,0.771,94.6,4.636998036081876,1,1,0,10.206,10.208,0.004,0.049012,77.062,0.002000000000000668,10.215,10.215,0.0,0.048371,78.215,0.0,9.883772691122028,10.221313,77.84508,0.98846424,0.448727,5.47297,0
9485-6101,1-121851,0.0719923,0.706,0.706,261.1,6.399945655204351,1,1,0,11.486,11.577,0.187,0.024425,57.37,0.0909999999999993,11.426,11.56,0.266,0.022358,56.562,0.13400000000000034,11.020912089376603,11.358453,223.24014,0.9713188,0.686041,5.74633,1040
9183-1902,1-121992,0.0280217,0.196,0.196,95.1,2.0601404821521436,1,1,2,9.841,9.867,0.057,0.050029,45.535,0.026000000000001577,9.707,9.849,0.278,0.052036,45.456,0.14199999999999946,9.553240815225687,9.890781,95.10484,1.1080441,0.898785,1.70253,4096
8991-6101,1-150173,0.0233537,0.803,0.803,93.1,5.8092561727979435,3,1,0,9.992,10.155,0.314,0.02272,72.8,0.16299999999999848,9.677,10.13,0.647,0.021969,72.517,0.4530000000000012,9.837303654751452,10.174845,61.53156,0.97023183,0.481485,6.38107,1168
9863-1901,1-591255,0.0250332,0.468,0.468,117.5,3.917903007691298,1,1,0,10.23,10.263,0.072,0.038992,69.89,0.032999999999999474,10.217,10.26,0.093,0.039166,72.109,0.04299999999999926,9.907793350377602,10.245334,115.826706,1.1874008,0.73353,3.05591,1168
9512-1902,1-54001,0.0272106,0.661,0.661,76.7,5.12072559127467,1,1,2,9.506,10.125,0.759,0.03816,62.667,0.6189999999999998,9.424,10.117,0.797,0.038135,63.619,0.6930000000000014,9.546858399211342,9.884399,58.942387,0.9045712,0.604188,4.66974,4224
9868-6101,1-320912,0.0268793,0.822,0.822,99.5,5.851881975523703,3,1,0,10.219,10.27,0.11,0.02728,72.339,0.051000000000000156,10.107,10.256,0.291,0.027142,72.398,0.1490000000000009,9.963436000756298,10.300977,65.86236,0.97007537,0.434689,6.73999,1168
8993-12705,1-277279,0.0294089,0.768,0.768,150.0,10.60333261396555,3,1,0,10.921,11.023,0.21,0.014599,49.417,0.10200000000000031,10.911,11.027,0.233,0.014407,49.485,0.11599999999999966,10.473821138733308,10.811361,117.34496,0.9313143,0.729447,9.34829,1088
9039-6101,1-263429,0.0795831,0.17,0.17,232.3,8.815321502780682,1,1,0,11.559,11.618,0.126,0.034503,55.284,0.05900000000000105,11.592,11.644,0.113,0.034396,30.763,0.0519999999999996,11.059695919977974,11.397237,239.94852,1.0302486,0.960221,6.02967,1040
8984-6101,1-458033,0.0241651,0.82,0.82,86.0,4.350366896506919,1,1,0,9.793,9.793,0.0,0.044223,80.829,0.0,9.656,9.78,0.248,0.042613,81.838,0.12399999999999878,9.372429594658891,9.70997,58.25016,0.9600593,0.295437,6.50347,1168
9872-6101,1-322581,0.0195673,0.765,0.765,56.4,13.825138505561178,1,1,2,8.507,10.318,0.985,0.033623,69.823,1.811,9.161,10.348,0.935,0.032937,70.411,1.1870000000000012,9.649463375281504,9.987004,29.629787,0.93220913,0.423019,17.3657,4096
9491-6101,1-382712,0.0412448,0.755,0.755,139.8,6.3929444887393165,1,1,0,10.833,10.884,0.11,0.023101,62.79,0.051000000000000156,10.886,10.886,0.001,0.021598,62.766,0.0,10.332319265074485,10.66986,103.243225,1.0198212,0.697281,5.68796,1552
9185-3702,1-177250,0.0302212,0.706,0.706,131.3,4.872213922355418,3,1,0,10.508,10.529,0.046,0.031604,60.032,0.021000000000000796,10.522,10.529,0.016,0.030141,60.314,0.006999999999999673,10.231308994119322,10.56885,112.92492,1.111598,0.684304,4.29007,1168
9085-12702,1-178549,0.0276388,0.817,0.817,102.6,5.76258075521146,3,1,2,10.105,10.105,0.0,0.037498,81.902,0.0,10.109,10.109,0.0,0.037511,82.378,0.0,9.656038758081968,9.993579,61.46946,0.88705707,0.227794,9.91249,4224
9502-12705,1-585171,0.0289067,0.846,0.846,143.0,7.9918064779699955,3,1,0,10.7,10.701,0.003,0.034488,83.926,0.0010000000000012221,10.661,10.679,0.04,0.032091,83.872,0.018000000000000682,10.052043359503518,10.389584,85.71625,0.90633565,0.218596,13.5568,1168
9502-12704,1-585188,0.0295472,0.738,0.738,126.2,8.143487761947549,1,1,0,10.641,10.645,0.009,0.038099,75.111,0.0039999999999995595,10.277,10.6,0.524,0.036119,76.91,0.3230000000000004,10.106303112349035,10.443844,94.3308,0.89158845,0.399927,10.0296,1168
8985-1902,1-420638,0.0166465,0.682,0.682,94.8,2.5660039852434564,1,1,2,9.651,9.732,0.171,0.019488,73.28,0.08099999999999952,9.616,9.723,0.219,0.018917,74.232,0.1070000000000011,9.59562627024281,9.9331665,88.01111,1.8021052,0.587017,2.62982,4096
9182-12702,1-43864,0.0279902,0.832,0.832,123.6,7.298449063126049,3,1,0,10.551,10.551,0.0,0.025882,77.866,0.0,10.537,10.55,0.031,0.026428,78.093,0.0129999999999999,10.157610874530164,10.4951515,76.27145,0.91515416,0.333852,9.49995,1168
9181-12704,1-71953,0.0408082,0.067,0.067,191.9,14.41730176887022,1,1,0,11.378,11.398,0.043,0.022833,39.215,0.019999999999999574,11.566,11.629,0.135,0.022864,2.759,0.06299999999999883,10.932526526222215,11.270067,196.6265,0.9249206,0.876411,9.85612,1040
9047-6101,1-295474,0.0424607,0.18,0.18,200.5,7.322637495101381,1,1,0,11.145,11.194,0.106,0.027675,39.215,0.049000000000001265,11.355,11.427,0.151,0.026607,2.761,0.07199999999999918,10.65198510541211,10.989526,201.33154,0.98946786,0.944057,5.38979,1040
8445-12702,1-399563,0.0242937,0.731,0.731,172.9,7.458410246384003,3,1,2,10.803,10.842,0.084,0.017964,79.477,0.0389999999999997,10.802,10.844,0.09,0.01805,79.846,0.041999999999999815,10.408211124486295,10.745751,144.38211,0.9525061,0.417158,9.63895,4096
9864-12701,1-197186,0.074555,0.167,0.167,212.1,6.906903352189247,1,1,0,11.479,11.53,0.109,0.037363,13.251,0.051000000000000156,11.495,11.536,0.09,0.037051,13.686,0.04100000000000037,10.992868410731266,11.330409,218.18356,0.9068825,0.970726,5.39891,1040
9881-3702,1-457872,0.0260925,0.666,0.666,91.1,6.262329803162812,1,1,0,10.355,10.427,0.153,0.027846,35.897,0.07199999999999918,10.326,10.463,0.27,0.027482,35.731,0.13699999999999868,10.007137289090172,10.344678,82.083046,0.9022008,0.854575,5.03567,1040
9183-3703,1-122304,0.0233453,0.351,0.351,100.9,4.995776104621155,1,1,2,10.102,10.225,0.248,0.024364,18.788,0.12299999999999933,10.107,10.258,0.294,0.023032,18.731,0.1509999999999998,10.184773740272016,10.522314,104.3203,1.6431054,0.899537,3.87237,4160
7972-6101,1-113242,0.0437197,0.115,0.115,225.1,8.151067808359265,1,1,0,11.253,11.299,0.098,0.025127,84.745,0.045999999999999375,11.279,11.3,0.044,0.024524,84.744,0.021000000000000796,10.883637023143702,11.221178,227.45216,1.0148872,0.846325,6.17146,1040
8443-3703,1-422430,0.0665696,0.644,0.644,234.6,6.846918261689616,3,1,0,11.444,11.465,0.046,0.032961,71.312,0.02099999999999902,11.448,11.465,0.036,0.032896,71.519,0.01699999999999946,10.961587185874594,11.299128,215.7274,1.0299292,0.653639,5.15417,1040
8443-1901,1-422898,0.0294147,0.431,0.431,147.9,4.025379663631187,1,1,0,10.484,10.555,0.151,0.016839,33.3,0.07099999999999973,10.485,10.556,0.149,0.016839,33.09,0.07099999999999973,10.214515354847077,10.552056,150.70311,1.764584,0.966453,2.14186,1168
8446-6101,1-409184,0.0236839,0.575,0.575,65.3,3.8669612486405365,1,1,2,7.832,9.401,0.973,0.132306,86.749,1.569,9.528,9.528,0.0,0.130792,86.749,0.0,8.816534929646506,9.154076,39.280334,0.9541221,0.365114,5.71851,4160
9000-6101,1-187562,0.0210181,0.539,0.539,126.7,4.29784859689848,1,1,0,10.259,10.31,0.11,0.031213,44.272,0.051000000000000156,10.233,10.302,0.146,0.031771,45.5,0.06899999999999906,9.908531126709319,10.246072,123.88176,1.2787924,0.814503,3.55747,1040
9486-12702,1-72207,0.0402569,0.707,0.707,87.4,16.874935291195854,1,1,0,11.177,11.177,0.0,0.022928,31.598,0.0,11.131,11.213,0.173,0.022926,31.604,0.08199999999999896,10.45014283177347,10.7876835,63.916393,0.8224677,0.829727,13.4344,1552
9488-3701,1-384097,0.0159513,0.07,0.07,78.0,5.4166896124741495,1,1,0,9.774,9.815,0.091,0.040296,80.043,0.04100000000000037,9.78,9.816,0.079,0.042282,79.751,0.036000000000001364,9.438211557825232,9.775752,77.266716,0.951125,0.912072,4.61354,1536
9881-12701,1-568582,0.0323642,0.676,0.676,86.1,10.806482505556621,1,1,0,10.264,10.789,0.701,0.017648,38.052,0.5250000000000004,10.389,10.776,0.59,0.017517,38.014,0.38700000000000045,10.124096474844793,10.4616375,63.99309,0.91684353,0.826503,8.85842,1168
9490-6101,1-383208,0.0338467,0.788,0.788,128.4,6.831725805101831,3,1,0,10.699,10.703,0.009,0.027626,52.692,0.0039999999999995595,10.689,10.713,0.052,0.026758,52.692,0.023999999999999133,10.250088054978372,10.587628,106.36352,0.9689698,0.69903,6.27415,1040
9034-12703,1-198747,0.0289431,0.849,0.849,120.3,6.674275536552598,3,1,0,10.292,10.535,0.427,0.021449,68.922,0.24300000000000033,10.292,10.534,0.428,0.02316,68.922,0.24200000000000088,10.117659003875813,10.455199,84.27297,0.9277123,0.481431,7.16434,1168
8936-6101,1-152806,0.0265855,0.162,0.162,252.1,9.476520294653199,1,1,2,11.201,11.267,0.138,0.013138,68.682,0.06599999999999895,11.197,11.261,0.133,0.014411,85.581,0.06400000000000006,10.698757147885797,11.036298,257.3726,1.3607548,0.357514,6.66132,4160
9508-1901,1-298835,0.0281605,0.285,0.285,56.2,3.244214983032409,1,1,2,9.726,9.726,0.0,0.039019,19.683,0.0,9.758,9.758,0.0,0.038313,19.102,0.0,9.554417680273994,9.891958,57.121964,1.299253,0.911775,2.58212,4288
9863-1902,1-456974,0.0195139,0.092,0.092,87.0,4.217083309255325,1,1,0,9.833,9.85,0.037,0.052922,77.989,0.01699999999999946,9.852,9.852,0.0,0.052326,77.989,0.0,9.483919487179264,9.82146,88.10505,0.9842657,0.9641,3.50753,1552
9000-12703,1-188303,0.0471775,0.077,0.077,203.8,8.467785242834822,1,1,2,11.221,11.236,0.033,0.034692,85.847,0.015000000000000568,11.223,11.235,0.024,0.036754,85.847,0.011999999999998678,10.657522420885636,10.995063,202.61206,0.92161727,0.723023,9.14225,4096
9864-3703,1-197121,0.07509,0.503,0.503,90.9,3.3820905155387755,1,1,0,10.362,10.362,0.0,0.043791,85.58,0.0,10.367,10.367,0.0,0.04353,85.581,0.0,10.379321837487112,10.716863,91.47639,0.916553,0.862929,2.78472,8192
8080-12701,1-37640,0.0427789,0.746,0.746,87.9,11.493958562400461,1,1,2,10.844,11.133,0.487,0.022482,31.598,0.2889999999999997,10.484,11.207,0.811,0.02351,31.635,0.7230000000000008,10.212350101382775,10.5498905,55.455864,0.91964257,0.837138,9.23662,4672
9501-1902,1-385052,0.025953,0.74,0.74,65.1,2.313330313340639,1,1,2,9.362,9.495,0.264,0.066349,68.922,0.13299999999999912,9.42,9.505,0.177,0.06739,68.922,0.08500000000000085,9.20714406223167,9.544684,54.070015,0.9501477,0.557911,2.52818,4672
9490-6102,1-383264,0.0271848,0.767,0.767,114.3,7.170633411756542,1,1,0,10.394,10.621,0.408,0.020638,56.158,0.2270000000000003,10.261,10.639,0.581,0.020804,56.228,0.3780000000000001,10.02743523486457,10.364976,91.91086,0.9336801,0.681767,6.22068,1168
9193-3703,1-37877,0.031244,0.688,0.688,197.8,4.4489055121024235,3,1,0,10.78,10.823,0.093,0.021796,71.328,0.04300000000000104,10.787,10.823,0.078,0.021586,71.436,0.03599999999999959,10.266786561465773,10.604327,180.65865,1.3185233,0.633836,3.86205,1168
9501-3702,1-385080,0.0282544,0.553,0.553,134.8,6.056118863176542,1,1,0,10.592,10.593,0.0,0.027934,52.692,0.0009999999999994458,10.474,10.576,0.209,0.037982,52.943,0.10200000000000031,10.237448223066686,10.574988,132.03322,0.9821852,0.86341,4.64502,1040
8989-3703,1-617323,0.026442,0.682,0.682,118.2,7.676741225457305,1,1,0,10.499,10.5,0.0,0.030251,66.082,0.0009999999999994458,10.508,10.508,0.0,0.029548,67.464,0.0,10.213817807916978,10.551358,101.44038,0.91841984,0.629011,7.24422,1552
9185-3701,1-177104,0.0826696,0.073,0.073,244.8,7.894979044773331,1,1,0,11.586,11.808,0.399,0.0279,2.996,0.22199999999999953,11.575,11.786,0.384,0.027899,3.08,0.2110000000000003,11.121796130636149,11.459336,248.53922,0.8956869,0.836586,7.11843,1040
8624-6102,1-25722,0.0257308,0.842,0.842,80.2,4.446670902227623,3,1,2,9.924,9.947,0.05,0.044471,71.65,0.022999999999999687,9.961,9.975,0.032,0.045442,73.85,0.013999999999999346,9.641344199347172,9.978885,54.30967,0.9350764,0.43117,5.35611,4288
9869-12702,1-211257,0.0339242,0.788,0.788,146.1,5.585414808231053,3,1,0,10.71,10.714,0.008,0.028332,85.346,0.0039999999999995595,10.713,10.713,0.0,0.027858,85.207,0.0,10.350641419475409,10.688182,112.689285,0.93836087,0.35706,7.87997,1168
8625-12701,1-24003,0.0303001,0.671,0.671,130.9,6.112893346894127,1,1,0,10.492,10.572,0.168,0.012949,80.848,0.0799999999999983,10.564,10.592,0.061,0.011094,80.848,0.02800000000000047,10.322560392127551,10.660101,110.6541,1.29766,0.548522,5.68369,1168
8625-3703,1-23927,0.0279906,0.721,0.721,62.6,4.5175328667724886,1,1,2,9.481,9.834,0.557,0.031212,64.684,0.35299999999999976,8.666,9.789,0.925,0.029279,68.646,1.1229999999999993,9.58619108342001,9.923732,50.721634,0.97378474,0.563143,4.7121,4608
8993-6102,1-276843,0.0221918,0.81,0.81,77.9,3.6339659245263056,3,1,0,9.613,9.665,0.112,0.045307,85.997,0.0519999999999996,9.361,9.623,0.452,0.043635,86.305,0.2619999999999987,9.331983727707563,9.669524,55.73015,0.924157,0.298368,5.51096,1168
8144-6102,1-120943,0.0393096,0.087,0.087,170.5,9.44558336354569,1,1,0,11.034,11.121,0.182,0.026228,69.883,0.08699999999999974,11.041,11.115,0.157,0.032582,85.581,0.07399999999999984,10.585601711324998,10.923142,170.32928,0.93066543,0.79047,8.04322,1040
9505-6102,1-387081,0.028179,0.76,0.76,76.8,3.6957857527186855,1,1,2,9.635,9.763,0.255,0.038846,86.82,0.1280000000000001,9.523,9.74,0.393,0.039177,86.82,0.21700000000000053,9.707634889669642,10.045176,59.000328,1.0211576,0.313676,5.39951,4288
9038-6102,1-594097,0.0328828,0.72,0.72,192.5,5.3523307488684315,3,1,0,10.933,10.943,0.021,0.028782,79.262,0.009999999999999787,10.933,10.943,0.023,0.029478,79.675,0.009999999999999787,10.5394048331728,10.8769455,165.94652,1.0919935,0.470692,5.92853,1040
8999-12702,1-148652,0.0236139,0.312,0.312,107.5,2.8440719439826494,1,1,0,9.891,9.986,0.197,0.028948,66.703,0.09500000000000064,9.883,9.984,0.206,0.029187,68.506,0.10100000000000087,9.731608908248448,10.06915,106.833885,1.1940025,0.696478,2.61634,1168
8080-6102,1-603996,0.0376169,0.179,0.179,244.0,11.792170351169535,1,1,0,11.44,11.533,0.191,0.023047,24.222,0.09299999999999997,11.484,11.556,0.15,0.021734,22.852,0.07199999999999918,10.838405128225384,11.175945,247.32895,1.0867133,0.963592,5.32699,1040
8442-1902,1-419236,0.0231201,0.118,0.118,67.5,2.596180581444583,1,1,2,9.455,9.455,0.0,0.066378,69.217,0.0,9.464,9.464,0.0,0.066309,69.841,0.0,9.032667102629361,9.370208,65.11994,0.9361,0.534506,2.88113,4288
9024-1901,1-314028,0.0879591,0.109,0.109,221.0,3.8593015444617143,1,1,0,11.17,11.357,0.35,0.047258,21.914,0.1869999999999994,11.168,11.356,0.35,0.0473,22.001,0.1880000000000006,10.713258633454902,11.050799,222.62839,1.0515091,0.942424,3.51848,0
9501-3701,1-585207,0.0282529,0.491,0.491,135.7,5.185614924710495,1,1,0,10.533,10.562,0.064,0.031878,69.44,0.028999999999999915,10.516,10.553,0.081,0.031919,86.219,0.03700000000000081,10.089590752093317,10.427132,129.43594,1.0435517,0.694599,4.19095,1168
9095-6102,1-318321,0.0319161,0.79,0.79,143.4,7.563667888277361,1,1,0,10.68,10.728,0.105,0.021986,56.158,0.04800000000000004,10.576,10.722,0.286,0.022627,56.158,0.14599999999999902,10.598007633927635,10.935548,115.35908,0.9762854,0.747501,6.66085,1040
7964-12705,1-179151,0.0240206,0.707,0.707,71.1,5.716475305205968,1,1,0,9.639,9.837,0.366,0.04144,86.749,0.1980000000000004,9.89,9.891,0.001,0.040981,86.749,0.0009999999999994458,9.512897756320646,9.850438,50.737076,0.8891226,0.291294,8.90494,1168
8331-12704,1-250997,0.0279313,0.818,0.818,129.3,9.991071082539895,1,1,0,10.491,10.678,0.351,0.015702,69.799,0.18700000000000117,10.686,10.722,0.079,0.01091,72.064,0.03599999999999959,10.45505966835661,10.792601,96.023674,0.8997022,0.535867,10.545,1088
9507-12705,1-585206,0.0281762,0.716,0.716,105.5,9.229223488104756,1,1,0,10.56,10.74,0.339,0.021981,49.677,0.17999999999999972,10.609,10.726,0.236,0.020766,49.498,0.11700000000000088,10.205580553421902,10.543121,87.06127,0.8747288,0.61963,9.67446,1552
8992-3701,1-149496,0.0261391,0.461,0.461,128.0,3.2767085039512596,1,1,0,10.184,10.34,0.302,0.019334,47.577,0.15600000000000058,10.172,10.342,0.323,0.019314,47.604,0.16999999999999993,9.791699068217643,10.12924,127.96801,1.0180917,0.868201,2.70469,1168
9876-6102,1-457151,0.021117,0.816,0.816,71.7,5.224925883508778,1,1,0,9.84,9.882,0.091,0.043252,66.224,0.041999999999999815,9.531,9.868,0.539,0.043252,66.148,0.33699999999999974,9.444739423727283,9.78228,47.283386,0.8981718,0.521909,5.50927,1168
8995-3701,1-188756,0.0200189,0.711,0.711,149.3,4.158557379966096,3,1,2,10.296,10.344,0.104,0.023105,73.488,0.04800000000000004,10.288,10.343,0.117,0.023859,75.735,0.054999999999999716,9.927999275101396,10.26554,134.2271,1.2252957,0.547051,4.12508,4112
8984-3701,1-395593,0.0250267,0.657,0.657,84.3,4.94613421951222,1,1,0,9.969,10.169,0.368,0.021947,42.115,0.20000000000000107,9.948,10.183,0.417,0.021782,42.105,0.23499999999999943,9.793242632861777,10.130783,79.23898,0.9664139,0.833796,4.18033,1168
8990-3701,1-615485,0.0340146,0.35,0.35,157.0,6.156714457912185,1,1,0,10.775,10.776,0.0,0.027594,53.911,0.0009999999999994458,10.762,10.78,0.039,0.026163,49.648,0.017999999999998906,10.433337723963053,10.770879,156.85835,1.0684154,0.88611,3.98827,1040
9088-6102,1-265769,0.0311977,0.751,0.751,142.9,5.755679797007526,1,1,2,10.64,10.665,0.056,0.038215,81.346,0.02499999999999858,10.649,10.666,0.038,0.037823,81.248,0.017000000000001236,10.178294770794565,10.515836,122.77015,0.99885565,0.391187,7.02075,4288
8153-6102,1-547926,0.0267276,0.647,0.647,100.8,5.390378631826427,1,1,0,9.748,10.199,0.646,0.025195,72.352,0.4510000000000005,9.857,10.2,0.546,0.026405,86.633,0.34299999999999997,9.74441190875027,10.081952,78.49039,0.97927815,0.45932,6.17522,1168
9492-12704,1-382459,0.0445901,0.866,0.866,150.4,10.309560676630058,3,1,0,11.209,11.209,0.0,0.021021,49.1,0.0,11.213,11.213,0.001,0.020967,49.087,0.0,10.700924268887885,11.038465,98.06445,0.9009764,0.701248,9.29629,1040
8444-6102,1-421767,0.0254602,0.82,0.82,134.8,6.265650239261295,3,1,0,10.537,10.537,0.0,0.027474,72.081,0.0,10.533,10.537,0.009,0.027047,71.936,0.004000000000001336,10.072588081676912,10.410129,98.54172,0.97415084,0.481683,6.74135,1552
8941-6102,1-218248,0.0272935,0.82,0.82,87.2,4.147044084819692,1,1,2,9.76,9.917,0.303,0.045168,78.284,0.15700000000000003,9.525,9.895,0.574,0.046588,78.264,0.3699999999999992,9.561342326375373,9.898883,54.922756,0.92277765,0.323482,5.68909,4672
9028-6102,1-594335,0.0318521,0.039,0.039,295.9,13.781458043706982,1,1,0,11.537,11.619,0.169,0.015,85.81,0.08199999999999896,11.511,11.632,0.242,0.02575,85.81,0.12100000000000044,11.031670981557399,11.369211,295.87656,0.9408148,0.751743,11.3302,0
8977-6102,1-584650,0.0282062,0.708,0.708,83.7,9.27959889945152,1,1,2,10.6,10.6,0.0,0.026144,41.103,0.0,10.484,10.634,0.292,0.026387,41.235,0.15000000000000036,9.630651575683242,9.968192,59.971577,0.894764,0.80146,6.24213,4224
9036-6102,1-248037,0.0407452,0.642,0.642,103.6,7.647731488549177,1,1,0,10.716,11.305,0.742,0.015777,18.399,0.5890000000000004,10.764,11.286,0.7,0.015382,18.388,0.5220000000000002,10.416578936323258,10.75412,89.93362,0.9004749,0.978625,5.89382,1168
9869-1901,1-135193,0.0308858,0.234,0.234,173.4,5.231865338888375,2,1,0,10.754,10.81,0.12,0.033381,18.331,0.05600000000000094,10.755,10.812,0.121,0.033102,18.342,0.05699999999999861,10.242059163322127,10.579599,190.33907,1.8536284,0.867558,2.23994,1040
9036-3701,1-248003,0.0385889,0.506,0.506,219.3,6.746661184721338,3,1,0,11.248,11.259,0.021,0.027886,26.481,0.011000000000001009,11.24,11.242,0.001,0.02698,26.618,0.002000000000000668,10.657832869708697,10.995374,227.0047,1.0959499,0.954727,4.21998,1040
8989-1901,1-149758,0.0239009,0.551,0.551,71.4,8.270063902091493,1,1,0,10.142,10.27,0.256,0.030342,66.164,0.1280000000000001,9.863,10.247,0.587,0.030139,66.174,0.38400000000000034,9.913457266781526,10.250998,61.03694,0.9116118,0.54274,8.10073,1552
8322-3703,1-421145,0.0175604,0.381,0.381,95.1,4.816102096378033,3,1,2,9.955,9.997,0.091,0.031802,64.861,0.041999999999999815,9.969,9.995,0.058,0.032033,67.654,0.0259999999999998,9.778250402970855,10.115791,93.5882,1.0998838,0.681702,4.00409,4160
8158-3701,1-583694,0.0267252,0.651,0.651,162.7,6.18001517180536,3,1,0,10.68,10.752,0.153,0.020483,74.911,0.07200000000000095,10.716,10.76,0.097,0.019016,74.912,0.04400000000000048,10.356933673702363,10.694474,132.16034,1.362925,0.666924,4.79039,1040
9494-3701,1-384400,0.0152525,0.801,0.801,104.2,3.627030407723761,3,1,2,9.84,9.861,0.047,0.028472,78.151,0.021000000000000796,9.79,9.849,0.127,0.02906,78.335,0.05900000000000105,9.94902143193652,10.286562,80.87753,2.127776,0.391175,4.36887,4160
8999-3703,1-148621,0.0254048,0.159,0.159,118.2,5.215379102205453,1,1,0,10.389,10.468,0.166,0.033033,23.752,0.07900000000000063,10.229,10.325,0.197,0.034409,61.761,0.09600000000000009,9.939771269957857,10.277312,119.83407,1.0012202,0.940061,3.88744,1552
8150-1901,1-389285,0.133692,0.134,0.134,295.5,4.121113794387682,1,1,2,11.699,11.714,0.032,0.066396,70.412,0.015000000000000568,11.702,11.713,0.021,0.079734,85.581,0.010999999999999233,11.118410238321873,11.455951,300.24094,1.0201888,0.826875,3.52331,4096
9505-3701,1-413676,0.0242317,0.393,0.393,50.2,4.956884899051405,1,1,2,9.53,9.92,0.593,0.071726,32.588,0.39000000000000057,9.695,9.867,0.326,0.070296,32.514,0.1720000000000006,9.248858128760343,9.586399,47.56668,0.9187614,0.825811,4.34294,4288
9502-3701,1-556703,0.0184405,0.539,0.539,116.4,4.800554326681402,1,1,2,10.148,10.148,0.0,0.027393,69.253,0.0,10.075,10.136,0.13,0.026793,68.247,0.06099999999999994,9.897411539786017,10.234952,109.0088,1.1303942,0.658912,4.54851,4160
8158-12704,1-52588,0.0842328,0.086,0.086,263.9,5.524954428602599,1,1,0,11.461,11.555,0.193,0.026782,84.023,0.09399999999999942,11.466,11.556,0.185,0.029592,84.023,0.08999999999999986,11.033190460615586,11.370731,266.2432,0.9562462,0.859969,5.41301,1040
9869-3701,1-135101,0.0294585,0.682,0.682,63.2,5.247957107415169,1,1,2,9.911,9.911,0.0,0.054342,52.765,0.0,9.902,9.907,0.011,0.054147,52.752,0.005000000000000782,9.68039988214772,10.0179405,53.304417,0.90798086,0.685171,5.17462,4096
9888-6102,1-549010,0.0731071,0.091,0.091,243.9,7.338013922354132,1,1,0,11.487,11.614,0.252,0.028275,20.482,0.12700000000000067,11.484,11.615,0.26,0.028269,20.464,0.13100000000000023,11.05999863014969,11.397539,248.36685,0.9042617,0.936482,5.51516,1040
8331-3702,1-250651,0.054143,0.095,0.095,249.6,7.2137626601809925,2,1,0,11.39,11.448,0.122,0.02596,28.279,0.05799999999999983,11.253,11.351,0.199,0.031246,82.799,0.09800000000000075,10.852189553600594,11.18973,256.89374,0.9254827,0.942074,5.22775,1040
9193-12705,1-37388,0.0448852,0.66,0.66,221.6,9.704834635318129,1,1,0,11.393,11.393,0.0,0.037949,86.789,0.0,11.386,11.386,0.0,0.036541,86.789,0.0,10.769717685452955,11.107258,205.2858,0.9123597,0.458907,11.8133,1040
9505-12702,1-386735,0.0224925,0.739,0.739,77.8,5.972140287329052,1,1,0,9.475,9.816,0.544,0.050973,86.843,0.3410000000000011,9.626,9.823,0.365,0.054753,86.843,0.19700000000000095,9.25240637576205,9.589947,55.108994,0.8648698,0.232613,9.95076,1168
9048-3701,1-295887,0.0634565,0.095,0.095,254.9,7.088300716218128,1,1,0,11.432,11.49,0.122,0.027438,82.799,0.05799999999999983,11.443,11.491,0.101,0.027753,82.799,0.04800000000000004,10.936118475318786,11.273659,261.07416,0.98290837,0.937726,4.985,1040
8933-12702,1-456320,0.0191767,0.247,0.247,131.3,3.1524174165590484,2,1,0,10.212,10.217,0.01,0.039851,20.797,0.005000000000000782,10.132,10.133,0.0,0.040272,27.493,0.0009999999999994458,9.635606377478508,9.973147,135.1379,1.3335022,0.921644,2.40384,1040
9863-12704,1-591260,0.0154703,0.728,0.728,90.3,13.137875687243842,1,1,2,10.058,10.158,0.205,0.025371,72.641,0.09999999999999964,10.093,10.183,0.188,0.02338,76.462,0.08999999999999986,9.58285959704006,9.920401,77.46888,1.1031492,0.578451,4.36558,4160
8992-12704,1-576181,0.025594,0.665,0.665,97.9,11.785799348386128,1,1,2,10.484,10.565,0.171,0.01732,67.389,0.08099999999999952,10.227,10.564,0.54,0.01601,67.481,0.33699999999999974,10.306272729698318,10.643813,81.83046,0.90930915,0.765052,10.723,4096
9036-3703,1-209772,0.04173,0.383,0.383,178.1,6.989645241928823,1,1,0,10.986,11.038,0.111,0.027801,85.23,0.0519999999999996,10.979,11.037,0.125,0.028166,85.23,0.058000000000001606,10.620295371205854,10.957836,175.90578,0.97673625,0.830693,5.0283,1040
8150-6102,1-389238,0.0269972,0.51,0.51,166.6,7.481098917644689,1,1,0,10.806,10.831,0.056,0.024416,61.317,0.025000000000000355,10.815,10.838,0.051,0.026808,69.581,0.022999999999999687,10.421197408120104,10.758738,155.94055,1.0093677,0.63001,6.25577,1088
9047-6102,1-633981,0.0400737,0.062,0.062,239.7,9.614651815536728,1,1,0,11.335,11.381,0.097,0.0266,39.215,0.045999999999999375,11.565,11.666,0.207,0.026641,2.706,0.10100000000000087,10.699177547499502,11.036718,246.94432,0.93846405,0.948742,6.59512,1040
8999-6102,1-148987,0.0235093,0.33,0.33,136.2,3.941782178124248,1,1,0,10.22,10.314,0.193,0.01903,77.866,0.09399999999999942,10.269,10.331,0.133,0.017734,78.093,0.06199999999999939,10.018342599075824,10.355884,124.33079,1.206299,0.489019,5.34811,1552
8993-3703,1-173384,0.0285898,0.601,0.601,171.0,6.868657417685246,1,1,0,10.904,10.994,0.186,0.024125,49.097,0.08999999999999986,10.909,11.001,0.189,0.024003,49.093,0.09199999999999875,10.371143626189365,10.708684,165.86119,1.0174598,0.882363,4.7689,1040
9881-12704,1-523188,0.0268563,0.457,0.457,95.1,10.997957483888577,1,1,0,10.546,10.597,0.11,0.031551,35.819,0.051000000000000156,10.477,10.569,0.192,0.031281,38.774,0.09200000000000053,10.265251900488854,10.602793,99.12885,0.88764596,0.731267,10.5168,1040
9194-3701,1-603965,0.0386405,0.159,0.159,220.4,10.292937711358327,1,1,0,11.267,11.341,0.154,0.015895,81.413,0.07399999999999984,11.336,11.337,0.0,0.014555,84.745,0.0009999999999994458,11.085832661808274,11.423373,219.57393,0.95650136,0.847244,7.88694,0
8153-3701,1-603705,0.0370457,0.236,0.236,236.1,7.1818364531654515,1,1,0,11.092,11.285,0.358,0.008345,64.681,0.19299999999999962,11.097,11.273,0.331,0.008354,69.634,0.17600000000000016,10.630450250276725,10.967991,240.00719,1.1900995,0.956764,4.00917,1040
8940-6102,1-604970,0.0275682,0.238,0.238,129.5,4.0616257375594635,1,1,0,10.365,10.402,0.081,0.019516,84.745,0.036999999999999034,10.391,10.406,0.032,0.022553,84.745,0.015000000000000568,9.876704416648469,10.214245,125.90081,3.0021052,0.901509,2.65101,1168
8937-3701,1-604841,0.0275024,0.589,0.589,150.0,5.047152762307665,1,1,0,10.482,10.591,0.22,0.014273,72.791,0.10899999999999999,10.47,10.589,0.238,0.014635,74.437,0.11899999999999977,10.240137221920165,10.577678,143.48926,1.1606551,0.622521,4.57353,1040
9872-6102,1-322507,0.019474,0.527,0.527,70.0,6.860340394169287,1,1,0,8.015,9.795,0.983,0.045157,86.698,1.7799999999999994,9.897,9.897,0.0,0.041032,86.698,0.0,8.928590933668717,9.266131,50.24793,0.9093591,0.386574,8.15771,1168
9509-6102,1-298626,0.0207932,0.124,0.124,131.7,8.102304697406383,1,1,2,10.478,10.573,0.196,0.019965,80.043,0.09500000000000064,10.556,10.577,0.048,0.019492,80.043,0.021000000000000796,10.117649066961828,10.45519,133.32188,0.9637364,0.957692,5.35334,4160
9485-6102,1-121947,0.0891167,0.088,0.088,246.7,6.34397843484398,1,1,0,11.575,11.612,0.079,0.034666,5.239,0.03700000000000081,11.671,11.724,0.115,0.034511,3.04,0.053000000000000824,11.12174691489299,11.459288,251.21461,0.93324906,0.965653,4.76834,1040
9500-12701,1-605487,0.0280528,0.752,0.752,80.3,8.952098462321484,1,1,0,10.292,10.425,0.263,0.022411,58.221,0.1330000000000009,10.428,10.433,0.012,0.020591,57.653,0.004999999999999005,9.867934530430233,10.205475,51.19122,0.91171324,0.676308,10.5204,1168
9024-6102,1-593543,0.030798,0.664,0.664,98.2,7.13323176332378,1,1,0,10.343,10.732,0.591,0.017425,37.059,0.38899999999999935,10.489,10.711,0.4,0.017169,36.901,0.22199999999999953,10.090441469215405,10.427982,75.05902,0.94449127,0.864582,6.01168,1168
9039-6102,1-263490,0.0619621,0.761,0.761,186.1,6.99274354064569,3,1,0,11.294,11.294,0.0,0.026445,55.332,0.0,11.299,11.301,0.004,0.025793,54.802,0.002000000000000668,10.82143491595422,11.158976,150.22798,0.9734485,0.793028,6.70216,1040
9088-12703,1-265772,0.0318183,0.855,0.855,75.5,6.0633358988055015,1,1,2,9.946,10.031,0.177,0.055312,83.863,0.08500000000000085,9.42,9.973,0.72,0.053747,84.202,0.5530000000000008,9.69903514362298,10.036575,43.373833,0.872727,0.230213,10.2812,4608
9500-6102,1-386107,0.0583714,0.205,0.205,180.9,3.2780331804203575,3,1,0,10.82,10.821,0.0,0.057595,62.339,0.0009999999999994458,10.811,10.811,0.0,0.061068,85.581,0.0,10.309355453165589,10.646896,184.48705,1.1577045,0.822355,2.39954,8192
9507-12701,1-298752,0.01763,0.671,0.671,98.5,11.329220478398803,1,1,0,10.348,10.348,0.0,0.026571,77.399,0.0,10.346,10.346,0.0,0.02558,81.153,0.0,9.675303473414763,10.012844,77.686966,0.89087427,0.293348,17.535,0
9506-6102,1-386150,0.0273674,0.727,0.727,78.7,6.573219303853731,1,1,0,8.837,10.417,0.974,0.023901,43.283,1.58,10.015,10.403,0.59,0.020524,43.092,0.3879999999999999,9.70768171584615,10.045222,54.421013,0.91493833,0.742236,5.63993,1168
9508-12702,1-605195,0.0279149,0.685,0.685,179.9,8.759889778954921,3,1,0,10.935,10.988,0.114,0.020912,77.247,0.05299999999999905,10.943,11.008,0.139,0.020111,77.496,0.0649999999999995,10.489142532829005,10.826683,157.21332,0.94766927,0.475097,9.09958,1088
8992-6102,1-149512,0.0318248,0.771,0.771,141.3,5.405996210610861,3,1,0,10.603,10.63,0.061,0.023371,73.601,0.027000000000001023,10.583,10.625,0.093,0.02238,73.538,0.041999999999999815,10.415227169019774,10.752768,116.49897,1.1020535,0.486286,5.64378,1040
8158-6102,1-52701,0.0325244,0.426,0.426,158.6,6.586782867046312,1,1,0,10.751,10.852,0.207,0.025503,58.982,0.10100000000000087,10.711,10.842,0.26,0.026449,61.159,0.13100000000000023,10.366770253911337,10.70431,152.27405,0.95696527,0.702517,6.26512,1040
9085-12701,1-178399,0.0279162,0.826,0.826,90.7,11.10353732867346,1,1,0,10.219,10.623,0.606,0.027729,57.171,0.4039999999999999,10.389,10.612,0.401,0.027254,57.298,0.22300000000000075,9.909051376918407,10.246592,51.55166,0.9119864,0.604453,9.78809,1168
8993-12703,1-277443,0.0221723,0.532,0.532,63.7,6.8162775604290005,1,1,0,9.899,9.899,0.0,0.090508,56.158,0.0,9.527,9.919,0.594,0.090734,56.164,0.39200000000000124,9.04663171345764,9.384172,47.690662,0.86702406,0.827694,8.53833,1040
8985-6102,1-420636,0.0257795,0.708,0.708,78.5,6.748285594684812,1,1,0,8.397,10.207,0.984,0.015169,62.716,1.8100000000000005,8.892,10.21,0.952,0.015075,62.716,1.3180000000000014,9.630033067382715,9.967574,57.24941,0.9181024,0.684566,6.16499,1168
8995-12701,1-188110,0.0576247,0.19,0.19,282.7,10.525013073952298,1,1,0,11.602,11.734,0.26,0.018503,68.189,0.13199999999999967,11.6,11.728,0.253,0.021635,84.745,0.1280000000000001,11.103707960434777,11.441249,282.9198,0.90161234,0.845722,9.28383,1040
9865-6102,1-246633,0.0718251,0.122,0.122,212.4,7.716675135277138,1,1,0,11.33,11.429,0.204,0.016488,82.799,0.0990000000000002,11.331,11.43,0.203,0.018369,82.2,0.0990000000000002,10.989062963140032,11.326604,215.6186,0.94100976,0.877146,6.42427,1040
9497-6102,1-229458,0.050024,0.491,0.491,229.4,7.014303572135165,1,1,0,11.25,11.326,0.159,0.015954,72.18,0.07600000000000051,11.224,11.321,0.198,0.015567,77.982,0.09699999999999953,10.73437492498395,11.071916,215.90184,0.9721834,0.618425,5.99157,1040
8993-3701,1-277317,0.0426827,0.198,0.198,152.6,6.678129905404649,2,1,0,10.923,10.942,0.041,0.030401,26.108,0.019000000000000128,10.911,10.911,0.0,0.030443,28.482,0.0,10.651686911336455,10.989227,157.70496,0.9569962,0.963597,4.67456,1040
9863-3702,1-455918,0.0221399,0.623,0.623,86.2,5.417962827997535,1,1,0,10.001,10.195,0.361,0.033342,42.146,0.19400000000000084,9.996,10.198,0.371,0.033271,42.145,0.20199999999999996,9.660542007311886,9.998082,82.417984,0.94047177,0.862648,4.46374,1040
8996-1901,1-187430,0.0271129,0.66,0.66,101.3,3.6140570247451227,1,1,0,9.953,10.048,0.196,0.027688,68.922,0.09500000000000064,9.961,10.049,0.185,0.02742,68.922,0.08799999999999919,9.935194279667941,10.272735,97.22672,1.4217944,0.672882,3.33824,1168
8932-6102,1-457168,0.0201996,0.608,0.608,61.3,4.876708085256107,1,1,0,8.728,9.62,0.872,0.074803,86.698,0.8919999999999995,9.63,9.686,0.122,0.069756,77.595,0.05599999999999916,9.04929944525241,9.38684,45.773705,0.8563461,0.488036,6.29407,1168
9506-3701,1-605531,0.0637792,0.349,0.349,91.7,5.469694208006593,1,1,2,10.742,10.742,0.0,0.027268,26.762,0.0,10.777,10.788,0.024,0.026661,26.058,0.011000000000001009,10.63794679899678,10.975488,90.094826,1.0300803,0.913,4.33201,4288
8941-12702,1-218353,0.0218568,0.621,0.621,65.8,7.019338918338481,1,1,0,7.91,9.789,0.987,0.084175,72.621,1.8789999999999996,9.558,9.904,0.549,0.070973,86.56,0.3460000000000001,9.003843817379384,9.341385,35.42949,0.84485996,0.413372,9.68325,1168
8625-3702,1-24132,0.0274584,0.116,0.116,123.0,6.6679989094709935,1,1,0,10.494,10.572,0.162,0.02052,18.623,0.0779999999999994,10.521,10.574,0.114,0.020487,19.207,0.05299999999999905,10.206734151983722,10.544274,123.3808,1.0612096,0.95382,4.84706,1040
8990-6102,1-174826,0.032755,0.685,0.685,108.8,18.110333375773312,1,1,2,10.711,10.711,0.0,0.042898,46.208,0.0,10.701,10.807,0.217,0.043804,46.615,0.10599999999999987,10.123149017914802,10.46069,92.94905,0.9327009,0.570317,6.43497,4096
9196-3701,1-24623,0.0822918,0.325,0.325,290.1,5.296820719101199,1,1,0,11.59,11.619,0.063,0.03706,74.259,0.028999999999999915,11.579,11.615,0.077,0.046311,86.357,0.03599999999999959,11.120485089157214,11.458026,287.218,1.0389696,0.631928,4.57394,1040
9881-6102,1-523167,0.0270449,0.491,0.491,96.8,8.243132517715022,1,1,0,10.862,10.932,0.149,0.02092,18.271,0.07000000000000028,10.841,10.932,0.189,0.020779,18.291,0.09100000000000108,10.393510273584498,10.7310505,95.1531,0.98813075,0.934064,5.81577,1024
8445-3701,1-409209,0.0243152,0.691,0.691,117.9,15.638557247694088,1,1,0,10.808,10.818,0.022,0.026141,62.802,0.009999999999999787,10.866,10.974,0.22,0.019046,62.812,0.10800000000000054,10.074318983716996,10.4118595,118.75189,1.2857407,0.762906,-9999.0,1040
8331-6102,1-260514,0.0751071,0.51,0.51,122.9,7.2225475691261805,1,1,0,10.997,11.053,0.121,0.027607,40.828,0.05600000000000094,10.953,11.062,0.221,0.026457,41.162,0.10899999999999999,10.925168678433756,11.26271,115.3673,0.8984819,0.879725,6.08016,1040
8625-6102,1-23976,0.0288427,0.457,0.457,62.7,4.5174664062969265,1,1,2,8.077,9.684,0.975,0.054283,86.636,1.6069999999999993,9.805,9.805,0.0,0.052947,86.636,0.0,8.961904955976602,9.299445,52.15137,0.97860634,0.43348,6.20465,4160
8624-3701,1-595204,0.0285298,0.67,0.67,181.3,4.304798843614904,1,1,0,10.607,10.69,0.171,0.017357,86.82,0.08300000000000018,10.585,10.685,0.204,0.024707,86.82,0.09999999999999964,10.624479082617682,10.96202,162.9784,1.905291,0.488997,4.56362,1024
9485-1902,1-121607,0.0405107,0.514,0.514,229.9,5.398477663910073,3,1,0,11.07,11.118,0.103,0.021356,84.745,0.04800000000000004,11.063,11.117,0.114,0.023724,84.745,0.05400000000000027,10.702516697438151,11.040057,226.79688,1.7101693,0.823754,3.44897,1040
8443-3701,1-422976,0.0297475,0.647,0.647,171.3,4.644790557853062,1,1,0,10.567,10.687,0.24,0.013959,75.442,0.11999999999999922,10.506,10.676,0.323,0.013495,75.442,0.16999999999999993,10.389545261723935,10.727086,159.51958,1.4297838,0.6253,4.00749,1040
9506-3703,1-386322,0.0185614,0.307,0.307,91.1,4.176628537417239,1,1,0,9.887,9.927,0.09,0.032027,65.854,0.03999999999999915,9.929,9.93,0.001,0.02938,65.854,0.0009999999999994458,9.61862015131213,9.956161,88.06994,1.080243,0.647165,3.92384,1552
9888-3702,1-316773,0.0319365,0.161,0.161,242.6,10.87273265390696,1,1,0,11.227,11.345,0.234,0.013536,55.527,0.11800000000000033,11.235,11.338,0.209,0.013454,61.274,0.10299999999999976,10.633401791310325,10.9709425,248.01573,1.1755185,0.887076,4.60141,1040
9025-6103,1-269577,0.0610352,0.747,0.747,195.7,6.136850878594881,1,1,2,11.128,11.203,0.158,0.02773,71.936,0.07499999999999929,11.113,11.213,0.203,0.026506,72.181,0.09999999999999964,10.828811937422488,11.166352,170.74077,0.89172184,0.531083,6.63851,4160
9494-12704,1-384396,0.028463,0.787,0.787,123.5,9.541181755646738,1,1,0,10.558,10.558,0.0,0.021776,77.902,0.0,10.558,10.558,0.0,0.020907,77.902,0.0,10.085272735033534,10.422813,73.49978,0.9144043,0.274327,14.1468,1168
8625-6103,1-24104,0.0299956,0.064,0.064,190.9,9.421797573275484,2,1,0,11.048,11.059,0.023,0.019527,80.043,0.010999999999999233,11.048,11.059,0.024,0.019526,80.043,0.010999999999999233,10.694984930874336,11.032526,195.83008,1.0702624,0.926096,6.70507,1040
8154-6103,1-37155,0.0290858,0.141,0.141,164.6,9.49167048527237,1,1,0,10.931,10.964,0.073,0.020717,85.23,0.03300000000000125,10.968,10.968,0.0,0.020331,85.229,0.0,10.613415771902071,10.950956,166.10681,0.95934194,0.801325,7.19932,1024
8933-6103,1-456768,0.0229753,0.394,0.394,157.9,5.802081447175372,1,1,0,10.703,10.741,0.082,0.027731,33.614,0.038000000000000256,10.69,10.733,0.093,0.027492,34.195,0.04300000000000104,10.106877335582428,10.444418,160.81953,1.2166605,0.857907,3.51727,1040
9195-3702,1-42250,0.0641568,0.485,0.485,182.4,6.140029366004315,1,1,2,11.166,11.219,0.114,0.031574,73.998,0.05299999999999905,11.166,11.211,0.097,0.032322,86.356,0.04499999999999993,10.863958962673669,11.2015,174.9615,0.93641704,0.697967,5.2611,4160
9863-12703,1-456894,0.0248898,0.407,0.407,46.7,7.219411893354638,1,1,0,9.915,9.915,0.0,0.061296,18.209,0.0,9.396,10.117,0.81,0.058108,18.209,0.7210000000000001,9.592640793526698,9.9301815,49.29624,0.888878,0.953238,6.06477,1168
8999-6103,1-148615,0.0670164,0.884,0.884,216.4,5.89788989804237,3,1,2,11.258,11.278,0.045,0.029872,71.936,0.02000000000000135,11.221,11.277,0.121,0.031663,71.937,0.05599999999999916,10.865215348302685,11.202756,142.51654,0.92345905,0.455184,6.6891,4160
9000-12702,1-614392,0.0272977,0.792,0.792,94.5,10.930045332785062,1,1,0,10.362,10.461,0.203,0.031679,70.649,0.0990000000000002,10.158,10.445,0.483,0.031759,69.899,0.2870000000000008,9.94331442938056,10.280855,62.236828,0.87348723,0.425717,13.3177,1168
9025-12704,1-633942,0.0482447,0.846,0.846,156.3,13.481744523178927,3,1,0,11.257,11.464,0.379,0.020953,45.251,0.20700000000000074,11.25,11.468,0.395,0.022003,45.276,0.21799999999999997,10.681568644353154,11.01911,121.29647,0.8842409,0.651953,13.2655,1040
8936-12705,1-152579,0.0631111,0.75,0.75,199.6,7.537772756590962,3,1,0,11.331,11.375,0.095,0.037139,49.291,0.04400000000000048,11.329,11.379,0.109,0.033769,49.304,0.049999999999998934,10.90348610000759,11.241027,183.19427,0.9301659,0.741533,8.40054,1088
9864-3701,1-197166,0.0441282,0.09,0.09,226.3,5.8788789178572,1,1,0,11.165,11.189,0.052,0.030687,85.23,0.02400000000000091,11.162,11.19,0.058,0.034754,85.23,0.027999999999998693,10.668572269184558,11.006113,230.40785,0.99553823,0.78141,4.78767,1040
8085-6103,1-38293,0.038842,0.179,0.179,200.9,8.453249448599394,2,1,0,11.138,11.18,0.09,0.027266,85.23,0.041999999999999815,11.141,11.181,0.086,0.034161,85.23,0.03999999999999915,10.635920837204761,10.973461,202.57086,0.9735712,0.821528,6.60939,1040
9039-6103,1-262883,0.0811318,0.215,0.215,294.9,9.362969226616894,1,1,0,11.749,11.79,0.088,0.035472,85.581,0.04099999999999859,11.733,11.798,0.136,0.039568,85.581,0.0649999999999995,11.12253369829059,11.460074,289.96048,0.9731201,0.85068,5.72913,1040
9876-6103,1-404164,0.0203958,0.636,0.636,52.7,4.4162636320215025,1,1,0,9.369,9.522,0.297,0.05189,86.56,0.15300000000000047,9.573,9.573,0.0,0.050233,86.56,0.0,9.233990546659877,9.571531,45.129276,0.88521945,0.490174,5.60326,1168
8158-6103,1-52720,0.0659973,0.076,0.076,244.6,7.486583216827739,1,1,0,11.448,11.499,0.109,0.031909,84.023,0.051000000000000156,11.453,11.5,0.102,0.038468,84.023,0.0470000000000006,11.007973825326932,11.345514,249.6874,0.9347569,0.864608,6.44857,1040
8322-6103,1-419067,0.01857,0.621,0.621,69.0,6.3134567217376025,1,1,0,9.647,9.911,0.454,0.025224,67.312,0.26399999999999935,9.001,9.855,0.86,0.024868,73.924,0.854000000000001,9.487795685405775,9.825336,59.04244,0.8964703,0.74102,5.48698,1552
7972-6103,1-113368,0.0431534,0.343,0.343,236.0,6.720544136980418,1,1,0,11.277,11.278,0.0,0.029463,44.52,0.0010000000000012221,11.28,11.281,0.0,0.029424,44.076,0.0010000000000012221,10.729863473902626,11.067404,236.13554,0.9553164,0.943285,5.52075,1040
8983-12705,1-626684,0.0256173,0.846,0.846,108.0,10.123512797178721,1,1,0,10.295,10.606,0.511,0.009702,65.932,0.31099999999999994,10.417,10.609,0.357,0.009586,66.038,0.19200000000000017,10.09011338160975,10.427654,66.057465,0.88249266,0.536597,10.2912,1040
9501-1901,1-385109,0.0267801,0.635,0.635,83.6,3.6413133869737186,1,1,0,9.966,10.059,0.192,0.034919,50.507,0.09299999999999997,9.9,10.059,0.307,0.034434,51.047,0.15899999999999892,9.736505659830847,10.074046,79.304474,0.99517405,0.851223,3.00897,1168
8444-12702,1-421777,0.0245152,0.604,0.604,67.6,8.080590285382966,1,1,0,9.589,9.966,0.579,0.080902,65.553,0.3769999999999989,9.388,9.943,0.722,0.079023,68.579,0.5549999999999997,9.223848840278803,9.56139,50.958443,0.8535384,0.480588,9.92762,1168
9888-3701,1-593989,0.0321923,0.732,0.732,144.8,4.10145755115534,3,1,0,10.49,10.529,0.085,0.025616,57.037,0.0389999999999997,10.485,10.532,0.102,0.025028,56.883,0.0470000000000006,10.26116291006672,10.598703,130.694,1.3348271,0.637893,3.84746,1168
9196-6103,1-24603,0.0298797,0.842,0.842,118.1,8.77597277760208,3,1,0,10.653,10.745,0.191,0.02401,60.212,0.09199999999999875,10.603,10.745,0.278,0.023969,59.973,0.14199999999999946,10.225402334859504,10.5629425,73.32524,0.8682966,0.600252,8.54378,1168
9028-6103,1-269491,0.0311217,0.654,0.654,112.7,4.966588394949283,1,1,2,10.291,10.367,0.159,0.02677,76.843,0.07600000000000051,10.264,10.354,0.187,0.038916,81.725,0.08999999999999986,10.115484032030299,10.453025,102.38948,0.9386746,0.433648,5.91607,4288
9870-3702,1-198949,0.0282004,0.411,0.411,105.5,8.610906929204676,1,1,0,10.453,10.457,0.009,0.018258,32.601,0.004000000000001336,10.458,10.458,0.0,0.018028,79.898,0.0,10.339938134849886,10.677479,101.13809,0.8396668,0.893087,7.44128,1040
9505-1901,1-386727,0.0362161,0.388,0.388,221.6,4.919584627509255,1,1,0,11.032,11.059,0.057,0.033035,41.181,0.026999999999999247,10.985,11.056,0.148,0.031249,43.337,0.07099999999999973,10.504503484328875,10.842044,226.35287,1.5635384,0.875231,3.25087,1040
9490-6103,1-383623,0.0449181,0.083,0.083,238.0,13.052068590246352,1,1,0,11.399,11.572,0.329,0.010817,57.531,0.17300000000000004,11.393,11.567,0.329,0.011256,82.799,0.1739999999999995,10.945434608384128,11.282975,237.78065,0.8785924,0.868699,7.61156,1040
9194-6103,1-37633,0.0307772,0.502,0.502,155.0,4.131791079119034,1,1,2,10.543,10.592,0.105,0.032518,49.482,0.049000000000001265,10.518,10.573,0.118,0.032016,57.301,0.054999999999999716,10.18032949260369,10.51787,153.58345,1.3190914,0.800965,3.16717,4288
9488-6103,1-384344,0.0151547,0.857,0.857,68.9,6.147042111766214,3,1,0,9.515,9.769,0.443,0.033342,67.733,0.25399999999999956,9.032,9.766,0.816,0.033268,67.917,0.734,9.386572084954564,9.7241125,40.48575,0.89085674,0.478917,6.61047,1088
9193-12703,1-109270,0.0252266,0.589,0.589,44.0,2.936112333661592,1,1,2,9.287,9.384,0.201,0.061138,54.494,0.09699999999999953,9.392,9.392,0.0,0.057624,59.063,0.0,9.148778434465797,9.486319,37.14121,0.91422087,0.684278,2.7424,4672
9491-3703,1-383214,0.0391491,0.539,0.539,213.2,4.992816854875622,1,1,0,10.956,11.04,0.175,0.024123,51.312,0.08399999999999963,10.96,11.051,0.188,0.021506,51.126,0.0909999999999993,10.481667600696584,10.819208,211.18556,1.11843,0.779216,4.19994,1168
9871-6103,1-236158,0.0168608,0.716,0.716,64.5,5.302319105523298,1,1,0,9.486,9.671,0.346,0.039445,74.911,0.18499999999999872,9.556,9.688,0.261,0.038827,75.183,0.13200000000000145,9.13173732535874,9.469278,47.023888,0.91461265,0.500021,5.29104,1168
8938-12704,1-146440,0.0363575,0.652,0.652,155.3,6.476984510269448,1,1,0,10.777,10.834,0.122,0.027771,83.863,0.057000000000000384,10.606,10.793,0.348,0.026705,83.863,0.1869999999999994,10.447437130951034,10.784978,133.63666,0.93158567,0.430613,8.77734,1040
8983-12701,1-626658,0.0253738,0.795,0.795,119.9,8.779639165080775,3,1,0,10.575,10.719,0.281,0.020059,56.158,0.14400000000000013,10.546,10.726,0.34,0.020018,56.158,0.1800000000000015,10.0619912429523,10.399532,88.912766,0.9409669,0.747687,7.15699,1040
8309-3702,1-244763,0.0696761,0.788,0.788,150.4,11.432733669674251,1,1,0,11.337,11.337,0.0,0.03973,77.866,0.0,11.338,11.338,0.0,0.039811,77.867,0.0,10.629353524598994,10.966894,99.411095,0.8809343,0.694485,12.5136,8192
9193-6103,1-37787,0.0248668,0.655,0.655,126.7,3.2902907351991715,1,1,0,10.222,10.265,0.093,0.029918,52.166,0.04300000000000104,10.231,10.26,0.064,0.02963,52.375,0.028999999999999915,9.90109198639272,10.238632,123.034546,1.2770221,0.794059,2.72775,1168
8444-6103,1-625602,0.0373855,0.778,0.778,140.0,5.3386206142317265,1,1,2,10.481,10.692,0.385,0.01298,60.199,0.2110000000000003,10.478,10.693,0.39,0.014217,60.553,0.21499999999999986,10.277968876594677,10.615509,114.90099,0.91585374,0.569715,5.74475,4224
8624-3702,1-23670,0.0278673,0.611,0.611,207.7,5.3673883899468855,3,1,0,10.908,10.915,0.015,0.027912,69.096,0.006999999999999673,10.899,10.914,0.031,0.028181,69.07,0.015000000000000568,10.537574814415493,10.875115,192.54694,1.537477,0.701119,4.22699,1024
9870-6103,1-569138,0.0371223,0.741,0.741,120.4,6.485978964526047,1,1,2,10.586,10.665,0.165,0.02642,61.219,0.07899999999999885,10.559,10.673,0.231,0.025087,61.129,0.11400000000000077,10.386821668221083,10.724362,104.92658,0.89616644,0.635969,5.84567,4288
9044-12701,1-632610,0.0311584,0.766,0.766,160.5,7.1190447341347,3,1,0,10.814,10.863,0.105,0.020099,82.78,0.04899999999999949,10.782,10.855,0.154,0.019127,83.384,0.0730000000000004,10.420668529089328,10.758209,128.854,0.97177243,0.374125,8.9828,1040
9493-6103,1-384929,0.0167682,0.762,0.762,82.4,6.037448879516296,1,1,2,9.756,9.912,0.302,0.023087,76.765,0.15600000000000058,9.741,9.911,0.323,0.023148,76.765,0.16999999999999993,9.71932299884201,10.056864,58.640816,1.0015591,0.445353,6.69563,4160
8938-12702,1-201756,0.0403018,0.784,0.784,140.3,15.499248865872609,1,1,0,9.935,11.337,0.96,0.011097,52.692,1.4019999999999992,9.954,11.32,0.957,0.010784,52.692,1.3659999999999997,10.765078168694659,11.102619,92.18949,0.8514781,0.753531,13.0251,1040
8311-6103,1-522789,0.0432941,0.271,0.271,196.7,6.896117376419009,1,1,0,11.143,11.143,0.0,0.030741,86.055,0.0,11.143,11.144,0.0,0.039995,86.055,0.0009999999999994458,10.672585472361941,11.010126,197.94698,0.9465512,0.7313,5.64059,1040
8997-12701,1-149686,0.0476402,0.859,0.859,163.9,8.053323041144306,3,1,0,11.13,11.131,0.0,0.022201,59.094,0.0009999999999994458,11.132,11.132,0.0,0.021855,59.076,0.0,10.705443748291023,11.042984,103.27252,0.9505659,0.547475,8.74798,1040
9033-12705,1-576436,0.0361875,0.718,0.718,109.4,14.798174290919537,1,1,0,10.853,10.854,0.0,0.019326,55.967,0.0009999999999994458,10.858,10.859,0.001,0.019183,55.967,0.0009999999999994458,10.57056395362263,10.908105,92.73789,0.8941275,0.797502,13.4102,1040
8080-12702,1-109244,0.0267911,0.612,0.612,128.1,11.879446591125122,1,1,0,10.796,10.864,0.146,0.029721,82.143,0.06800000000000139,10.87,10.87,0.0,0.028677,82.093,0.0,10.244551715953218,10.582092,110.56824,0.93635345,0.49068,15.379,1040
8624-6103,1-25707,0.0260131,0.767,0.767,61.7,4.562672073368095,1,1,2,7.944,9.638,0.98,0.11798,80.18,1.694,9.214,9.686,0.662,0.115803,86.541,0.47199999999999953,9.165398661740968,9.502939,43.119865,0.8800283,0.481361,5.93248,4672
8323-12705,1-624367,0.0338421,0.803,0.803,157.6,8.0252030814121,1,1,0,10.595,10.856,0.451,0.013829,69.658,0.26099999999999923,10.557,10.854,0.495,0.015719,70.322,0.2969999999999988,10.50222358211475,10.839765,122.37662,0.9273311,0.451326,8.84207,1040
9502-6103,1-385124,0.0288966,0.321,0.321,196.6,7.543401823107737,1,1,0,10.907,10.939,0.069,0.02644,74.562,0.03200000000000003,10.913,10.939,0.054,0.035905,77.473,0.0259999999999998,10.47779244459853,10.815333,197.92986,0.93482846,0.932058,5.61849,1088
8990-6103,1-589092,0.0228992,0.459,0.459,81.1,5.743382513742315,1,1,0,10.078,10.078,0.0,0.030423,39.754,0.0,10.002,10.017,0.034,0.029339,55.221,0.014999999999998792,9.83644438469587,10.173985,82.45428,0.9028353,0.703763,5.37816,1552
9035-6103,1-247747,0.0581797,0.325,0.325,268.1,5.0687764298912255,1,1,0,11.253,11.376,0.244,0.011899,84.023,0.12299999999999933,11.256,11.376,0.238,0.015071,84.023,0.11999999999999922,10.912732066258085,11.250273,264.1725,0.9482981,0.638138,6.37491,1040
9182-6103,1-72325,0.0421724,0.389,0.389,238.5,7.58302145486173,3,1,0,11.288,11.309,0.045,0.025257,70.165,0.02099999999999902,11.288,11.307,0.04,0.045503,86.222,0.019000000000000128,10.802710115300238,11.140251,230.95712,1.0133159,0.702613,5.816,1040
9194-12703,1-603974,0.0372598,0.873,0.873,131.8,11.877831825730638,1,1,0,10.733,11.187,0.649,0.014519,52.764,0.45399999999999885,10.546,11.218,0.787,0.013037,52.745,0.6720000000000006,10.458492808216574,10.796034,91.232925,0.88342214,0.757748,10.224,1040
9088-6103,1-265801,0.0319268,0.031,0.031,234.9,15.353152921622687,2,1,0,11.449,11.562,0.228,0.015432,2.97,0.11299999999999955,11.502,11.632,0.257,0.015443,2.798,0.129999999999999,11.03159022390166,11.369131,235.32372,0.8742897,0.886413,15.599,0
8935-3702,1-404279,0.0218567,0.693,0.693,110.7,4.730683180233809,1,1,0,10.07,10.188,0.238,0.017831,81.098,0.11800000000000033,10.026,10.179,0.296,0.022313,86.789,0.15300000000000047,9.892007735107052,10.229548,97.89143,1.0313537,0.512327,4.70252,1040
8996-3701,1-149683,0.033837,0.692,0.692,158.4,4.076336194636518,1,1,0,10.639,10.683,0.096,0.018066,80.986,0.04400000000000048,10.639,10.685,0.1,0.018336,81.151,0.04600000000000115,10.485991002770676,10.823531,141.28996,1.4963067,0.528515,3.80495,1040
8977-6103,1-604824,0.0615687,0.672,0.672,94.9,7.856855348578459,1,1,2,10.764,10.86,0.198,0.024238,45.218,0.09600000000000009,10.275,10.909,0.767,0.020846,45.334,0.6340000000000003,10.673796596058695,11.011337,78.933525,0.8583989,0.873532,6.45688,4224
8937-12701,1-152770,0.0270549,0.717,0.717,97.3,8.55711555681781,1,1,0,10.063,10.383,0.521,0.036052,84.436,0.3199999999999985,9.9,10.363,0.656,0.035999,86.843,0.4629999999999992,9.894695904199665,10.232237,71.89281,0.899441,0.232773,14.3515,1168
9493-3702,1-384429,0.0164917,0.72,0.72,45.2,3.6594704509722473,1,1,0,7.318,9.108,0.984,0.035212,86.745,1.790000000000001,9.256,9.256,0.0,0.039232,86.745,0.0,8.854054503354938,9.191595,33.690662,0.9306054,0.372044,4.58684,1168
8983-6103,1-457869,0.0293705,0.676,0.676,69.3,4.9604922994238505,1,1,2,9.934,9.934,0.0,0.055871,79.176,0.0,9.929,9.936,0.017,0.055975,81.114,0.006999999999999673,9.508743783485679,9.846285,56.19073,0.8723259,0.418651,5.70766,4608
9868-3702,1-321354,0.026881,0.644,0.644,70.1,3.9882095084006464,1,1,2,9.658,9.867,0.382,0.042163,65.854,0.2090000000000014,9.544,9.858,0.515,0.041594,65.857,0.31400000000000006,9.457447384959975,9.794988,59.113487,0.91658616,0.565128,4.04203,4288
7964-12704,1-179479,0.0505929,0.846,0.846,156.6,8.07037496859835,3,1,2,11.042,11.065,0.05,0.029691,77.866,0.022999999999999687,11.007,11.061,0.117,0.02969,77.866,0.05400000000000027,10.68450784472996,11.022048,105.735565,0.9191808,0.336035,10.8051,4624
7958-6103,1-547106,0.035661,0.149,0.149,157.9,6.711247899414438,1,1,0,10.78,10.876,0.197,0.025786,55.338,0.09600000000000009,10.767,10.853,0.179,0.026685,84.745,0.0860000000000003,10.44584696673378,10.783387,158.00713,0.9330603,0.811709,5.5801,1168
7964-6103,1-179135,0.0489374,0.583,0.583,75.5,4.423185562746682,1,1,0,10.089,10.503,0.614,0.036171,18.228,0.4139999999999997,10.0,10.58,0.736,0.032043,18.225,0.5800000000000001,10.298929453144947,10.63647,75.59198,1.0194364,0.855118,3.50201,32
9512-6103,1-53987,0.0164953,0.693,0.693,58.6,5.010874277241631,1,1,0,7.84,9.459,0.976,0.071249,65.204,1.6189999999999998,8.132,9.447,0.952,0.07098,65.772,1.3149999999999995,9.058566464123409,9.396107,42.85141,0.90246785,0.496698,6.38358,1168
8311-1902,1-519393,0.0313547,0.655,0.655,150.6,3.0948504078452976,1,1,2,10.428,10.464,0.077,0.031812,70.206,0.03599999999999959,10.428,10.464,0.078,0.031824,70.2,0.03599999999999959,9.987857008777038,10.3253975,146.36092,1.1885529,0.678371,2.72144,4608
9195-6103,1-558630,0.0749555,0.273,0.273,280.4,7.249476995165095,1,1,0,11.617,11.7,0.172,0.020148,82.799,0.08299999999999841,11.624,11.701,0.161,0.024044,82.799,0.07699999999999996,11.156015798657743,11.493556,277.52597,0.9168538,0.899932,6.54541,1040
8993-6103,1-278059,0.024898,0.4,0.4,197.8,8.75701244878024,1,1,2,10.978,11.037,0.127,0.01453,43.459,0.05900000000000105,10.973,11.034,0.129,0.014532,44.419,0.06099999999999994,10.563369530955661,10.90091,191.37706,0.9600041,0.886299,6.57119,4096
8139-12705,1-604821,0.027149,0.725,0.725,86.3,12.728756444911836,1,1,0,10.05,10.775,0.812,0.025796,45.679,0.7249999999999996,10.089,10.753,0.783,0.026292,46.368,0.6639999999999997,10.041045110524305,10.378586,56.06468,0.9092236,0.740214,11.5933,1168
8932-12703,1-456583,0.0239513,0.712,0.712,91.5,8.529673618113666,1,1,0,10.28,10.356,0.16,0.029043,77.76,0.07600000000000051,10.371,10.371,0.0,0.026289,81.025,0.0,9.944592712378006,10.282133,74.1343,0.8735206,0.524282,9.24736,1552
9869-12705,1-135500,0.0253577,0.692,0.692,95.2,5.5565297472025525,1,1,2,10.156,10.206,0.109,0.056991,86.843,0.049999999999998934,10.246,10.246,0.0,0.053648,86.843,0.0,9.05976026354607,9.397301,72.34261,0.89874744,0.334133,7.67215,4608
8323-6103,1-405760,0.0232315,0.77,0.77,128.8,4.57786757882285,1,1,0,10.262,10.263,0.0,0.032089,77.246,0.0009999999999994458,10.283,10.283,0.0,0.033994,86.749,0.0,9.857637601744099,10.195178,98.39725,1.0597106,0.370433,5.6741,1040
8985-6103,1-420901,0.0242498,0.706,0.706,72.1,6.358904641281464,1,1,0,8.848,9.955,0.922,0.031415,68.962,1.1069999999999993,9.483,9.972,0.676,0.031512,69.001,0.488999999999999,9.175543702975665,9.513084,49.4466,0.87029123,0.583389,6.17992,1168
9181-6103,1-548617,0.0758411,0.049,0.049,208.8,6.303246364704847,1,1,2,11.282,11.346,0.136,0.028247,61.453,0.06400000000000006,11.285,11.345,0.128,0.02823,80.043,0.0600000000000005,10.917485553603964,11.255026,214.58632,0.9959369,0.60306,5.58059,4096
8727-6103,1-51779,0.0346836,0.059,0.059,282.9,9.18267996831695,1,1,0,11.579,11.774,0.359,0.010201,2.71,0.1949999999999985,11.543,11.714,0.322,0.010207,2.777,0.17100000000000115,10.85404174027515,11.191583,290.82065,1.0042341,0.887343,6.16295,1040
7968-12702,1-180336,0.0298638,0.84,0.84,98.2,10.12708625833674,3,1,0,10.382,10.655,0.467,0.023071,60.062,0.2729999999999997,10.538,10.644,0.215,0.021641,60.364,0.10599999999999987,10.088281420085293,10.425822,56.997242,0.8833575,0.589045,10.4848,1168
8935-6103,1-456289,0.0262544,0.793,0.793,71.4,6.125948967758943,3,1,0,9.958,10.09,0.262,0.036216,61.601,0.13199999999999967,10.061,10.073,0.028,0.03197,61.927,0.012000000000000455,9.769887396301018,10.107428,51.173943,0.8923922,0.58289,6.45894,1168
8936-1902,1-152632,0.0238772,0.68,0.68,116.1,3.408484357661276,1,1,0,10.214,10.225,0.024,0.042893,77.066,0.010999999999999233,10.228,10.228,0.0,0.041031,77.056,0.0,9.871186919080987,10.208728,104.29345,1.6070704,0.635825,3.08622,1168
8997-6103,1-149384,0.0275055,0.71,0.71,141.1,4.7049057706680095,3,1,0,10.579,10.58,0.001,0.033813,84.403,0.0009999999999994458,10.579,10.58,0.0,0.033485,84.693,0.0009999999999994458,10.131657152553387,10.469198,117.76038,0.9965829,0.456325,5.41364,1168
8982-12701,1-457815,0.0232741,0.737,0.737,92.8,7.07091717151206,1,1,0,10.17,10.171,0.002,0.660185,86.738,0.0009999999999994458,9.744,10.104,0.563,0.668222,86.738,0.35999999999999943,9.475097075506318,9.812637,64.568054,0.89832115,0.243021,11.8922,1168
8989-12702,1-175169,0.0264065,0.729,0.729,84.2,9.854036071216276,1,1,0,9.861,10.35,0.676,0.024829,70.103,0.488999999999999,9.527,10.336,0.845,0.02519,72.552,0.809000000000001,9.76275731465369,10.100298,58.125244,0.8725917,0.435153,11.0957,1168
8322-3702,1-575209,0.0464059,0.34,0.34,215.8,7.274698986720094,1,1,0,11.333,11.355,0.046,0.03227,33.247,0.02200000000000024,11.257,11.332,0.156,0.032048,35.406,0.07500000000000107,10.774283332755715,11.111824,213.76712,0.9239393,0.909524,5.28469,1040
8154-12701,1-603920,0.0314652,0.665,0.665,88.5,11.700376313992622,1,1,0,10.884,10.884,0.0,0.017494,31.663,0.0,10.87,10.875,0.01,0.017332,31.705,0.005000000000000782,10.237616617096926,10.575157,66.95501,0.97575194,0.842325,11.0389,1552
9193-3702,1-37813,0.0247684,0.541,0.541,72.8,4.094284821312074,1,1,0,9.773,9.899,0.252,0.038439,56.833,0.12599999999999945,9.762,9.899,0.271,0.039177,57.008,0.13699999999999868,9.628153836476105,9.965694,67.43025,0.96898705,0.611142,3.83411,1168
8080-3702,1-38062,0.0231105,0.495,0.495,80.6,5.0015324404042225,1,1,0,9.89,9.99,0.206,0.028031,56.804,0.09999999999999964,9.883,9.992,0.222,0.027235,57.199,0.10900000000000176,9.877000251498753,10.2145405,79.12641,1.0832419,0.646267,4.58398,1552
9505-3702,1-387140,0.0220589,0.452,0.452,62.1,5.016229022751887,1,1,0,9.619,9.803,0.345,0.036694,56.32,0.18400000000000105,9.803,9.803,0.0,0.036413,56.318,0.0,8.977450599703163,9.314991,54.935684,0.8897808,0.684071,4.78867,1168
9509-6103,1-605075,0.0250748,0.615,0.615,64.9,6.7250390871983425,1,1,0,10.104,10.285,0.342,0.026426,32.263,0.18100000000000094,9.917,10.333,0.616,0.026198,32.257,0.41600000000000037,9.856544019174589,10.194084,55.34882,0.87534267,0.891332,5.32008,1168
9500-6103,1-385781,0.0653349,0.499,0.499,102.1,10.886848423294161,1,1,2,11.115,11.115,0.0,0.036039,18.268,0.0,11.055,11.128,0.154,0.036494,18.245,0.0730000000000004,10.848070208750014,11.185611,101.95906,0.87369776,0.982758,5.95637,4160
9870-12704,1-198887,0.0186934,0.78,0.78,77.7,6.231906490180509,1,1,0,9.513,9.725,0.386,0.033153,86.843,0.21199999999999974,9.583,9.724,0.276,0.036191,86.843,0.14100000000000001,9.33647774568855,9.674018,54.12754,0.87521696,0.241748,9.57507,1552
9872-3701,1-633000,0.0196973,0.165,0.165,96.5,4.013926649290001,1,1,0,10.0,10.0,0.0,0.036406,63.355,0.0,10.001,10.001,0.0,0.036317,63.87,0.0,9.744732532683464,10.0822735,94.53079,1.2544981,0.595227,3.84856,1552
9508-12701,1-298823,0.0951836,0.826,0.826,167.3,10.004745272010497,1,1,2,11.545,11.778,0.415,0.045511,36.806,0.23300000000000054,11.593,11.769,0.332,0.044788,36.699,0.17600000000000016,10.860140881999971,11.197681,135.3689,0.9295416,0.685056,8.38157,4608
8443-12704,1-422933,0.0290939,0.47,0.47,105.9,11.221960005580364,1,1,0,10.908,11.098,0.355,0.022986,18.385,0.19000000000000128,10.85,11.092,0.427,0.021539,18.482,0.24200000000000088,10.41977076239877,10.757312,103.14578,0.90038466,0.937747,8.86587,1040
9031-3701,1-209786,0.0418354,0.63,0.63,243.0,5.288585554004219,3,1,0,11.185,11.189,0.005,0.030418,56.34,0.0039999999999995595,11.16,11.191,0.067,0.031051,56.173,0.031000000000000583,10.687670730316466,11.025211,225.52658,1.2144287,0.716581,4.16798,1040
8153-6103,1-582516,0.0471837,0.543,0.543,218.9,6.859153737465939,3,1,0,11.254,11.254,0.0,0.032426,65.775,0.0,11.253,11.254,0.0,0.032501,66.822,0.0009999999999994458,10.681814489501797,11.019355,208.30017,0.9099213,0.702672,5.97561,1040
8153-1901,1-36843,0.0226083,0.666,0.666,67.5,3.5667028717174616,1,1,0,9.381,9.825,0.64,0.041251,49.067,0.44399999999999906,9.506,9.813,0.506,0.042536,51.514,0.3070000000000004,9.467745696688125,9.805286,55.41105,1.0134718,0.719888,3.19493,1168
8935-12704,1-403664,0.0214205,0.803,0.803,80.2,5.21980027904581,1,1,0,9.493,9.81,0.518,0.037472,86.789,0.31700000000000017,9.812,9.868,0.121,0.03889,86.789,0.05600000000000094,9.407236196691963,9.744777,53.114174,0.9111855,0.315209,7.39774,1168
9037-6103,1-247774,0.0372465,0.19,0.19,169.8,6.793949607579779,1,1,0,10.91,10.948,0.082,0.028745,55.807,0.038000000000000256,10.887,10.922,0.076,0.029918,85.581,0.03500000000000014,10.542941140444507,10.880482,172.46887,0.92064446,0.776937,5.55967,1040
9085-1901,1-177972,0.0286047,0.12,0.12,88.3,2.4059424178220814,1,1,2,9.799,9.799,0.0,0.047627,40.642,0.0,9.809,9.809,0.0,0.047947,29.971,0.0,9.815310714591842,10.152851,87.41031,1.3125875,0.77677,2.81446,4224
8442-12705,1-591588,0.0185128,0.617,0.617,81.6,17.413794943021635,1,1,2,10.292,10.609,0.519,0.014418,53.371,0.31700000000000017,9.739,10.613,0.866,0.014291,54.374,0.8739999999999988,10.079911693804306,10.417452,63.557674,0.8797666,0.660378,15.8118,4160
9043-6103,1-374561,0.11097,0.059,0.059,226.3,5.8501133247109935,1,1,0,11.477,11.516,0.084,0.049285,72.414,0.0389999999999997,11.481,11.521,0.088,0.049764,26.394,0.040000000000000924,11.154402668728247,11.491943,230.72408,1.0129975,0.87237,5.88334,1040
9888-12701,1-593975,0.0332197,0.682,0.682,167.1,13.997027822165622,1,1,2,11.048,11.213,0.316,0.016219,55.178,0.16499999999999915,11.051,11.213,0.311,0.01631,55.303,0.16199999999999903,10.849720305715039,11.187261,146.17726,0.9002785,0.614652,13.2096,4096
8996-3702,1-187429,0.0688748,0.511,0.511,275.2,5.081573382705145,1,1,0,11.487,11.521,0.072,0.03436,72.404,0.034000000000000696,11.446,11.507,0.13,0.034926,86.357,0.06099999999999994,10.933199687670166,11.2707405,258.80737,1.0164642,0.661249,4.46715,1040
9869-6103,1-135534,0.0302344,0.714,0.714,91.7,4.526293957303207,3,1,2,10.168,10.184,0.036,0.039058,65.928,0.016000000000000014,10.167,10.185,0.039,0.039099,65.902,0.018000000000000682,9.905737071294956,10.243278,72.484344,0.9520755,0.552468,4.40832,4672
9493-12701,1-384809,0.0154003,0.791,0.791,68.1,7.484885135519807,1,1,2,9.81,9.818,0.017,0.033584,65.451,0.007999999999999119,9.772,9.828,0.12,0.033832,65.5,0.05599999999999916,9.304458212993763,9.641999,42.074898,0.90879774,0.482457,9.17707,4096
8999-6104,1-148597,0.02317,0.393,0.393,57.2,2.845268246781599,1,1,0,9.639,9.639,0.0,0.052733,14.721,0.0,9.661,9.662,0.0,0.051923,14.564,0.0010000000000012221,9.350403095815512,9.687943,57.944805,1.1215624,0.958545,2.09752,1168
8624-12704,1-25682,0.0275785,0.812,0.812,85.2,5.327320589281551,1,1,0,10.078,10.12,0.092,0.046331,80.829,0.041999999999999815,10.144,10.144,0.0,0.043848,80.829,0.0,9.884414127324192,10.221954,62.15293,0.92769,0.353478,8.43863,1152
9871-6104,1-322262,0.0179804,0.762,0.762,102.6,6.179285904303492,1,1,2,10.088,10.088,0.0,0.035575,74.634,0.0,10.073,10.073,0.0,0.032728,72.737,0.0,9.712649701627212,10.05019,89.01385,1.0007441,0.630203,4.93677,4160
9037-6104,1-247713,0.0366431,0.279,0.279,204.9,7.952767054327016,1,1,0,11.055,11.141,0.177,0.009967,85.23,0.0860000000000003,11.06,11.142,0.169,0.014369,85.217,0.08199999999999896,10.845603388747227,11.183144,205.74069,0.9906828,0.837798,5.74941,1040
8999-12705,1-148599,0.023391,0.67,0.67,66.6,3.3645168539230257,1,1,0,9.499,9.653,0.298,0.026727,73.504,0.15399999999999991,9.383,9.633,0.438,0.02637,72.871,0.25,9.513566494102479,9.851107,57.16674,1.0687447,0.544835,3.60134,1168
8982-6104,1-626502,0.0352905,0.821,0.821,124.5,6.287895982052932,1,1,2,10.594,10.594,0.0,0.030406,62.721,0.0,10.533,10.59,0.121,0.030867,62.717,0.057000000000000384,10.222183027686874,10.559724,93.012024,0.947501,0.548113,6.22513,4288
9488-12701,1-384095,0.025272,0.742,0.742,115.1,8.401182304635519,3,1,0,10.468,10.469,0.003,0.02544,82.45,0.0009999999999994458,10.435,10.459,0.055,0.024767,83.41,0.023999999999999133,9.739615850825501,10.077156,80.623,0.94771194,0.274428,11.3272,1168
9863-6104,1-623756,0.019749,0.299,0.299,135.8,6.078035737581684,1,1,2,10.345,10.411,0.141,0.033258,85.23,0.06599999999999895,10.347,10.411,0.135,0.035037,85.23,0.06400000000000006,9.845791117019642,10.1833315,133.20496,0.9435775,0.81484,6.0577,4112
9050-3701,1-318279,0.050411,0.375,0.375,276.1,6.613810628363382,1,1,2,11.36,11.454,0.192,0.029353,60.109,0.0940000000000012,11.352,11.435,0.172,0.031723,85.581,0.08300000000000018,10.691812366674238,11.029353,270.41086,1.063691,0.835995,4.33988,4096
9000-12705,1-149896,0.0274938,0.862,0.862,120.5,6.798186526273755,1,1,0,10.448,10.448,0.0,0.032918,83.908,0.0,10.058,10.378,0.52,0.031202,84.114,0.3200000000000003,9.958625989103004,10.296166,74.069176,0.9448139,0.225213,10.9583,1168
9505-6104,1-387155,0.0207983,0.54,0.54,82.3,5.047788963412638,1,1,0,9.622,9.894,0.465,0.039476,77.866,0.27200000000000024,9.656,9.9,0.43,0.039464,77.866,0.24399999999999977,9.248645044204766,9.586185,67.66007,0.9954265,0.452138,5.80263,1168
9871-3702,1-321932,0.0277629,0.82,0.82,106.2,4.060139884546647,3,1,2,10.052,10.142,0.187,0.031284,74.934,0.08999999999999986,9.954,10.134,0.339,0.030641,75.381,0.17999999999999972,9.886161777661762,10.223702,78.9777,0.9756047,0.409755,4.89526,4288
9864-6104,1-197292,0.0452915,0.096,0.096,273.7,8.90057192389331,1,1,0,11.435,11.557,0.242,0.021242,49.179,0.12199999999999989,11.413,11.514,0.204,0.02109,84.745,0.10099999999999909,10.81139669406615,11.148937,278.2951,0.9061791,0.884933,6.71443,1040
7958-3702,1-177284,0.0370471,0.802,0.802,141.2,6.266936100823789,1,1,2,10.785,10.786,0.002,0.028643,56.234,0.0009999999999994458,10.669,10.782,0.228,0.039468,56.275,0.11299999999999955,10.298743943482407,10.636285,110.16305,0.97430557,0.719594,5.2881,4288
9184-12701,1-201913,0.0591909,0.793,0.793,133.9,14.997446328222038,1,1,0,11.514,11.521,0.017,0.037364,31.666,0.0070000000000014495,11.506,11.524,0.04,0.034137,31.684,0.017999999999998906,10.79345440967763,11.130995,134.75095,0.8676883,0.738975,11.5668,1040
8941-6104,1-218167,0.0219922,0.516,0.516,62.4,7.295110343097501,1,1,0,9.141,9.887,0.82,0.039946,72.352,0.7460000000000004,8.553,9.868,0.952,0.039176,73.774,1.3149999999999995,9.27261892466212,9.61016,48.93958,0.9044077,0.445449,8.03277,1168
9869-6104,1-135583,0.0319085,0.823,0.823,72.2,3.796366972253566,1,1,2,9.706,9.932,0.406,0.032178,70.05,0.22600000000000087,9.895,9.963,0.146,0.029391,72.189,0.06799999999999962,9.80170411318065,10.139245,52.91222,1.0083883,0.473545,3.84643,4096
8444-6104,1-420732,0.0347615,0.331,0.331,91.7,8.178267447715458,1,1,2,11.314,11.314,0.0,0.034081,2.566,0.0,11.309,11.309,0.0,0.033121,2.566,0.0,10.344626061622723,10.682167,97.36532,0.92433983,0.824147,6.59409,4288
9088-6104,1-296457,0.0321971,0.637,0.637,176.1,7.0350090592815,1,1,0,10.865,10.898,0.074,0.027186,71.936,0.032999999999999474,10.868,10.908,0.086,0.025169,77.248,0.03999999999999915,10.569714422165267,10.907255,152.6189,1.0823598,0.613622,5.96559,1040
9502-6104,1-585210,0.0285765,0.093,0.093,226.5,10.046695465253487,1,1,0,11.119,11.179,0.126,0.026191,82.799,0.0600000000000005,11.115,11.185,0.147,0.026206,54.869,0.07000000000000028,10.483416112701049,10.820957,232.61607,0.9404524,0.909448,5.96225,1024
8727-12703,1-52037,0.0174392,0.551,0.551,62.4,6.263108257586875,1,1,0,7.826,9.53,0.98,0.0496,86.806,1.7039999999999997,9.051,9.547,0.681,0.051364,86.806,0.49600000000000044,8.844327414633536,9.181868,44.328373,0.89640963,0.246479,11.4323,1168
8322-3701,1-419028,0.0491864,0.659,0.659,131.3,5.964005764557414,1,1,0,11.016,11.016,0.0,0.026272,31.791,0.0,10.876,11.037,0.31,0.028639,31.775,0.16100000000000136,10.490757464275035,10.828298,109.856766,0.9982241,0.871888,4.99498,1552
8935-6104,1-457196,0.023012,0.586,0.586,84.4,6.99711463127979,1,1,0,10.102,10.111,0.021,0.028754,60.432,0.009000000000000341,10.02,10.114,0.195,0.02961,60.661,0.0940000000000012,9.963538508527174,10.301079,75.98783,0.97734517,0.619965,6.47558,1040
8139-6104,1-121236,0.0607858,0.821,0.821,182.9,5.9407352484790295,1,1,2,11.02,11.07,0.109,0.029309,77.866,0.05000000000000071,11.091,11.091,0.002,0.02825,77.867,0.0,10.806870902331399,11.144411,138.3944,0.94648814,0.395922,7.48554,4608
9510-3702,1-230395,0.0548601,0.659,0.659,60.6,5.4124651341955365,1,1,0,10.423,10.423,0.0,0.045988,36.616,0.0,8.996,10.448,0.965,0.047014,37.418,1.452,9.985914836830434,10.323456,47.892357,0.88288915,0.794027,5.23022,8192
9182-6104,1-72350,0.0262901,0.679,0.679,156.8,6.516967364573983,3,1,0,10.65,10.756,0.216,0.014196,59.845,0.10599999999999987,10.648,10.751,0.211,0.013992,59.913,0.10299999999999976,10.32623342090424,10.6637745,139.1713,0.97271985,0.650628,6.52052,1040
8982-12705,1-626533,0.0250478,0.529,0.529,151.7,8.462568437722428,1,1,0,10.716,10.717,0.0,0.027238,68.922,0.0010000000000012221,10.677,10.711,0.074,0.028679,68.922,0.034000000000000696,10.226158943397147,10.5637,134.55576,0.9323951,0.573957,10.0362,1040
9044-1901,1-315675,0.0313005,0.681,0.681,147.8,3.8456172626645744,1,1,0,10.522,10.562,0.086,0.030147,86.789,0.03999999999999915,10.539,10.567,0.061,0.028445,86.785,0.02800000000000047,10.337928245692945,10.675468,136.86092,1.8305624,0.546532,3.5028,1040
8940-6104,1-584801,0.0256511,0.734,0.734,134.0,4.246334003550956,3,1,0,10.409,10.416,0.017,0.022721,63.524,0.006999999999999673,10.408,10.408,0.0,0.021726,63.599,0.0,10.258814411932045,10.596355,121.05187,2.2356098,0.707567,3.62949,1040
8997-6104,1-576182,0.0337257,0.625,0.625,176.1,6.210174418734431,1,1,0,10.912,10.913,0.0,0.027454,73.388,0.0009999999999994458,10.914,10.918,0.009,0.02663,73.775,0.0039999999999995595,10.505548803193019,10.843089,164.97829,1.0892296,0.510638,6.54728,1040
8995-6104,1-188844,0.0526379,0.361,0.361,137.4,7.4699920641610795,1,1,0,10.989,10.99,0.0,0.036546,13.311,0.0009999999999994458,10.994,10.995,0.0,0.028309,13.53,0.0009999999999994458,10.714220753242595,11.051762,147.65034,0.8692783,0.995061,5.44249,1040
8938-12705,1-604980,0.0138363,0.64,0.64,67.0,5.968214239087091,1,1,2,9.393,9.525,0.262,0.03044,78.562,0.13199999999999967,9.356,9.534,0.336,0.034539,80.807,0.17800000000000082,9.35019566718342,9.6877365,54.71756,0.96567714,0.287174,8.71234,4096
9508-12705,1-298798,0.0278606,0.747,0.747,148.1,6.941843233712699,3,1,0,10.647,10.659,0.026,0.031821,76.528,0.012000000000000455,10.556,10.633,0.162,0.030398,75.186,0.07699999999999996,10.211131224877732,10.548672,116.097786,0.912122,0.412899,9.43961,1040
9043-12703,1-632641,0.111541,0.097,0.097,286.8,5.500554791354643,1,1,2,11.663,11.761,0.2,0.039132,80.043,0.09799999999999898,11.664,11.762,0.199,0.041597,80.043,0.09800000000000075,11.025527053287913,11.363068,284.03635,1.0266514,0.760719,11.7341,4160
9487-6104,1-45593,0.0226222,0.817,0.817,70.2,5.72068179603811,1,1,0,9.809,9.874,0.138,0.035033,72.154,0.06500000000000128,8.857,9.807,0.888,0.033929,75.422,0.9500000000000011,9.497626173364374,9.835167,40.143517,0.909141,0.434622,7.50187,1168
8933-6104,1-456947,0.0234291,0.111,0.111,149.8,2.931368300064936,1,1,0,10.164,10.165,0.0,0.047537,80.043,0.0009999999999994458,10.164,10.166,0.002,0.048854,61.098,0.002000000000000668,9.429277364005921,9.766818,154.87369,1.1324764,0.919323,2.30091,1168
8144-12705,1-556549,0.0272534,0.833,0.833,130.5,9.863464369201195,3,1,0,10.716,10.716,0.0,0.024137,80.829,0.0,10.712,10.712,0.0,0.022964,80.829,0.0,10.24988534473275,10.587426,79.67517,0.9873818,0.247025,14.6902,1040
9037-12701,1-199210,0.0200772,0.524,0.524,78.1,7.820109669473004,1,1,0,9.589,9.964,0.578,0.040991,83.863,0.375,9.751,9.986,0.418,0.040949,83.863,0.2350000000000012,9.146862612602414,9.484404,64.351036,0.8966918,0.440219,9.02945,1168
9047-6104,1-270129,0.0586143,0.748,0.748,183.8,5.805324581860816,1,1,0,11.152,11.152,0.0,0.02023,66.957,0.0,11.113,11.149,0.079,0.020072,66.072,0.03599999999999959,10.865417880371567,11.202958,143.04083,0.9488717,0.597298,6.66625,1040
8937-6104,1-146337,0.0492416,0.589,0.589,177.4,7.287899330281206,1,1,2,11.031,11.137,0.216,0.023629,59.712,0.10599999999999987,11.005,11.113,0.22,0.023802,70.634,0.10799999999999876,10.704011451679824,11.041552,165.14035,0.92802835,0.674065,6.01809,4112
8996-12702,1-149678,0.0480427,0.869,0.869,172.9,8.021564247466731,3,1,2,11.114,11.114,0.0,0.028105,80.829,0.0,11.114,11.114,0.0,0.02772,80.829,0.0,10.620612788117151,10.958154,106.68472,0.8876051,0.275051,11.3341,4224
9888-12705,1-375695,0.0315789,0.645,0.645,132.3,9.840776235334559,1,1,0,10.743,10.849,0.217,0.017671,71.316,0.10599999999999987,10.848,10.861,0.03,0.01679,71.316,0.0129999999999999,10.485431800274178,10.822972,108.507256,0.95488554,0.729318,8.37454,1040
8080-6104,1-38029,0.0366757,0.608,0.608,119.5,9.047554769698305,1,1,0,10.936,10.936,0.0,0.024028,31.749,0.0,10.849,10.951,0.209,0.025866,31.764,0.10200000000000031,10.461750566533082,10.799292,107.68811,0.9402207,0.863966,6.25122,1040
9185-6104,1-547418,0.0244589,0.652,0.652,69.9,5.577752857988983,1,1,0,9.938,9.938,0.0,0.041376,56.306,0.0,9.938,9.938,0.0,0.041196,56.343,0.0,9.355784728130319,9.693325,51.564926,0.8994012,0.541706,5.69424,1168
8727-3703,1-583556,0.0231694,0.276,0.276,94.8,5.127819759630087,1,1,0,10.061,10.061,0.0,0.036893,60.236,0.0,10.063,10.063,0.0,0.03345,86.222,0.0,9.42946480786255,9.767005,95.88743,1.057386,0.628387,4.73917,1552
9869-3702,1-210932,0.0324699,0.433,0.433,182.2,6.528713507686919,1,1,0,10.884,10.947,0.133,0.018892,52.788,0.06299999999999883,10.817,10.936,0.237,0.017057,55.756,0.11899999999999977,10.470106054718016,10.807647,179.12709,0.9610891,0.798639,4.87725,1040
8982-1902,1-457547,0.0240628,0.32,0.32,105.6,3.464736334043567,1,1,0,9.948,10.118,0.325,0.028554,61.838,0.16999999999999993,9.944,10.119,0.331,0.028553,61.786,0.17499999999999893,9.544096582764263,9.881638,98.84292,1.2346432,0.608015,3.03092,1168
9891-1901,1-593648,0.026475,0.626,0.626,78.9,2.6346161907546426,1,1,2,9.669,9.735,0.141,0.043427,66.165,0.06599999999999895,9.671,9.727,0.121,0.04398,86.055,0.05600000000000094,9.66310795844896,10.0006485,77.851105,1.3077694,0.898454,1.91338,4288
8941-1901,1-146247,0.0772168,0.563,0.563,104.6,10.38013465903996,1,1,2,11.438,11.438,0.0,0.044901,31.598,0.0,11.44,11.44,0.0,0.044439,31.606,0.0,10.901994727843894,11.239535,97.706314,0.91592294,0.914427,8.22663,4672
8982-3702,1-457813,0.0235607,0.664,0.664,131.6,4.216422926038771,3,1,0,10.307,10.351,0.097,0.022065,75.747,0.04400000000000048,10.297,10.353,0.12,0.018699,76.119,0.05599999999999916,9.978289647684624,10.31583,125.28694,1.2687479,0.582945,3.82349,1040
8982-3701,1-457523,0.0752586,0.821,0.821,238.6,5.4406909208364445,3,1,2,11.325,11.358,0.072,0.040236,66.433,0.03300000000000125,11.321,11.361,0.088,0.039442,66.422,0.040000000000000924,10.907035490442308,11.244576,203.49846,0.9706178,0.539349,6.25693,4160
9034-3702,1-198233,0.0377137,0.68,0.68,89.3,5.906217591428885,1,1,2,10.317,10.406,0.185,0.034693,56.749,0.08900000000000041,10.305,10.408,0.212,0.034691,57.003,0.10299999999999976,9.635272580112366,9.972814,68.87256,0.8847929,0.650316,5.64401,4160
9095-1901,1-317822,0.0325268,0.311,0.311,108.3,3.94016137138194,1,1,0,10.205,10.205,0.0,0.037308,61.799,0.0,10.191,10.191,0.0,0.037423,85.847,0.0,10.252377230111444,10.589918,109.41645,1.5816545,0.761997,3.1684,1040
9033-6104,1-198395,0.0871908,0.067,0.067,278.7,7.433754078101236,1,1,0,11.677,11.708,0.065,0.039655,84.008,0.031000000000000583,11.676,11.707,0.065,0.043316,83.996,0.031000000000000583,11.148652003647905,11.486193,285.90036,0.9720608,0.836352,5.60019,1040
9050-6104,1-295272,0.0590993,0.136,0.136,205.6,7.728469072718651,1,1,2,11.264,11.282,0.04,0.046376,84.745,0.018000000000000682,11.262,11.284,0.048,0.049046,84.745,0.02200000000000024,10.766368969254778,11.1039095,214.64893,0.9342315,0.881125,6.39651,4096
9182-3702,1-72231,0.0933766,0.082,0.082,249.6,8.057699503823052,1,1,0,11.612,11.668,0.121,0.047035,39.215,0.05599999999999916,11.703,11.745,0.091,0.046204,3.435,0.041999999999999815,11.066899635098428,11.40444,261.23694,0.96556884,0.863467,3.98293,1040
9095-1902,1-376429,0.0313033,0.688,0.688,100.4,3.211107919463244,1,1,2,10.131,10.201,0.149,0.036273,50.443,0.07000000000000028,10.083,10.203,0.242,0.033511,49.585,0.11999999999999922,9.846136003313106,10.183677,92.271576,1.1055204,0.742077,2.66843,4096
9872-6104,1-322353,0.0184955,0.491,0.491,66.0,8.539581549437024,1,1,0,9.949,9.949,0.0,0.104257,74.781,0.0,9.945,9.949,0.008,0.104255,74.788,0.0039999999999995595,8.923788876935074,9.26133,49.138935,0.92191267,0.35841,12.5069,1168
9509-6104,1-230149,0.0210896,0.694,0.694,86.6,6.825719930158882,1,1,0,9.361,10.191,0.852,0.023524,60.774,0.8300000000000001,9.782,10.206,0.623,0.02348,60.184,0.4239999999999995,9.584636480371127,9.922177,63.839275,0.91850066,0.666579,6.2571,1040
7968-3701,1-180204,0.0515439,0.393,0.393,70.9,10.550188964317663,1,1,0,11.354,11.486,0.261,0.026474,2.566,0.13200000000000145,11.327,11.516,0.354,0.026258,2.566,0.18900000000000006,10.696268122736841,11.033809,65.84531,0.91476035,0.966136,8.34373,1552
8442-3701,1-591580,0.029834,0.711,0.711,102.4,7.40700328078361,1,1,0,10.562,10.562,0.0,0.026831,63.5,0.0,10.551,10.559,0.017,0.026137,63.648,0.007999999999999119,9.996953622033097,10.334495,73.184875,0.917131,0.610236,8.09652,1168
9034-6104,1-198501,0.093357,0.303,0.303,246.3,10.838072189817876,1,1,0,11.802,11.803,0.0,0.04592,56.493,0.0010000000000012221,11.79,11.791,0.0,0.047854,72.02,0.0010000000000012221,11.134189861999813,11.47173,254.99617,0.94405097,0.803346,6.64558,1040
8153-6104,1-36968,0.0539422,0.227,0.227,250.0,6.300941253739276,1,1,2,11.33,11.352,0.046,0.040644,51.655,0.02200000000000024,11.311,11.329,0.037,0.040697,71.423,0.018000000000000682,10.784677904217489,11.122218,253.33849,0.9502107,0.824125,5.30921,4112
9043-12702,1-632505,0.0742235,0.098,0.098,228.3,6.595235515655297,1,1,0,11.375,11.437,0.132,0.039678,67.462,0.06199999999999939,11.424,11.436,0.027,0.038835,82.537,0.012000000000000455,10.927770591916797,11.265311,231.03894,0.90240055,0.72184,9.29142,1088
8443-6104,1-627945,0.0303522,0.675,0.675,176.9,6.44855545652094,3,1,0,10.851,10.875,0.053,0.025518,76.883,0.023999999999999133,10.833,10.868,0.078,0.02781,82.465,0.03500000000000014,10.509492851297221,10.8470335,166.47232,1.0840149,0.556374,5.9634,1040
9881-6104,1-627173,0.0271406,0.443,0.443,165.8,7.900830081474836,1,1,0,10.879,10.879,0.0,0.023544,32.845,0.0,10.883,10.884,0.0,0.023547,32.654,0.0010000000000012221,10.442846491116159,10.780387,166.05884,0.98196906,0.945538,5.87271,1024
9181-3702,1-71736,0.107061,0.084,0.084,301.4,7.606395827052582,1,1,0,11.8,11.819,0.04,0.051124,82.799,0.019000000000000128,11.801,11.818,0.036,0.059464,82.799,0.01699999999999946,11.200877845749027,11.538419,314.2278,0.94615334,0.945687,3.87824,1040
8323-6104,1-405673,0.0158578,0.699,0.699,51.5,4.300269197146441,1,1,0,7.478,9.236,0.983,0.07064,86.789,1.758000000000001,9.384,9.386,0.003,0.071062,86.789,0.0019999999999988916,8.867640110648244,9.205181,26.33817,0.89951676,0.317453,6.15124,1168
8444-3702,1-421756,0.0245389,0.598,0.598,71.6,3.638239981743757,1,1,2,8.892,9.635,0.819,0.053957,86.698,0.7430000000000003,8.86,9.635,0.832,0.05691,86.698,0.7750000000000004,9.137556650482205,9.475098,60.640575,0.8861331,0.505184,4.1337,4672
9485-12703,1-121936,0.0218013,0.815,0.815,92.6,9.252043069718528,3,1,0,10.304,10.386,0.173,0.023959,59.964,0.08199999999999896,10.307,10.388,0.171,0.02397,60.09,0.08099999999999952,9.791419744399695,10.128961,58.21348,0.9056636,0.567928,9.05546,1040
8985-6104,1-627238,0.0279465,0.658,0.658,104.1,6.6330557630561975,1,1,0,10.461,10.462,0.0,0.031089,56.592,0.0009999999999994458,10.442,10.471,0.064,0.029954,56.688,0.028999999999999915,10.078572807766715,10.416114,90.33745,0.94456035,0.514973,6.59994,1168
8443-1902,1-424438,0.0299476,0.675,0.675,117.8,2.6649704663606166,1,1,2,10.1,10.137,0.079,0.032136,80.613,0.03700000000000081,10.069,10.13,0.13,0.031569,81.689,0.06099999999999994,9.910954002133858,10.248494,108.79463,1.2238848,0.512358,2.98869,4672
9501-6104,1-385272,0.085745,0.053,0.053,249.0,6.22190133464036,1,1,0,12.163,12.723,0.724,0.044116,2.566,0.5600000000000005,12.163,12.723,0.724,0.044124,2.566,0.5600000000000005,11.026239004906744,11.36378,250.15706,0.927391,0.983518,6.71479,1040
8992-6104,1-149878,0.0265211,0.44,0.44,171.1,4.412681544438459,3,1,0,10.587,10.623,0.078,0.016499,54.962,0.03599999999999959,10.574,10.603,0.064,0.016654,85.579,0.028999999999999915,10.18186644494759,10.519407,171.99838,1.3370394,0.784458,3.15497,1040
9038-3702,1-199750,0.0206158,0.573,0.573,74.0,7.688024587914582,1,1,0,9.999,10.313,0.514,0.029926,41.202,0.31400000000000006,9.939,10.325,0.588,0.029505,41.257,0.38599999999999923,9.64042975583359,9.97797,64.15882,0.93109345,0.589774,6.86348,1040
9045-12702,1-631824,0.0334171,0.752,0.752,99.7,13.140496074925496,1,1,2,9.527,10.808,0.948,0.019286,63.332,1.2810000000000006,10.148,10.814,0.784,0.019314,62.757,0.6660000000000004,9.944634155280436,10.282175,62.46753,0.8259567,0.582747,12.424,4288
9508-3702,1-298867,0.02761,0.065,0.065,103.4,4.603888236590812,1,1,0,10.218,10.218,0.0,0.036738,42.588,0.0,10.196,10.198,0.004,0.037347,82.799,0.002000000000000668,10.004222463776781,10.3417635,105.633995,1.1211839,0.907915,3.48951,1168
9870-6104,1-199384,0.0192958,0.634,0.634,63.4,6.479512924455965,1,1,0,7.887,9.752,0.986,0.043497,65.854,1.865000000000001,8.358,9.78,0.962,0.043159,65.854,1.4219999999999988,9.097743058944877,9.435284,41.906136,0.8840034,0.521735,7.19269,1168
8985-12703,1-420924,0.0245119,0.78,0.78,91.4,16.896027603262535,1,1,2,10.4,10.783,0.586,0.017494,45.465,0.3829999999999991,10.673,10.815,0.28,0.011288,45.271,0.14199999999999946,10.216377057988174,10.553918,64.83351,0.8607342,0.783758,14.1948,4160
8993-12702,1-277300,0.037488,0.806,0.806,195.7,16.64938170629434,3,1,0,11.574,11.574,0.0,0.016938,62.354,0.0,11.575,11.576,0.0,0.016399,62.378,0.0010000000000012221,10.828708220384032,11.166249,137.8833,0.8470594,0.601511,17.1481,1088
9868-6104,1-321409,0.125559,0.07,0.07,237.3,4.526906627117725,1,1,2,11.639,11.64,0.0,0.073386,19.233,0.0010000000000012221,11.418,11.558,0.275,0.083184,26.946,0.14000000000000057,11.159603282688254,11.497144,245.04185,0.99811757,0.795135,6.55541,4112
9485-6104,1-121973,0.0328443,0.62,0.62,104.7,5.172261152275139,1,1,2,10.595,10.715,0.24,0.031219,25.823,0.11999999999999922,10.582,10.713,0.26,0.031297,25.854,0.13099999999999845,10.192812685205741,10.530354,99.35768,1.0091076,0.857037,4.30801,4288
9184-3702,1-153086,0.0178058,0.712,0.712,158.0,5.44669565691626,3,1,2,10.414,10.422,0.017,0.026528,68.697,0.008000000000000895,10.394,10.421,0.059,0.027363,67.986,0.026999999999999247,10.014163380031732,10.351704,145.60915,1.3142697,0.629137,4.40914,4160
9891-3702,1-631872,0.110593,0.201,0.201,168.5,5.3648218533286745,1,1,0,12.039,12.334,0.493,0.02403,2.566,0.29499999999999993,12.039,12.335,0.494,0.024055,2.566,0.29600000000000115,11.165027570079975,11.502568,177.53616,0.8486007,0.691303,7.19752,1040
8993-12701,1-612080,0.0221653,0.731,0.731,152.8,22.88345986334489,1,1,0,11.288,11.524,0.419,0.012885,45.218,0.23599999999999888,11.292,11.507,0.391,0.012511,45.218,0.21499999999999986,10.63625012274839,10.973791,108.58026,0.87539625,0.572756,25.4461,0
8999-12703,1-576224,0.0243706,0.724,0.724,95.2,8.505391814865472,1,1,0,10.258,10.315,0.122,0.024723,69.691,0.057000000000000384,10.108,10.306,0.365,0.024606,70.711,0.19799999999999862,9.874266066457382,10.211806,71.3226,0.8910284,0.448231,9.97069,1040
8984-6104,1-458138,0.0357742,0.089,0.089,214.6,7.989099898652457,1,1,0,11.127,11.278,0.292,0.018692,32.237,0.1509999999999998,11.173,11.254,0.168,0.018071,34.766,0.08099999999999952,10.686855148557777,11.024396,217.99307,0.9424872,0.936086,5.82275,1040
9183-3702,1-72211,0.04037,0.543,0.543,166.9,1.7848466999325654,1,1,0,10.384,10.407,0.049,0.051808,56.64,0.022999999999999687,10.371,10.394,0.05,0.052108,63.233,0.022999999999999687,9.92485021467326,10.262391,163.79953,1.0123692,0.79962,1.95214,0
8932-6104,1-404171,0.0252668,0.48,0.48,149.0,6.9703584235057106,1,1,0,10.765,10.779,0.031,0.027496,41.804,0.013999999999999346,10.741,10.768,0.058,0.03083,42.435,0.027000000000001023,10.27619517123042,10.613736,145.75276,0.95956755,0.755132,5.95995,1552
9492-12701,1-382648,0.0395512,0.843,0.843,112.9,9.542685127723743,1,1,2,10.32,10.815,0.68,0.014212,59.736,0.4949999999999992,10.393,10.815,0.622,0.014285,59.727,0.4219999999999988,10.12998941342097,10.46753,65.26507,0.8954263,0.588554,9.60326,4288
8625-6104,1-24209,0.026712,0.852,0.852,67.5,5.510594871025704,1,1,2,8.698,9.95,0.944,0.022566,63.641,1.251999999999999,9.808,9.976,0.32,0.022323,63.717,0.16800000000000104,9.686141821547833,10.023683,38.137417,0.98725873,0.558572,6.207,4288
8309-12704,1-196929,0.0698852,0.066,0.066,308.5,7.007498151497588,1,1,0,11.693,11.707,0.028,0.028991,86.055,0.014000000000001123,11.706,11.708,0.0,0.066784,86.055,0.002000000000000668,11.140420043924413,11.477961,313.1164,0.9587803,0.685607,6.45367,1024
9869-12703,1-634089,0.0293892,0.825,0.825,155.3,11.943241601213266,3,1,0,11.032,11.032,0.0,0.017806,65.854,0.0,11.031,11.031,0.0,0.01765,65.867,0.0,10.594720633700835,10.932261,104.937744,0.88758975,0.497896,13.3412,1088
8990-12701,1-174429,0.0313581,0.838,0.838,91.2,6.121111354090802,1,1,2,10.264,10.264,0.0,0.049266,81.023,0.0,10.245,10.247,0.003,0.048235,79.872,0.002000000000000668,9.787040855333151,10.124581,65.8432,0.90456903,0.35689,7.8481,4608
8323-1901,1-410131,0.0253315,0.695,0.695,162.9,3.241237596931019,1,1,0,10.421,10.46,0.084,0.025067,58.098,0.03900000000000148,10.423,10.459,0.079,0.024922,58.259,0.03599999999999959,10.126303531768661,10.463844,156.8924,1.837127,0.779739,2.66056,1040
9045-12701,1-314719,0.0684827,0.072,0.072,233.2,9.828619112792373,1,1,0,11.523,11.588,0.139,0.027746,86.055,0.0649999999999995,11.518,11.582,0.137,0.038988,86.055,0.06400000000000006,11.119655019130922,11.457195,237.16129,0.8973752,0.693074,10.7348,1024
8727-9101,1-51660,0.0335196,0.807,0.807,186.8,7.391018353878707,3,1,0,10.909,10.967,0.123,0.018742,72.301,0.05799999999999983,10.907,10.967,0.128,0.018691,72.279,0.0600000000000005,10.562109589214284,10.899651,155.80884,0.93853456,0.494816,8.20735,1040
9502-9101,1-605311,0.0866,0.401,0.401,239.3,7.521112099060325,1,1,0,11.576,11.611,0.076,0.025475,68.202,0.03500000000000014,11.576,11.604,0.061,0.028913,85.23,0.027999999999998693,11.092710120457669,11.430251,235.9727,0.9002604,0.806264,7.00611,1040
8446-9101,1-418228,0.0346134,0.637,0.637,165.7,9.0249705747865,1,1,0,11.012,11.067,0.119,0.024487,60.768,0.054999999999999716,11.016,11.063,0.1,0.02445,60.806,0.0470000000000006,10.437415995531838,10.774957,154.0227,0.8927506,0.680658,8.1744,1040
8985-12702,1-415939,0.0356097,0.822,0.822,187.9,10.900142540604731,3,1,0,11.103,11.197,0.194,0.019198,68.99,0.09399999999999942,11.106,11.208,0.209,0.019459,69.061,0.10200000000000031,10.64186955483996,10.97941,154.55191,0.90432537,0.461371,12.5215,1040
8990-3702,1-174435,0.0323474,0.722,0.722,254.7,3.8502508556470407,3,1,0,11.021,11.026,0.008,0.037546,86.749,0.004999999999999005,10.984,11.009,0.051,0.045772,86.749,0.025000000000000355,10.318472381300284,10.656013,227.046,1.3585019,0.502518,4.02617,1168
9487-1901,1-44625,0.0315007,0.456,0.456,186.3,5.211953646856081,3,1,0,10.854,10.904,0.107,0.031846,45.629,0.05000000000000071,10.827,10.905,0.164,0.031712,46.022,0.0779999999999994,10.385407846845165,10.722948,184.83644,1.2298295,0.836216,3.679,1040
8984-9101,1-395622,0.0369943,0.082,0.082,239.2,10.322522962895475,1,1,0,11.326,11.391,0.138,0.015437,74.3,0.0649999999999995,11.317,11.389,0.149,0.017782,85.23,0.07199999999999918,10.827712307735629,11.165253,243.94339,0.8842422,0.834876,7.60601,1040
9024-3703,1-262307,0.0775052,0.051,0.051,243.4,7.911038848809153,1,1,0,11.536,11.626,0.185,0.027971,39.215,0.08999999999999986,11.649,11.745,0.198,0.027764,3.17,0.09600000000000009,11.042445559020052,11.379986,248.12961,0.8959869,0.917359,4.96258,1040
9195-12705,1-602993,0.0212895,0.815,0.815,109.6,6.525095364134881,1,1,0,10.015,10.26,0.431,0.02091,81.434,0.24499999999999922,9.984,10.255,0.464,0.02279,83.021,0.2710000000000008,9.986589023519624,10.32413,80.07032,0.9416451,0.348471,8.65707,1552
8443-9101,1-592031,0.048591,0.812,0.812,171.6,7.372632426469052,1,1,0,11.028,11.049,0.047,0.023653,62.914,0.02099999999999902,10.984,11.048,0.136,0.022072,62.776,0.06400000000000006,10.709904822048877,11.047445,131.43764,0.9181073,0.57774,7.41103,1040
9047-12703,1-269638,0.0477255,0.842,0.842,163.9,10.067791791278768,3,1,0,11.155,11.279,0.248,0.020033,52.692,0.12400000000000055,11.151,11.284,0.263,0.020328,52.692,0.1330000000000009,10.755871807981222,11.093412,131.14417,0.86199915,0.690489,8.88166,1040
8625-9101,1-24179,0.0289486,0.722,0.722,114.3,7.847215383384696,1,1,0,10.603,10.603,0.0,0.024249,72.285,0.0,10.572,10.611,0.087,0.018907,72.605,0.03900000000000148,10.101241706536966,10.438783,92.33527,0.95934826,0.495626,8.29538,1216
9033-3702,1-198029,0.0260037,0.717,0.717,86.8,3.4190393325359656,1,1,2,9.681,9.841,0.307,0.03878,80.829,0.16000000000000014,9.8,9.863,0.136,0.039084,80.871,0.06299999999999883,9.643839421136652,9.98138,67.65905,0.9881099,0.425631,4.1753,4288
8992-9101,1-149563,0.0239519,0.591,0.591,57.5,7.635845782710131,1,1,0,9.701,10.011,0.51,0.039448,46.087,0.3099999999999987,9.461,9.983,0.699,0.039821,48.036,0.5220000000000002,9.238116387877543,9.575657,44.5014,0.8282417,0.72029,6.90158,1168
9506-9101,1-385972,0.0849579,0.882,0.882,158.8,8.129812061476544,3,1,2,11.623,11.623,0.0,0.046829,31.598,0.0,11.628,11.628,0.0,0.04718,31.598,0.0,10.834755038935693,11.172296,146.575,0.8321694,0.822689,7.8109,4160
8085-9101,1-38353,0.0376657,0.108,0.108,218.9,8.642766205643104,1,1,0,11.195,11.254,0.124,0.01962,85.23,0.058999999999999275,11.188,11.253,0.136,0.02062,85.23,0.0649999999999995,10.750718934207047,11.08826,221.111,0.9961317,0.818059,6.9317,1040
9036-1901,1-209786,0.0418354,0.611,0.611,242.0,5.276864398077792,3,1,0,11.197,11.206,0.017,0.036228,54.876,0.009000000000000341,11.175,11.207,0.068,0.036859,56.46,0.03200000000000003,10.687670730316466,11.025211,225.91183,1.2941391,0.716581,4.16798,1040
9047-1901,1-295721,0.0644593,0.283,0.283,187.3,5.300674096659373,1,1,2,11.108,11.196,0.184,0.024013,41.727,0.08799999999999919,11.101,11.196,0.195,0.024046,41.582,0.09499999999999886,10.81005836191841,11.147599,185.08665,1.0417467,0.927005,3.78684,4096
9865-3703,1-246760,0.0373618,0.8,0.8,148.0,4.613420263933723,1,1,2,10.584,10.663,0.167,0.01985,75.505,0.07900000000000063,10.629,10.668,0.086,0.01923,75.693,0.0389999999999997,10.353339095311304,10.69088,123.72824,1.0304163,0.490056,5.06701,4224
9872-9101,1-322563,0.0415867,0.763,0.763,139.0,10.746882660130069,1,1,0,10.95,11.172,0.4,0.022232,41.529,0.2220000000000013,10.966,11.182,0.391,0.021975,41.476,0.21600000000000108,10.593440037001843,10.930981,124.53245,0.85445404,0.850285,7.54702,1040
9512-3703,1-53968,0.0163325,0.294,0.294,91.4,4.658060788020977,1,1,2,9.78,9.838,0.123,0.014662,85.324,0.05799999999999983,9.802,9.842,0.087,0.018705,85.324,0.040000000000000924,9.653154603983685,9.990695,91.13358,1.0422847,0.823527,4.03517,4160
9888-9101,1-316920,0.0318915,0.744,0.744,112.2,7.538891278883731,1,1,2,10.513,10.605,0.191,0.030488,77.651,0.09200000000000053,10.277,10.574,0.495,0.029842,77.651,0.2970000000000006,10.040238297849786,10.377779,90.20412,0.88111305,0.487231,6.93672,4288
9500-3703,1-386126,0.146562,0.092,0.092,169.0,1.6806111027812511,1,1,0,10.88,10.911,0.069,0.108257,75.687,0.030999999999998806,10.927,10.928,0.0,0.104372,75.687,0.0010000000000012221,10.506775536606643,10.8443165,169.15874,1.0827165,0.908386,1.2057,8192
9494-9101,1-384872,0.0872938,0.14,0.14,232.4,5.030200389544652,1,1,0,11.355,11.409,0.116,0.033593,73.439,0.05400000000000027,11.375,11.401,0.056,0.055883,85.847,0.0259999999999998,10.93754998649752,11.27509,235.34683,0.9711851,0.718266,5.14887,0
8984-12705,1-458137,0.0365577,0.623,0.623,170.7,12.185043075072688,1,1,0,11.2,11.414,0.388,0.0115,36.616,0.2140000000000004,11.123,11.459,0.538,0.011089,36.616,0.3360000000000003,10.790551149524381,11.128092,147.96169,0.90976006,0.783275,10.7815,1040
8992-3703,1-149879,0.0262683,0.583,0.583,69.8,3.8638560935872133,1,1,2,9.766,9.766,0.0,0.059796,86.749,0.0,9.74,9.757,0.04,0.059719,86.749,0.01699999999999946,9.227174288826395,9.564714,61.63956,0.8970739,0.419369,4.84743,4672
8933-9101,1-456862,0.0219011,0.451,0.451,50.0,3.044831697856756,1,1,0,9.216,9.378,0.311,0.083654,70.306,0.1620000000000008,9.181,9.372,0.356,0.083633,70.09,0.19100000000000072,8.924280320095132,9.261821,45.833237,0.88403994,0.585187,3.02526,1168
8937-9101,1-584634,0.0271522,0.223,0.223,227.3,11.893368067718095,1,1,2,11.166,11.253,0.178,0.013157,74.087,0.08699999999999974,11.131,11.247,0.232,0.012522,84.745,0.11599999999999966,9.123714473682089,9.461255,229.38283,0.9078449,0.889413,7.6239,4160
8982-1901,1-458044,0.024672,0.419,0.419,43.0,4.481650911631334,1,1,0,9.353,9.378,0.055,0.050134,12.213,0.025000000000000355,9.379,9.4,0.047,0.044919,12.208,0.021000000000000796,9.44070762341292,9.778248,42.076073,0.9463516,0.910181,3.45668,1168
8085-1902,1-38567,0.0326055,0.472,0.472,226.8,4.078269799061217,1,1,0,10.865,10.907,0.087,0.007323,86.222,0.041999999999999815,10.842,10.902,0.127,0.007595,86.222,0.05999999999999872,10.30514492300862,10.642686,221.80962,1.7962282,0.639267,2.82707,1216
9872-3703,1-199287,0.0189259,0.541,0.541,53.6,3.6317503510584834,1,1,0,9.401,9.418,0.037,0.035661,78.876,0.01699999999999946,9.424,9.424,0.0,0.035609,78.876,0.0,9.509327548874019,9.8468685,48.998425,1.0565267,0.483014,5.70501,1552
9870-9101,1-199368,0.0367199,0.714,0.714,107.7,9.676871466084718,1,1,0,10.927,11.061,0.265,0.0196,31.703,0.13400000000000034,10.907,11.064,0.303,0.019747,31.739,0.15700000000000003,10.564785567543732,10.902327,89.65987,0.8535192,0.821315,7.9319,1040
8311-3703,1-626924,0.0316772,0.563,0.563,134.3,7.933533330382085,1,1,0,10.79,10.791,0.0,0.025547,45.64,0.0010000000000012221,10.789,10.789,0.0,0.02521,45.742,0.0,10.613849218556082,10.95139,123.6707,1.0700905,0.826141,5.97203,1040
9183-12705,1-153938,0.0385007,0.248,0.248,101.9,2.4597292323631414,1,1,0,10.231,10.365,0.265,0.0387,19.311,0.13400000000000034,10.295,10.355,0.13,0.037187,19.112,0.0600000000000005,10.066236447754022,10.403777,101.40558,1.5103855,0.953776,1.80987,0
9863-12702,1-456589,0.0216236,0.546,0.546,86.8,5.063605508692991,1,1,0,9.965,10.012,0.102,0.035572,62.192,0.0470000000000006,10.036,10.036,0.001,0.044248,86.357,0.0,9.706284124646796,10.043825,79.8222,0.95640546,0.640432,4.48192,1552
8085-3702,1-109419,0.103253,0.058,0.058,317.1,5.229345136958666,1,1,0,11.731,11.769,0.079,0.042279,85.23,0.038000000000000256,11.74,11.769,0.061,0.053546,85.23,0.028999999999999915,11.18289946754826,11.52044,321.37964,1.0539103,0.757265,5.02722,1040
8995-3702,1-188548,0.13492,0.657,0.657,141.2,4.588238129125024,1,1,2,11.355,11.372,0.039,0.053079,36.616,0.01699999999999946,11.172,11.43,0.448,0.040826,36.616,0.2579999999999991,10.95198022632008,11.289521,125.09989,0.82768536,0.890238,3.82427,6176
8153-3703,1-36847,0.0282795,0.064,0.064,123.0,3.9731066691850505,1,1,0,10.284,10.343,0.126,0.031267,39.215,0.058999999999999275,10.347,10.349,0.004,0.029005,39.215,0.002000000000000668,10.014948741875756,10.352489,124.91225,1.1330541,0.655507,3.81227,1152
8983-3703,1-458396,0.0289385,0.691,0.691,107.8,11.655496488332819,3,1,0,10.805,10.895,0.186,0.024189,53.065,0.08999999999999986,10.745,10.906,0.311,0.02283,52.945,0.16100000000000136,10.326327666615938,10.663868,79.96802,0.8647113,0.660855,10.6479,1050
8932-3703,1-457176,0.0212861,0.768,0.768,66.2,3.09675637233354,1,1,0,9.23,9.473,0.428,0.034329,77.866,0.24300000000000033,9.473,9.565,0.19,0.040299,86.789,0.09199999999999875,9.209021461455256,9.546562,50.956333,0.9118272,0.391445,4.0759,1168
8446-12703,1-418202,0.0252528,0.781,0.781,96.5,8.909875356425115,1,1,0,10.377,10.377,0.0,0.032693,86.797,0.0,9.902,10.306,0.606,0.033714,86.853,0.4039999999999999,9.899439644092743,10.23698,63.80002,0.8696191,0.183335,17.5578,1168
8983-1902,1-627086,0.0657623,0.393,0.393,242.0,4.055203011516738,1,1,2,11.22,11.262,0.089,0.031968,63.085,0.041999999999999815,11.217,11.253,0.078,0.039525,85.23,0.03599999999999959,10.80956308124611,11.147103,242.07242,1.345809,0.817903,3.06432,4096
9883-3701,1-594855,0.0324859,0.692,0.692,98.9,5.467374183069184,1,1,2,10.312,10.364,0.114,0.028967,58.893,0.05200000000000138,10.209,10.364,0.299,0.02912,58.527,0.15500000000000114,10.030891042714531,10.368432,83.027214,1.0571,0.636246,5.28702,4288
7958-3703,1-177250,0.0302212,0.698,0.698,134.1,4.918615959711183,3,1,0,10.541,10.554,0.029,0.033255,60.923,0.0129999999999999,10.552,10.552,0.0,0.031152,61.389,0.0,10.231308994119322,10.56885,116.595955,1.2096615,0.684304,4.29007,1168
9871-9101,1-321936,0.0172671,0.624,0.624,78.2,6.368316812724542,1,1,0,9.814,9.814,0.0,0.037015,78.752,0.0,9.33,9.742,0.613,0.036368,78.087,0.4120000000000008,9.164201123675046,9.501741,62.58452,0.87177885,0.364272,8.33233,1168
9863-9101,1-455654,0.0213466,0.745,0.745,76.3,5.181373924385343,1,1,0,9.745,9.926,0.341,0.035468,72.043,0.18100000000000094,9.972,9.972,0.0,0.03362,73.021,0.0,9.321571506272335,9.659112,54.430283,0.8752236,0.472397,5.99971,1168
8936-9101,1-152830,0.0258396,0.759,0.759,86.8,5.601281862954339,1,1,0,10.021,10.103,0.173,0.031644,74.911,0.08199999999999896,9.934,10.099,0.315,0.035583,75.731,0.16500000000000092,9.792454027296518,10.129994,72.14685,0.8714936,0.42735,6.69528,1168
8331-9101,1-285879,0.062122,0.075,0.075,257.1,8.141300604378493,1,1,0,11.522,11.598,0.159,0.026021,39.215,0.07600000000000051,11.577,11.602,0.055,0.024507,37.447,0.025000000000000355,11.005086090396244,11.342627,262.35028,0.86813986,0.801087,6.89747,1040
9488-9101,1-412858,0.0152386,0.712,0.712,58.8,6.260280801907413,1,1,0,7.789,9.586,0.984,0.033663,71.936,1.7970000000000006,9.054,9.621,0.729,0.033113,71.95,0.5670000000000002,8.94491231239592,9.282453,40.516106,0.8722558,0.424477,7.31897,1168
9487-12705,1-45606,0.0402399,0.083,0.083,180.8,9.812804010135498,1,1,0,11.104,11.173,0.145,0.026784,39.215,0.06900000000000084,11.146,11.251,0.214,0.026873,3.628,0.10499999999999865,10.719135644645448,11.056676,184.0864,0.91658914,0.8133,10.5162,1040
8933-1901,1-456590,0.0213619,0.633,0.633,110.7,3.4712484947571656,1,1,0,9.926,10.024,0.201,0.028337,75.566,0.09799999999999898,9.902,10.017,0.232,0.028991,86.636,0.11500000000000021,9.661429315365034,9.99897,103.668335,1.111478,0.611001,3.37342,1040
8446-3703,1-418242,0.0214632,0.679,0.679,72.1,4.6769023241443906,1,1,0,9.884,9.884,0.0,0.031931,61.338,0.0,9.877,9.883,0.013,0.030785,60.4,0.005999999999998451,9.475217774869042,9.812758,60.646572,1.0650935,0.646366,4.41633,1168
9196-1902,1-24553,0.024214,0.595,0.595,79.3,4.19711065153277,1,1,0,9.917,9.958,0.09,0.041677,42.105,0.04100000000000037,9.831,9.966,0.267,0.047078,42.142,0.1349999999999998,9.767829427913876,10.10537,74.38095,1.0926229,0.775745,3.54998,1168
8446-1902,1-418253,0.0266073,0.382,0.382,152.5,5.097303448531148,1,1,0,10.573,10.601,0.062,0.034952,54.185,0.02800000000000047,10.521,10.581,0.128,0.035045,52.746,0.05999999999999872,10.182503100253506,10.520043,148.55287,1.3215778,0.725481,3.64385,1552
9501-9101,1-385101,0.0269542,0.768,0.768,87.7,6.004121950116836,1,1,2,10.136,10.175,0.085,0.043772,71.362,0.03900000000000148,10.104,10.174,0.148,0.044063,71.362,0.07000000000000028,9.699921802687905,10.037462,63.472755,0.8525547,0.420147,7.10526,4288
9508-9101,1-230005,0.019431,0.609,0.609,70.4,6.860424936811883,1,1,0,9.649,9.84,0.357,0.052394,69.555,0.19100000000000072,9.86,9.86,0.0,0.051236,70.664,0.0,8.801359111927646,9.1389,51.491386,0.866194,0.442817,7.83912,1168
8144-9101,1-120941,0.0157875,0.788,0.788,85.9,6.34463612566004,1,1,2,9.929,9.94,0.024,0.030918,73.377,0.010999999999999233,9.837,9.92,0.174,0.030345,72.993,0.08300000000000018,9.584796936364976,9.922338,63.14443,0.95204264,0.42201,7.13642,4160
8993-1902,1-277525,0.0246718,0.689,0.689,80.5,3.1889669520752943,1,1,0,9.65,9.855,0.376,0.023264,79.763,0.20500000000000007,9.799,9.885,0.179,0.023262,80.078,0.0860000000000003,9.546637655006728,9.884178,70.0747,1.0460488,0.577908,3.43576,1168
9865-9101,1-198159,0.0372611,0.066,0.066,210.4,9.009836826547293,1,1,0,11.164,11.285,0.241,0.022115,4.218,0.12100000000000044,11.175,11.306,0.258,0.022119,3.758,0.13099999999999845,10.614453207643395,10.951994,213.30594,0.8765698,0.879828,8.03374,1040
8997-9101,1-187006,0.0335302,0.092,0.092,227.0,11.684778222776174,1,1,0,11.531,11.775,0.429,0.01784,2.656,0.24399999999999977,11.511,11.741,0.41,0.017835,2.675,0.23000000000000043,10.807854881112437,11.145395,232.84717,0.8966422,0.893591,7.71971,1040
8997-3703,1-149589,0.0340648,0.612,0.612,72.8,2.785216761297122,1,1,0,9.91,10.001,0.189,0.053706,41.944,0.0909999999999993,9.923,9.992,0.147,0.053615,42.192,0.06900000000000084,9.599650585926378,9.937191,66.94348,1.0405194,0.682423,2.48186,0
8989-9101,1-174947,0.0333221,0.36,0.36,173.7,7.616589138314609,1,1,0,10.911,10.938,0.059,0.038147,72.484,0.027000000000001023,10.92,10.939,0.042,0.038885,73.667,0.019000000000000128,10.365120925859411,10.7026615,165.71046,0.9485412,0.526359,7.96113,1168
9491-1902,1-382793,0.0782064,0.545,0.545,197.8,6.419542753191914,1,1,0,11.363,11.377,0.03,0.04203,53.547,0.014000000000001123,11.37,11.371,0.0,0.041379,53.796,0.0010000000000012221,10.935208900790549,11.27275,182.9631,0.9167427,0.775853,5.87173,1040
8323-9101,1-405698,0.034418,0.076,0.076,180.5,10.47768873872554,1,1,0,10.997,11.163,0.317,0.015226,4.719,0.16600000000000037,11.074,11.302,0.408,0.015236,2.981,0.22799999999999976,10.510827745732291,10.848369,183.54414,0.8940833,0.924811,7.54176,1040
8933-12705,1-456914,0.0230577,0.359,0.359,89.6,1.6944511042524628,1,1,0,9.656,9.656,0.0,0.064583,49.538,0.0,9.634,9.659,0.055,0.062264,49.06,0.025000000000000355,9.313569858775303,9.651111,90.38355,1.2794448,0.877588,1.38867,1168
9183-9101,1-122094,0.0355189,0.747,0.747,139.6,6.283432061600681,1,1,2,10.706,10.719,0.029,0.042299,75.537,0.0129999999999999,10.675,10.713,0.082,0.041182,86.698,0.03799999999999848,10.249557877772734,10.587098,113.088615,0.88118815,0.439927,7.58261,4672
8150-12705,1-606079,0.0220383,0.639,0.639,68.1,6.104901156255272,1,1,0,9.479,9.745,0.457,0.053431,86.828,0.266,9.73,9.794,0.137,0.053569,86.828,0.06400000000000006,9.113946693020772,9.451488,48.818993,0.8724178,0.208716,11.896,1168
9027-12702,1-272315,0.0225634,0.746,0.746,91.9,9.894832451890148,1,1,0,10.002,10.376,0.577,0.021286,70.332,0.3739999999999988,10.275,10.399,0.247,0.021198,69.312,0.12399999999999878,9.77645709710487,10.113997,60.0539,0.8614752,0.504287,11.263,1040
9512-9101,1-605753,0.0283994,0.812,0.812,119.1,6.068727909509412,3,1,0,10.428,10.451,0.052,0.03237,77.866,0.022999999999999687,10.379,10.441,0.133,0.031605,77.866,0.062000000000001165,10.05870306454696,10.396244,83.60086,0.94119024,0.370294,7.58391,1168
9509-12703,1-230042,0.0452423,0.779,0.779,193.5,11.794750762328738,1,1,0,11.357,11.451,0.193,0.027665,45.218,0.0940000000000012,11.358,11.451,0.192,0.027674,45.218,0.09299999999999997,10.849979887715804,11.18752,178.11833,0.86903834,0.777592,10.1128,1040
9027-9101,1-272321,0.0221977,0.725,0.725,97.2,6.282287320829853,1,1,0,10.196,10.213,0.037,0.034857,80.484,0.01699999999999946,10.141,10.202,0.13,0.034851,80.46,0.06099999999999994,9.734939773032567,10.07248,75.81528,0.91633856,0.37086,7.32028,1168
9876-12702,1-456717,0.0232275,0.758,0.758,84.5,7.200304075406429,1,1,0,10.043,10.204,0.309,0.028962,56.924,0.16100000000000136,10.027,10.207,0.339,0.02898,56.93,0.1800000000000015,9.870376395188538,10.207917,68.60102,0.84174347,0.616239,6.95731,1040
8322-12704,1-625154,0.0186529,0.742,0.742,110.1,16.889714732053672,1,1,2,10.807,10.807,0.0,0.014347,52.819,0.0,10.751,10.826,0.157,0.014291,52.907,0.07500000000000107,10.367147111256674,10.704688,73.63365,0.8982949,0.653585,17.4844,4096
9485-12705,1-153627,0.0323135,0.806,0.806,155.4,6.934138298630191,3,1,0,10.859,10.888,0.064,0.019558,60.531,0.028999999999999915,10.869,10.886,0.037,0.019206,60.75,0.01699999999999946,10.51129365659191,10.848834,114.105415,1.0803715,0.619818,6.5414,1040
9184-9101,1-201938,0.0747111,0.071,0.071,226.7,8.225121250404468,1,1,0,11.536,11.537,0.0,0.046711,6.422,0.0010000000000012221,11.741,11.782,0.089,0.046676,2.71,0.04100000000000037,10.990050117299546,11.327591,237.66074,0.87408394,0.868882,7.21509,1040
8445-9101,1-409168,0.025059,0.685,0.685,72.5,8.861614341227156,3,1,0,10.397,10.453,0.121,0.02651,36.971,0.05599999999999916,10.412,10.431,0.044,0.02615,37.163,0.01899999999999835,9.878462047176997,10.216002,53.448017,0.8633276,0.824125,7.45953,1168
8990-12702,1-576106,0.0316278,0.108,0.108,246.3,14.752994502500782,1,1,0,11.439,11.54,0.206,0.013117,43.8,0.10099999999999909,11.327,11.478,0.293,0.013235,84.642,0.1509999999999998,11.041317664177534,11.378859,246.58858,0.87896365,0.843018,14.6038,0
9028-3701,1-269500,0.0782437,0.371,0.371,314.8,5.31425969051454,1,1,0,11.603,11.655,0.109,0.033356,81.736,0.0519999999999996,11.626,11.647,0.042,0.074156,86.357,0.021000000000000796,11.038540686337457,11.376081,310.47717,1.0507038,0.683547,4.65747,1040
8993-3702,1-173397,0.0252874,0.65,0.65,65.1,4.944209834781731,1,1,2,9.849,9.852,0.008,0.035806,49.328,0.0030000000000001137,9.761,9.858,0.2,0.034731,49.06,0.09700000000000131,9.134167541513662,9.471708,53.146828,0.88401955,0.639531,4.97758,4224
8999-9101,1-173626,0.0216862,0.616,0.616,75.7,3.2573748447137847,3,1,0,9.72,9.769,0.107,0.038838,70.021,0.04899999999999949,9.722,9.771,0.107,0.039187,70.896,0.049000000000001265,9.596645470039084,9.934186,67.76805,1.248339,0.533434,3.19551,1168
8977-9101,1-153028,0.0279532,0.784,0.784,153.6,7.204273124239687,3,1,0,10.68,10.778,0.202,0.013337,74.911,0.09800000000000075,10.66,10.778,0.237,0.012599,74.911,0.11800000000000033,10.473159848699396,10.8107,120.250084,0.95325947,0.453642,7.68692,1088
8990-9101,1-174390,0.0296172,0.732,0.732,130.5,5.984384209353878,1,1,2,10.6,10.623,0.052,0.036006,86.843,0.022999999999999687,10.524,10.605,0.169,0.033202,86.843,0.0810000000000013,10.053416523490652,10.390957,106.789505,0.9094323,0.39977,6.93088,4288
8444-9101,1-421972,0.0368936,0.744,0.744,162.6,6.476826677750977,1,1,2,10.801,10.864,0.135,0.030568,81.496,0.06300000000000061,10.774,10.857,0.172,0.030502,83.713,0.08300000000000018,10.394880509959856,10.732421,141.56863,0.94548035,0.376847,7.90587,4160
9510-9101,1-230422,0.0202794,0.746,0.746,71.9,6.09486792277046,1,1,0,9.86,9.962,0.211,0.034681,66.118,0.10200000000000031,9.976,9.976,0.0,0.033387,66.548,0.0,9.50750775713338,9.845048,50.275845,0.8984619,0.49944,6.96221,1040
7972-12704,1-113375,0.028215,0.826,0.826,78.0,8.466408047476813,1,1,2,8.54,10.274,0.982,0.030433,69.15,1.734,9.611,10.308,0.799,0.027094,73.691,0.6969999999999992,9.679288863783018,10.0168295,45.5712,0.87179476,0.570455,8.96766,4288
9486-9101,1-548636,0.0409993,0.312,0.312,226.9,11.962550938499504,1,1,0,11.383,11.415,0.069,0.034072,45.431,0.03200000000000003,11.36,11.399,0.083,0.033976,57.848,0.0389999999999997,10.810216382915845,11.147757,235.03638,0.88453925,0.682224,9.91041,1040
9193-9101,1-37385,0.0450558,0.6,0.6,139.5,10.874037046321192,1,1,0,10.946,10.947,0.0,0.033223,18.209,0.0009999999999994458,10.948,10.948,0.0,0.032296,18.209,0.0,10.625659130659882,10.9632,144.33774,0.85638756,0.85082,8.03278,1040
8935-9101,1-404184,0.021424,0.806,0.806,81.0,6.201574183048618,3,1,0,9.971,10.031,0.13,0.027104,77.151,0.0600000000000005,10.012,10.042,0.066,0.026828,77.659,0.02999999999999936,9.80979733326511,10.147338,58.530544,0.9170643,0.412745,7.31902,1040
8996-3703,1-188330,0.0272471,0.797,0.797,110.3,5.453616368350783,3,1,0,10.416,10.419,0.007,0.029974,59.969,0.0030000000000001137,10.281,10.422,0.277,0.029271,59.655,0.14100000000000001,9.91080896749813,10.248349,77.36225,1.0508935,0.616191,5.22991,1168
8150-9101,1-389743,0.0214527,0.114,0.114,139.0,5.379440361081326,1,1,0,10.347,10.416,0.146,0.030159,84.023,0.06900000000000084,10.322,10.412,0.186,0.02945,84.023,0.09000000000000163,9.844377755043158,10.181918,145.1553,1.3296741,0.950564,3.03861,1040
9883-3703,1-176928,0.0313922,0.296,0.296,148.8,4.243586614221335,1,1,2,10.47,10.471,0.0,0.040269,62.369,0.0009999999999994458,10.474,10.475,0.0,0.034242,79.433,0.0009999999999994458,10.190659396792382,10.5282,151.27014,1.1116712,0.725799,4.03947,4288
8322-12705,1-575232,0.0485022,0.744,0.744,191.5,10.87980977996833,3,1,0,11.56,11.615,0.118,0.030268,31.632,0.054999999999999716,11.544,11.611,0.142,0.031153,31.683,0.06700000000000017,10.826100729955657,11.163641,187.44632,0.8819494,0.76491,10.4865,1040
9486-3702,1-72169,0.0211658,0.727,0.727,73.4,4.494595228305589,1,1,0,9.415,9.773,0.562,0.042434,75.176,0.35800000000000054,9.396,9.772,0.579,0.042427,75.217,0.37599999999999945,9.190978455224618,9.528519,54.203346,0.8654547,0.433662,5.21305,1168
8995-1901,1-189197,0.0264672,0.276,0.276,120.5,2.1915929227346567,1,1,0,10.042,10.054,0.027,0.043649,64.358,0.012000000000000455,10.049,10.05,0.001,0.040696,66.17,0.0010000000000012221,9.835297309436344,10.172838,119.260124,1.7163417,0.766388,1.89613,1168
9193-3701,1-37784,0.023239,0.591,0.591,58.6,4.357720415659766,1,1,0,8.195,9.846,0.978,0.041072,45.188,1.6509999999999998,9.632,9.84,0.379,0.036495,45.63,0.20800000000000018,9.092288942136609,9.42983,47.5763,0.89675355,0.556014,4.51021,1168
9027-3703,1-323764,0.0208141,0.121,0.121,66.5,5.5677535566058,1,1,0,9.651,9.959,0.508,0.03328,50.817,0.30799999999999983,9.682,9.959,0.471,0.03326,50.772,0.27699999999999925,9.387859464708118,9.7254,63.310555,0.8845819,0.748667,4.90379,1168
8984-1901,1-395547,0.0290799,0.566,0.566,223.6,2.7881116873792693,3,1,0,10.623,10.649,0.052,0.025916,66.402,0.0259999999999998,10.614,10.648,0.07,0.025966,67.242,0.03399999999999892,10.086825913086157,10.424367,221.90704,1.5693378,0.730434,2.45924,1168
9036-9101,1-247661,0.0396729,0.665,0.665,213.5,6.821118505326689,1,1,0,11.16,11.164,0.009,0.040906,85.86,0.0039999999999995595,11.125,11.154,0.064,0.038803,86.82,0.028999999999999915,10.537121145720437,10.874661,191.517,0.918278,0.494526,7.71827,1040
9185-12703,1-634624,0.0807994,0.261,0.261,282.6,6.747149674394329,1,1,0,11.633,11.754,0.242,0.011028,49.06,0.12100000000000044,11.677,11.706,0.063,0.011731,49.753,0.028999999999999915,11.123077057450978,11.460618,283.23608,0.8892302,0.713029,9.55704,1040
8941-3701,1-163965,0.0279985,0.766,0.766,80.5,5.744418356750875,1,1,0,10.028,10.148,0.242,0.028632,49.506,0.11999999999999922,10.05,10.151,0.207,0.02854,49.947,0.10099999999999909,10.031250877666336,10.368792,69.427185,0.9629668,0.789043,4.85311,1168
7968-9101,1-180172,0.0498216,0.85,0.85,229.8,4.374107781080411,1,1,0,11.005,11.105,0.204,0.015031,74.911,0.09999999999999964,11.07,11.127,0.124,0.014705,74.913,0.057000000000000384,10.873878953577881,11.211419,151.27527,1.6088976,0.510321,7.24771,1040
9869-9101,1-211028,0.0295139,0.211,0.211,135.2,10.558764167825831,1,1,0,10.78,10.87,0.186,0.028426,29.855,0.08999999999999986,10.777,10.875,0.203,0.028235,29.734,0.09800000000000075,10.43190227700779,10.769443,138.38466,0.8600733,0.931468,7.59809,1040
9035-9101,1-247861,0.036696,0.501,0.501,203.5,8.273822725089637,1,1,0,11.074,11.143,0.145,0.020267,80.325,0.06900000000000084,11.065,11.135,0.148,0.028065,86.698,0.07000000000000028,10.67303012772065,11.010571,192.90147,0.9133673,0.551662,7.45637,1040
8625-12702,1-24172,0.0284317,0.865,0.865,111.9,8.887755022987987,1,1,0,10.321,10.565,0.43,0.027575,71.936,0.24399999999999977,10.236,10.567,0.534,0.026749,71.988,0.3309999999999995,9.943614696951409,10.281156,59.245316,0.8734307,0.394045,10.1124,1152
8311-9102,1-522749,0.0718681,0.056,0.056,208.2,7.884259605545267,1,1,0,11.356,11.42,0.136,0.035263,60.169,0.06400000000000006,11.345,11.401,0.119,0.037205,85.581,0.05599999999999916,11.024456932709121,11.361998,213.18803,0.9237954,0.807191,7.69762,1040
9031-1901,1-209722,0.0207064,0.668,0.668,53.5,3.6383111355170406,1,1,0,9.266,9.468,0.372,0.041301,59.573,0.20199999999999996,9.284,9.477,0.358,0.041579,62.212,0.19299999999999962,9.478238847620046,9.81578,48.913235,0.991476,0.660558,3.49042,1168
9881-3703,1-458301,0.0264207,0.669,0.669,118.7,4.385187628018035,1,1,0,10.221,10.312,0.189,0.026642,52.813,0.0909999999999993,10.183,10.31,0.252,0.027105,52.803,0.12700000000000067,10.037386652582377,10.3749275,107.896255,1.0780059,0.724021,3.97837,1168
9184-9102,1-153207,0.0180704,0.567,0.567,68.5,9.516467402683817,1,1,0,9.768,10.185,0.617,0.035365,50.04,0.4169999999999998,9.095,10.178,0.917,0.035121,51.121,1.0830000000000002,9.320792052580295,9.658333,57.74024,0.9020499,0.771433,8.09111,1040
9493-3703,1-385422,0.0254153,0.453,0.453,116.7,5.462983875278403,1,1,0,10.394,10.395,0.0,0.034363,37.023,0.0009999999999994458,10.39,10.39,0.0,0.027591,38.171,0.0,10.102028724271532,10.439569,115.47268,1.0081396,0.884413,4.44712,1040
8445-9102,1-418006,0.0269094,0.822,0.822,104.6,5.151099251822152,1,1,2,10.174,10.186,0.027,0.035678,80.442,0.012000000000000455,9.827,10.127,0.499,0.035447,80.131,0.3000000000000007,9.771610260535837,10.109151,68.24247,0.94491744,0.331266,7.13848,4240
9182-9102,1-72203,0.0282895,0.805,0.805,112.2,7.576851097282738,1,1,0,10.248,10.516,0.461,0.024052,63.543,0.2680000000000007,10.202,10.515,0.513,0.024389,64.043,0.3130000000000006,10.2272386342787,10.564779,75.14721,0.9484706,0.550724,7.39642,1040
9088-12704,1-265560,0.0645908,0.811,0.811,110.6,15.030496213620339,1,1,2,11.013,11.471,0.652,0.036185,31.768,0.4580000000000002,11.074,11.479,0.607,0.035811,31.775,0.40499999999999936,10.531840252972945,10.869381,73.35061,0.8568043,0.839357,11.669,4096
7968-9102,1-180080,0.030156,0.192,0.192,147.9,8.21263315808397,1,1,0,10.75,10.779,0.065,0.031422,85.23,0.028999999999999915,10.759,10.781,0.05,0.044411,85.23,0.02200000000000024,10.282157438875094,10.619699,148.91757,0.9050655,0.856566,7.4463,1040
9512-12703,1-53954,0.0170264,0.044,0.044,199.9,18.10042750430581,1,1,0,11.082,11.135,0.113,0.01413,86.468,0.05299999999999905,11.09,11.142,0.111,0.023647,86.468,0.0519999999999996,10.715888073264587,11.053429,200.42226,0.899971,0.703029,22.3065,0
8944-12704,1-391014,0.0384096,0.78,0.78,140.2,10.414244628157615,1,1,0,10.937,11.057,0.241,0.026207,41.128,0.120000000000001,11.013,11.054,0.091,0.019804,41.148,0.04100000000000037,10.599550130875194,10.937091,112.390335,0.87611306,0.843838,8.71184,1040
8153-9102,1-36827,0.0223048,0.683,0.683,65.3,6.287291141209795,1,1,0,8.183,9.898,0.981,0.065008,66.034,1.7149999999999999,8.528,9.899,0.957,0.059682,69.372,1.3709999999999987,8.92558176549203,9.263123,36.5628,0.87716514,0.46628,7.17398,1168
8992-1901,1-614907,0.0484669,0.104,0.104,264.4,5.271293344388709,1,1,0,11.248,11.319,0.147,0.018743,51.48,0.0710000000000015,11.238,11.307,0.143,0.019608,82.799,0.06900000000000084,10.695168100761707,11.032709,270.76474,1.1061891,0.859467,3.6988,1040
9869-3703,1-135059,0.0316739,0.278,0.278,150.5,6.554844108086257,3,1,0,10.742,10.742,0.0,0.028568,35.084,0.0,10.731,10.732,0.0,0.028594,36.846,0.0009999999999994458,10.47784736680822,10.815388,154.71669,1.0551124,0.921506,4.51742,1040
8322-1901,1-625070,0.0231544,0.629,0.629,112.5,5.8288543826836605,1,1,0,10.275,10.458,0.343,0.031853,49.06,0.18299999999999983,9.883,10.558,0.788,0.023006,49.06,0.6750000000000007,10.01128702367627,10.348827,102.09215,0.98476213,0.826667,4.83545,1040
9043-12704,1-632653,0.0214421,0.742,0.742,64.0,7.515206712705782,1,1,0,9.431,9.983,0.719,0.030201,64.539,0.5520000000000014,9.242,9.978,0.816,0.030175,64.762,0.7359999999999989,9.258572636507115,9.596113,45.136494,0.8840277,0.558665,8.67409,1168
8311-3704,1-519429,0.0324841,0.757,0.757,161.9,6.243855820148281,3,1,0,10.788,10.811,0.053,0.02909,56.372,0.022999999999999687,10.795,10.812,0.037,0.028281,56.597,0.01699999999999946,10.373445342297979,10.710986,142.12404,1.0008131,0.7108,5.45932,1552
8932-9102,1-457236,0.0209379,0.544,0.544,102.3,7.677766553287392,1,1,0,10.355,10.375,0.047,0.030196,70.264,0.019999999999999574,10.378,10.378,0.0,0.030085,70.462,0.0,9.715425013003479,10.052965,89.55752,0.9199635,0.527205,8.16615,1040
9883-9102,1-176947,0.0301502,0.781,0.781,97.4,9.532397590397792,1,1,0,10.451,10.598,0.286,0.023277,52.829,0.14700000000000024,10.385,10.605,0.397,0.023475,52.805,0.22000000000000064,10.103331553838341,10.440872,67.528366,0.9093506,0.693818,8.27752,1168
7964-9102,1-179679,0.0507102,0.516,0.516,171.3,7.2866399242752,1,1,0,11.184,11.273,0.185,0.024663,36.665,0.08900000000000041,11.195,11.252,0.124,0.025649,38.451,0.057000000000000384,10.828933660609586,11.166474,155.46617,0.95372105,0.861536,5.79773,1040
9095-3703,1-318434,0.0319131,0.5,0.5,172.1,5.777269706871723,1,1,0,10.828,10.835,0.015,0.035437,47.687,0.0070000000000014495,10.798,10.817,0.041,0.036453,54.964,0.019000000000000128,10.253437358211718,10.590978,168.67723,1.0970764,0.806617,4.25813,1152
8989-9102,1-175184,0.0235284,0.811,0.811,108.1,7.165857822981322,1,1,0,10.421,10.421,0.0,0.025019,64.547,0.0,10.407,10.419,0.028,0.021783,63.6,0.012000000000000455,10.008838542518937,10.346379,77.75938,0.92956614,0.55033,7.27268,1552
8150-1902,1-390521,0.0215251,0.781,0.781,90.2,4.025809241009061,3,1,0,9.95,10.007,0.124,0.038157,59.585,0.057000000000000384,9.951,10.01,0.127,0.038155,59.603,0.058999999999999275,9.616742205380827,9.954283,76.39672,1.0517968,0.653505,3.72023,1552
9195-3703,1-603039,0.026913,0.339,0.339,83.8,5.166538930126428,1,1,0,9.822,9.858,0.079,0.029696,69.15,0.036000000000001364,9.857,9.858,0.003,0.031154,86.357,0.0010000000000012221,10.054992035129185,10.392532,85.51215,1.0108981,0.713317,5.05994,1552
7958-9102,1-547039,0.086338,0.292,0.292,200.8,7.157939181845458,1,1,0,11.482,11.493,0.024,0.053547,48.869,0.011000000000001009,11.416,11.441,0.057,0.055325,72.092,0.025000000000000355,11.045326891331934,11.382868,209.53416,0.9157813,0.775301,7.62702,1040
8938-1901,1-201813,0.0389208,0.627,0.627,164.9,4.70936513506592,1,1,0,10.68,10.751,0.148,0.022365,86.055,0.07099999999999973,10.664,10.749,0.175,0.022974,86.055,0.08500000000000085,10.556372464797976,10.893913,161.94614,1.4750402,0.754705,2.73889,1040
9028-12704,1-633815,0.0339225,0.852,0.852,116.0,10.512711275494999,3,1,0,10.793,11.017,0.403,0.023803,49.06,0.2240000000000002,10.825,11.005,0.339,0.023763,49.06,0.1800000000000015,10.285705798831197,10.623246,80.478294,0.8667971,0.77431,8.79927,1168
9502-9102,1-385129,0.0232003,0.765,0.765,96.6,6.650509937171619,1,1,0,10.199,10.199,0.0,0.026124,68.922,0.0,10.144,10.193,0.107,0.026,68.957,0.04899999999999949,9.429012219055194,9.766553,65.90375,0.93353784,0.447869,7.55033,1168
8944-3703,1-390086,0.0293476,0.525,0.525,56.4,10.152302457839673,1,1,0,9.584,10.526,0.886,0.020915,25.751,0.9420000000000002,9.411,10.54,0.926,0.020618,25.753,1.1289999999999996,9.854533758916446,10.192075,49.204205,0.8668337,0.93812,7.68597,1216
8992-1902,1-149501,0.0262475,0.454,0.454,47.0,4.361861770992709,1,1,2,9.611,10.145,0.707,0.06,18.306,0.5339999999999989,9.489,10.136,0.775,0.05916,18.376,0.6469999999999985,9.245095446062306,9.582636,43.887062,0.9066756,0.896062,3.49052,4672
8990-9102,1-615921,0.0327694,0.809,0.809,108.0,8.639852526219508,1,1,0,10.613,10.755,0.28,0.020423,45.323,0.14200000000000124,10.581,10.763,0.342,0.020291,45.391,0.18200000000000038,10.239634770187207,10.577175,78.15116,0.9175731,0.738644,6.90728,1168
8984-3703,1-395734,0.044027,0.469,0.469,156.7,5.336681965467343,1,1,2,10.707,10.821,0.231,0.011136,85.847,0.11399999999999899,10.684,10.817,0.263,0.011089,85.509,0.1330000000000009,10.606492074591644,10.944033,151.95845,1.1745154,0.825139,3.91386,4160
9050-9102,1-318621,0.0332953,0.598,0.598,122.8,8.70119457006347,1,1,0,10.809,10.874,0.139,0.026439,42.21,0.06500000000000128,10.794,10.885,0.188,0.026134,42.148,0.0909999999999993,10.373698908441876,10.71124,111.31074,0.89527667,0.776051,7.49213,1168
9494-1901,1-384818,0.0154535,0.558,0.558,112.2,5.437179631174777,1,1,2,10.158,10.171,0.027,0.035826,71.936,0.0129999999999999,10.086,10.187,0.207,0.028558,71.936,0.10099999999999909,9.965749046950636,10.303289,105.64796,1.210192,0.642953,4.7995,4096
8139-9102,1-71108,0.0404882,0.479,0.479,215.6,6.101437517748866,1,1,0,11.165,11.196,0.066,0.027722,47.731,0.031000000000000583,11.17,11.172,0.005,0.028877,56.937,0.002000000000000668,10.737962712968805,11.075503,199.30945,0.9611181,0.724972,6.85154,1040
8940-12702,1-163966,0.0267379,0.619,0.619,144.3,8.752498223294314,1,1,0,10.716,10.804,0.182,0.01126,46.007,0.08800000000000097,10.686,10.802,0.233,0.011285,45.869,0.11599999999999966,10.644540996046489,10.982081,133.23361,1.2776628,0.734859,7.55112,0
9488-12703,1-605249,0.0148036,0.604,0.604,60.0,7.931603202258707,1,1,0,7.819,9.586,0.983,0.035654,86.789,1.7670000000000003,9.569,9.675,0.218,0.035369,86.789,0.10599999999999987,9.027288435229842,9.364829,42.891068,0.8661516,0.272007,13.8185,1552
9865-9102,1-246614,0.0267492,0.708,0.708,87.9,7.998241406164024,1,1,0,10.327,10.33,0.008,0.022615,72.559,0.0030000000000001137,9.981,10.285,0.504,0.022352,74.759,0.30400000000000027,9.756793520971804,10.094335,69.77655,0.92665666,0.526553,8.28586,1168
8144-9102,1-152666,0.0235856,0.796,0.796,109.7,7.626928999819444,3,1,0,10.334,10.487,0.298,0.014644,65.861,0.15300000000000047,10.215,10.493,0.473,0.014255,65.858,0.27800000000000047,10.069079514070644,10.40662,82.75927,0.98045516,0.615029,7.29764,1040
8727-1902,1-51634,0.0281842,0.703,0.703,57.1,3.549649652671864,1,1,2,9.227,9.66,0.631,0.053235,73.919,0.43299999999999983,9.574,9.69,0.234,0.051634,74.613,0.11599999999999966,9.414448536896776,9.751989,48.87373,0.9656795,0.524201,3.63766,4608
8992-9102,1-149541,0.0347661,0.361,0.361,177.5,9.868058699737507,1,1,0,11.148,11.162,0.031,0.024772,46.576,0.014000000000001123,11.132,11.163,0.068,0.024628,46.428,0.031000000000000583,10.583154548519001,10.920695,174.2652,0.90499765,0.870922,7.89469,1040
9501-9102,1-385547,0.0291841,0.802,0.802,104.0,7.896982217501379,3,1,0,10.583,10.623,0.088,0.021885,49.137,0.03999999999999915,10.606,10.631,0.056,0.021183,49.071,0.025000000000000355,10.1846005884846,10.522141,73.71808,0.91405296,0.748692,7.01605,1168
9024-3701,1-314067,0.0294283,0.06,0.06,142.0,6.62553686348589,1,1,0,10.594,10.611,0.035,0.032996,80.043,0.017000000000001236,10.593,10.611,0.038,0.033021,80.042,0.018000000000000682,10.214923284894898,10.552464,147.35591,0.9882824,0.962384,4.53254,1040
9506-9102,1-386298,0.0267354,0.852,0.852,99.1,6.343433755655814,1,1,0,10.166,10.294,0.255,0.028331,74.911,0.1280000000000001,10.31,10.315,0.011,0.027892,74.911,0.004999999999999005,9.680743322963766,10.018284,59.399323,0.8963959,0.387708,7.80258,1168
8936-12701,1-152791,0.0597624,0.052,0.052,240.3,11.204431254874088,1,1,0,11.576,11.643,0.143,0.026109,86.034,0.06700000000000017,11.586,11.642,0.12,0.045608,86.055,0.05599999999999916,11.078609048200152,11.41615,241.9551,0.8995891,0.634281,11.7338,1040
9501-3703,1-385051,0.0296107,0.742,0.742,73.9,3.810385729685176,1,1,2,9.577,9.808,0.413,0.062409,74.911,0.23099999999999987,9.509,9.807,0.496,0.062589,74.911,0.29800000000000004,9.347782616787288,9.685323,52.813694,0.8832335,0.396681,4.76772,4672
9043-3703,1-374994,0.0642212,0.075,0.075,268.9,6.518567841582498,2,1,0,11.49,11.518,0.059,0.033906,65.886,0.02800000000000047,11.486,11.512,0.053,0.048703,85.58,0.0259999999999998,10.890512674887784,11.228053,275.86853,0.9983954,0.757547,5.01771,1040
9881-1902,1-523211,0.0266493,0.171,0.171,130.1,5.573729333780681,1,1,0,10.375,10.547,0.327,0.030629,61.102,0.1720000000000006,10.377,10.51,0.263,0.031805,86.217,0.13299999999999912,9.920617368345773,10.258158,130.08702,0.979302,0.80472,4.57885,1168
9184-3703,1-153247,0.0173443,0.417,0.417,52.3,4.010202802381085,1,1,0,9.421,9.421,0.0,0.052298,62.572,0.0,9.428,9.428,0.0,0.051902,63.723,0.0,8.949284103955607,9.286825,47.57838,0.9408574,0.620929,3.92597,1168
8331-9102,1-575737,0.0617717,0.086,0.086,239.2,9.131085022761928,1,1,0,11.491,11.573,0.17,0.014689,32.686,0.08200000000000074,11.463,11.564,0.206,0.014532,80.043,0.10100000000000087,11.03715547738625,11.374696,241.14835,0.87346375,0.847536,7.51907,1040
9085-9102,1-178342,0.0160196,0.651,0.651,62.3,7.865572775612747,1,1,0,9.69,9.729,0.084,0.034546,79.101,0.0389999999999997,9.389,9.69,0.5,0.03303,79.988,0.30100000000000016,9.145485425075714,9.4830265,46.436497,0.900898,0.304131,10.5317,1088
8624-3703,1-23679,0.0288376,0.593,0.593,80.5,4.548370241503301,1,1,2,9.961,10.149,0.352,0.041487,48.465,0.18799999999999883,9.872,10.117,0.43,0.042299,52.135,0.245000000000001,9.778573758092284,10.116115,74.81747,0.94905865,0.71018,4.26267,4672
9876-9102,1-457147,0.0265438,0.794,0.794,77.3,7.691769528741689,1,1,0,10.032,10.345,0.514,0.013614,53.461,0.3130000000000006,10.023,10.347,0.525,0.013613,53.467,0.32399999999999984,9.979155784478435,10.316696,56.60237,0.8889432,0.657227,6.84917,1168
8941-9102,1-218152,0.0255938,0.536,0.536,136.1,9.521900748248278,1,1,0,10.65,10.805,0.3,0.015964,57.421,0.15499999999999936,10.601,10.785,0.345,0.016369,61.451,0.18399999999999928,10.280175300134688,10.617716,125.22006,0.89621043,0.714927,8.05547,1024
8080-3703,1-37974,0.0290228,0.515,0.515,94.9,4.482091443100296,1,1,2,10.242,10.248,0.012,0.034977,53.405,0.005999999999998451,10.245,10.249,0.01,0.034269,53.125,0.004000000000001336,9.388369443046052,9.72591,85.80901,1.1387724,0.613296,3.97077,4288
8625-12703,1-24161,0.0290814,0.833,0.833,162.3,12.196343753745845,3,1,0,11.077,11.077,0.0,0.015926,67.831,0.0,11.077,11.079,0.004,0.015616,67.768,0.002000000000000668,10.564201937761895,10.901743,121.12391,0.9761708,0.543346,12.2143,1088
9863-9102,1-456471,0.0256367,0.718,0.718,75.4,7.051062645575408,1,1,0,9.639,10.089,0.646,0.027902,73.485,0.45000000000000107,9.652,10.09,0.636,0.027894,73.351,0.4380000000000006,9.68253314956283,10.020074,55.241516,0.8979104,0.520784,7.38838,1168
9045-9102,1-314676,0.0304903,0.092,0.092,165.2,9.052360640373456,1,1,0,10.865,10.941,0.16,0.01622,84.712,0.07600000000000051,10.891,10.945,0.115,0.018325,84.712,0.05400000000000027,10.63698910181223,10.974529,169.79137,0.95448416,0.763551,7.02161,1040
9508-9102,1-298842,0.0862619,0.864,0.864,233.8,6.82754381323385,1,1,0,11.441,11.562,0.244,0.030113,75.686,0.12099999999999866,11.553,11.586,0.073,0.022368,75.686,0.032999999999999474,11.079911693804306,11.417452,159.26414,0.9357261,0.471491,7.11315,1040
9506-1902,1-386154,0.0271732,0.389,0.389,75.6,3.7233186163585312,1,1,2,9.92,10.027,0.217,0.042481,45.73,0.10699999999999932,9.898,10.029,0.26,0.042382,45.891,0.13100000000000023,9.612486104064995,9.9500265,73.971985,1.0582517,0.752072,3.01198,4288
9863-3703,1-456704,0.0273798,0.637,0.637,121.3,4.5251396684033205,3,1,0,10.285,10.378,0.192,0.019677,50.451,0.09299999999999997,10.279,10.377,0.201,0.019664,50.837,0.09800000000000075,10.155056541307458,10.492598,114.69268,1.196462,0.731116,4.0452,1040
9494-12703,1-384413,0.0215157,0.665,0.665,68.7,5.813331216183213,1,1,0,9.827,9.827,0.0,0.044022,86.82,0.0,9.818,9.818,0.0,0.044192,86.82,0.0,9.223179125332416,9.5607195,53.873753,0.89283675,0.281738,8.5908,1168
8443-9102,1-422974,0.0297159,0.758,0.758,95.6,5.557020223223509,1,1,2,10.219,10.231,0.029,0.060064,83.863,0.012000000000000455,10.058,10.183,0.249,0.058508,83.929,0.125,9.527381109044303,9.864922,76.32564,0.89193344,0.318327,7.75782,4672
9050-1901,1-295212,0.0430594,0.585,0.585,265.9,4.222008925383068,3,1,0,11.093,11.137,0.092,0.029459,61.633,0.04400000000000048,11.084,11.135,0.106,0.028865,61.976,0.051000000000000156,10.645443885278569,10.982985,262.88895,1.7853321,0.745994,3.14686,1040
8444-9102,1-421814,0.0388656,0.611,0.611,188.6,8.904717765548597,1,1,0,11.187,11.288,0.207,0.016954,38.777,0.10100000000000087,11.192,11.273,0.169,0.016757,39.005,0.08099999999999952,10.799397072993425,11.136938,169.39069,0.886729,0.820307,8.14561,1040
9488-3702,1-384124,0.0228872,0.814,0.814,113.2,4.437474973759591,3,1,0,10.212,10.221,0.021,0.038952,86.749,0.009000000000000341,10.153,10.206,0.114,0.040224,86.749,0.05299999999999905,9.75524200107877,10.092783,86.99436,1.0190568,0.428194,5.21465,1168
9491-12701,1-382817,0.0412845,0.803,0.803,222.3,8.62217046915315,1,1,0,11.085,11.249,0.312,0.013693,79.046,0.1639999999999997,11.027,11.235,0.379,0.015024,79.91,0.20800000000000018,10.896053637656847,11.233594,177.92915,0.91999835,0.413727,11.5748,1040
8625-9102,1-24128,0.0268244,0.748,0.748,80.4,9.317638056125487,1,1,0,10.134,10.445,0.511,0.016012,49.485,0.31099999999999994,10.057,10.448,0.594,0.016004,49.478,0.391,9.81981298316087,10.157353,54.1813,0.9288148,0.717831,8.28977,1168
8443-12703,1-422823,0.0569421,0.925,0.925,191.0,9.622851086633972,3,1,0,11.344,11.355,0.025,0.034951,68.937,0.011000000000001009,11.334,11.354,0.046,0.033091,68.923,0.019999999999999574,10.718722516715403,11.056263,147.52599,0.8816916,0.53294,10.4002,1040
9185-12701,1-177231,0.0328389,0.63,0.63,71.9,21.2181875241156,1,1,0,10.358,11.066,0.804,0.037771,37.088,0.7080000000000002,9.841,11.08,0.942,0.03712,37.524,1.2390000000000008,10.123436740594377,10.460978,53.21394,0.8901912,0.837469,17.9269,1040
8154-9102,1-603941,0.0275917,0.746,0.746,93.3,9.598019701754739,1,1,0,9.658,10.59,0.883,0.016112,50.14,0.9320000000000004,10.595,10.599,0.009,0.011463,49.06,0.0039999999999995595,10.10953130173369,10.447072,64.546844,0.9698585,0.767621,8.17545,1552
9868-1901,1-321167,0.0363965,0.036,0.036,213.3,8.239855018554815,1,1,0,11.11,11.151,0.087,0.029832,85.574,0.04100000000000037,11.095,11.159,0.134,0.041643,85.573,0.06400000000000006,10.684553640329042,11.022095,216.06363,1.02421,0.828243,5.15436,1040
9044-1902,1-632365,0.0308134,0.712,0.712,129.1,3.5821744178470953,1,1,0,10.335,10.404,0.147,0.024644,62.716,0.06899999999999906,10.331,10.405,0.156,0.024591,62.716,0.07399999999999984,10.26003559300873,10.597576,120.1987,1.4557859,0.65124,3.6064,1040
8085-12704,1-604085,0.0308029,0.864,0.864,119.8,7.9301847262658525,3,1,0,10.527,10.619,0.192,0.024523,65.863,0.09200000000000053,10.528,10.627,0.205,0.024648,65.957,0.0990000000000002,10.190026183647575,10.527567,68.66302,0.9296097,0.500724,8.44963,1168
8443-12705,1-424415,0.029068,0.844,0.844,115.9,9.81291320123842,3,1,0,10.685,10.724,0.085,0.020894,69.788,0.0389999999999997,10.671,10.736,0.139,0.020293,69.746,0.06500000000000128,10.33633563198116,10.673876,70.76609,0.91734886,0.475685,10.7269,1552
8311-1901,1-523154,0.0281846,0.554,0.554,101.7,3.920991258921325,1,1,2,10.043,10.25,0.38,0.018555,47.362,0.20700000000000074,10.101,10.229,0.256,0.018456,47.59,0.12799999999999834,9.884489494829575,10.22203,98.91643,1.0405284,0.84485,3.23161,4224
8624-1901,1-23665,0.0289206,0.441,0.441,133.6,4.373839232873791,1,1,0,10.575,10.629,0.117,0.03829,31.611,0.05400000000000027,10.565,10.611,0.1,0.039114,31.861,0.04600000000000115,10.156370429943532,10.493911,136.92435,1.1974669,0.905397,2.94767,1168
8992-12702,1-149556,0.0328624,0.848,0.848,136.1,8.247326283875747,3,1,0,10.722,10.723,0.002,0.026648,78.496,0.0010000000000012221,10.642,10.701,0.128,0.026074,78.468,0.05900000000000105,10.246934133989011,10.584475,93.998245,0.84217024,0.379674,10.014,1168
8154-1901,1-37122,0.0718233,0.314,0.314,196.2,4.337368986153491,1,1,2,11.162,11.328,0.316,0.028151,20.621,0.1659999999999986,11.219,11.307,0.184,0.027404,20.463,0.08800000000000097,10.867470434215964,11.205011,198.44652,1.2410765,0.972394,3.13025,4224
8984-9102,1-626669,0.0268301,0.742,0.742,108.7,6.809990785769291,1,1,0,10.223,10.439,0.391,0.013948,63.959,0.2159999999999993,10.204,10.436,0.414,0.014387,64.988,0.23199999999999932,10.083208690787643,10.42075,92.8921,0.9267832,0.514209,6.92549,1552
9505-9102,1-387014,0.02682,0.602,0.602,70.7,4.524889218908164,1,1,0,8.488,9.664,0.933,0.052609,86.82,1.1760000000000002,9.751,9.768,0.039,0.056051,86.82,0.017000000000001236,8.952259051832785,9.2898,52.21894,0.89430237,0.28549,6.94125,0
9038-9102,1-248096,0.0203579,0.665,0.665,57.3,6.022656054536155,1,1,0,7.99,9.605,0.976,0.043823,86.789,1.6150000000000002,9.722,9.722,0.0,0.042815,86.789,0.0,9.167757315052976,9.505298,43.527695,0.86601216,0.340313,7.5858,1168
7968-12703,1-180629,0.103704,0.905,0.905,213.0,8.223538003013573,3,1,0,11.506,11.666,0.309,0.047359,69.029,0.16000000000000014,11.685,11.688,0.008,0.046194,68.95,0.0030000000000001137,11.044868884174242,11.382409,142.54636,0.89430714,0.536673,8.43903,16
9868-9102,1-321276,0.0725063,0.82,0.82,146.5,9.320903350799863,1,1,2,11.608,11.732,0.247,0.022127,25.731,0.12399999999999878,11.62,11.727,0.219,0.022298,25.732,0.1070000000000011,10.833925083649142,11.171466,111.19765,0.8631469,0.856218,7.39866,4160
8933-3703,1-456904,0.0264083,0.594,0.594,130.6,4.308805809582852,1,1,0,10.362,10.417,0.118,0.024336,73.237,0.054999999999999716,10.411,10.423,0.027,0.020484,73.237,0.012000000000000455,10.143526903209796,10.481068,118.7446,1.4241661,0.644229,3.30442,1040
9038-12702,1-199742,0.0331128,0.55,0.55,234.1,10.933668679816911,1,1,2,11.385,11.398,0.026,0.018944,47.04,0.0129999999999999,11.373,11.398,0.055,0.019066,47.354,0.025000000000000355,10.877046367430593,11.214587,217.08177,0.90305924,0.79638,8.93979,4096
9497-12703,1-556805,0.0412464,0.896,0.896,143.6,10.077931303439902,3,1,0,10.885,11.054,0.322,0.02816,65.916,0.16900000000000048,10.86,11.061,0.37,0.027875,65.905,0.2010000000000005,10.50274521294348,10.840286,97.222404,0.87320495,0.584914,9.97339,1040
9095-9102,1-318334,0.0322649,0.772,0.772,105.9,9.229354224378127,1,1,0,10.727,10.733,0.013,0.023038,49.345,0.006000000000000227,10.691,10.746,0.119,0.022378,49.291,0.054999999999999716,10.377105817269053,10.714646,76.296684,0.90532887,0.731455,8.04934,1552
8991-9102,1-150397,0.071639,0.358,0.358,198.3,9.08093077747482,1,1,0,11.622,11.701,0.166,0.037341,19.116,0.07900000000000063,11.625,11.695,0.15,0.037272,19.12,0.07000000000000028,11.067996512623678,11.405537,202.45494,0.8938253,0.939399,7.94426,1040
8568-6103,1-274323,0.05503,0.875,0.875,161.6,6.030488092189208,3,1,0,10.963,10.963,0.0,0.03073,75.291,0.0,10.965,10.965,0.0,0.028314,75.407,0.0,10.514383034834884,10.851924,90.68731,0.89386505,0.323013,8.47389,0
10216-9101,1-297956,0.0514557,0.065,0.065,273.0,10.549812130745238,1,1,0,11.912,12.344,0.629,0.013187,2.591,0.4319999999999986,11.863,12.257,0.596,0.013196,2.605,0.39400000000000013,11.063085548974977,11.400626,273.02136,0.88323855,0.91897,7.07027,1024
10216-12702,1-412128,0.0289085,0.767,0.767,123.5,7.2965735290528695,3,1,0,10.678,10.678,0.0,0.030963,82.025,0.0,10.678,10.678,0.0,0.030826,82.004,0.0,10.150688911793667,10.48823,93.884346,0.8847507,0.373777,9.18076,1168
10216-3704,1-382355,0.0286623,0.672,0.672,149.4,4.881693389529889,3,1,0,10.562,10.57,0.018,0.029527,71.189,0.008000000000000895,10.557,10.572,0.033,0.029062,71.179,0.014999999999998792,10.342957323437593,10.680498,141.91133,1.3510096,0.661854,4.24483,1040
10216-6104,1-297854,0.0478572,0.771,0.771,143.3,6.908416692899779,1,1,0,10.87,10.87,0.0,0.032928,81.189,0.0,10.823,10.84,0.037,0.028237,80.857,0.01699999999999946,10.406172151567985,10.743712,105.872025,0.900349,0.289888,10.1501,0
10216-12705,1-382588,0.0219717,0.595,0.595,77.0,5.048678128538146,1,1,0,9.585,9.872,0.484,0.047823,82.343,0.28699999999999903,9.463,9.863,0.601,0.047877,82.899,0.40000000000000036,9.179640823896529,9.517181,58.74695,0.9080634,0.361729,6.95335,1168
10841-3701,1-54602,0.02432739,0.495,0.495,142.3,10.12656745267285,1,1,0,10.601,10.601,0.0,0.042198,36.997,0.0,10.599,10.599,0.0,0.041957,37.17,0.0,9.87049479325185,10.208035,149.7009,1.3535476,0.94168544,2.6279218,1040
10518-1901,1-182525,0.0229153,0.561,0.561,162.7,4.260670073694493,3,1,0,10.485,10.544,0.125,0.028473,54.604,0.05900000000000105,10.478,10.55,0.151,0.028348,54.522,0.07200000000000095,10.036137641326379,10.373678,157.75287,1.3941823,0.747899,3.6205,1040
11750-3701,1-397146,0.02025338,0.402,0.402,80.0,4.765002159333274,1,1,0,9.977,10.119,0.279,0.028295,26.766,0.14199999999999946,9.932,10.089,0.304,0.02797,27.333,0.15700000000000003,9.765631798332718,10.103172,79.97969,1.0725346,0.839056,3.9810033,1552
10839-12705,1-53178,0.042605363,0.691,0.691,117.2,10.312655815059113,1,1,0,11.218,11.223,0.009,0.018652,25.846,0.005000000000000782,11.197,11.197,0.0,0.018126,25.903,0.0,10.571564000142274,10.909104,104.37404,0.91367304,0.84230113,8.702176,1040
11018-3703,1-152106,0.029314457,0.728,0.728,99.5,3.989223134076489,1,1,2,10.225,10.225,0.002,0.033988,57.155,0.0,10.151,10.219,0.144,0.031175,56.306,0.06799999999999962,9.92545586971815,10.262997,80.99143,1.2350826,0.6900651,4.1619005,4224
11749-9102,1-300703,0.023232603,0.73,0.73,67.5,6.918081207593197,1,1,0,9.739,9.98,0.426,0.040308,62.744,0.24099999999999966,9.544,9.972,0.627,0.041502,64.773,0.42799999999999905,9.63160865799282,9.96915,53.70836,0.89342105,0.5743618,7.1507487,1168
8321-3701,1-457252,0.019158,0.562,0.562,60.8,3.7880015609135063,1,1,0,9.394,9.557,0.314,0.024173,64.445,0.16300000000000026,9.325,9.534,0.381,0.024605,72.091,0.2090000000000014,9.281026545814859,9.618567,55.434032,0.9488947,0.544778,3.95146,1168
11984-3701,1-324891,0.030956624,0.359,0.359,111.8,4.768506088149637,1,1,2,10.327,10.328,0.0,0.024605,58.144,0.0009999999999994458,10.319,10.319,0.0,0.024866,81.748,0.0,9.93192671659028,10.269467,108.90404,1.04916,0.7138645,4.5154405,4288
10500-12705,1-300469,0.0496944,0.056,0.056,215.0,10.954626170769824,1,1,0,11.358,11.448,0.186,0.024359,78.924,0.08999999999999986,11.358,11.448,0.186,0.024362,78.924,0.08999999999999986,10.887354506434683,11.2248955,215.50496,0.91202486,0.86509,9.31571,1040
7963-9101,1-178927,0.0695001,0.463,0.463,92.0,6.8287793064358,1,1,2,10.548,10.548,0.0,0.047215,86.749,0.0,10.547,10.547,0.001,0.054141,85.897,0.0,10.69081959817013,11.02836,101.182014,0.90846556,0.749661,7.33785,4160
8088-9101,1-120547,0.0185294,0.664,0.664,60.6,5.601395134513075,1,1,0,8.866,9.581,0.807,0.040245,72.709,0.7149999999999999,8.59,9.564,0.894,0.039903,75.353,0.9740000000000002,8.976285311546972,9.313826,45.5047,0.8869389,0.399449,6.64705,1168
11749-12703,1-300734,0.024551582,0.736,0.736,83.2,10.293073578331764,1,1,0,10.257,10.384,0.253,0.0272,52.738,0.12700000000000067,10.208,10.388,0.339,0.027354,52.894,0.17999999999999972,10.095352030636006,10.432893,71.92707,0.86789244,0.68490034,9.484879,1040
11004-1902,1-457327,0.0735385,0.232,0.232,176.4,3.3661629439668217,1,1,0,10.887,10.924,0.079,0.037657,85.847,0.036999999999999034,10.929,10.929,0.0,0.037473,85.845,0.0,10.806251592738558,11.143792,179.16838,1.5935289,0.9354199,2.5358145,0
10844-1902,1-78155,0.0467084,0.129,0.129,140.6,3.774020894576045,1,1,0,10.506,10.619,0.227,0.029416,39.215,0.11299999999999955,10.639,10.641,0.003,0.028687,9.584,0.002000000000000668,10.222292632235028,10.559834,140.9586,1.3418031,0.85983604,2.9824288,0
11014-6104,1-456912,0.025574807,0.207,0.207,131.3,6.826934166662054,1,1,0,10.616,10.616,0.0,0.028325,18.209,0.0,10.555,10.662,0.218,0.026981,18.214,0.1070000000000011,10.273341810690194,10.610883,136.69382,0.96853817,0.77212656,5.7703094,1040
10518-3702,1-182452,0.0312593,0.737,0.737,175.1,4.933155668497805,1,1,0,10.712,10.78,0.143,0.01929,50.323,0.06799999999999962,10.705,10.784,0.165,0.018944,50.496,0.07900000000000063,10.379796654569372,10.717338,162.05283,1.1973889,0.724509,4.30167,1040
11006-9102,1-456901,0.025081607,0.75,0.75,58.3,2.931491061551361,1,1,2,9.332,9.449,0.237,0.057848,77.859,0.1169999999999991,9.431,9.47,0.086,0.057397,78.382,0.03900000000000148,9.163483605712422,9.501024,45.652767,0.9030556,0.45049894,3.8231804,4672
11018-3704,1-234172,0.04658279,0.07,0.07,208.8,9.795727266258774,1,1,0,11.278,11.339,0.129,0.027512,80.043,0.06099999999999994,11.277,11.338,0.13,0.027509,79.841,0.06099999999999994,10.800125044906482,11.137666,210.1,0.95472735,0.90066564,7.823476,1040
11024-3701,1-158995,0.08665186,0.602,0.602,290.2,5.879288321234431,3,1,0,11.674,11.704,0.064,0.041781,49.159,0.030000000000001137,11.642,11.713,0.147,0.043471,49.413,0.07099999999999973,11.054794929941822,11.392336,274.45627,1.0085547,0.758395,5.2608824,1040
11745-12705,1-585221,0.035057165,0.788,0.788,180.2,10.997988587319618,3,1,0,10.971,11.152,0.34,0.01185,75.756,0.18099999999999916,10.891,11.141,0.438,0.014753,76.828,0.25,10.789858698550312,11.127399,139.24982,0.93412185,0.39196935,13.257396,1040
11750-12701,1-399279,0.02406614,0.8,0.8,86.7,11.691161676825882,3,1,0,10.417,10.577,0.308,0.022713,52.694,0.16000000000000014,10.396,10.582,0.348,0.022652,52.792,0.18599999999999994,9.864938046010268,10.202478,51.344624,0.89294285,0.6821037,10.592633,1040
11970-9102,1-333958,0.044132683,0.051,0.051,213.2,8.33058153650035,1,1,0,11.285,11.29,0.011,0.029261,85.847,0.004999999999999005,11.29,11.291,0.0,0.072321,85.847,0.0010000000000012221,10.794896634949517,11.132438,216.9313,0.89295727,0.73910433,7.3509,1040
12078-12705,1-35251,0.027476355,0.716,0.716,68.8,10.621012252892134,1,1,0,10.404,10.732,0.53,0.028275,31.598,0.3279999999999994,10.349,10.733,0.587,0.028258,31.639,0.38400000000000034,9.777597635457491,10.115138,45.982403,0.87497663,0.8529253,8.78755,1168
11755-1901,1-258535,0.02371813,0.332,0.332,99.6,4.6625726618452825,1,1,0,10.091,10.142,0.109,0.03762,59.033,0.051000000000000156,10.074,10.141,0.141,0.037323,59.033,0.06700000000000017,9.94063495347162,10.278175,101.561676,1.1530434,0.9109082,2.9617176,1552
11943-12702,1-633967,0.029686868,0.63,0.63,84.2,2.046169289459917,1,1,2,9.746,9.746,0.0,0.069801,86.636,0.0,9.747,9.747,0.0,0.074379,86.636,0.0,9.316753131994732,9.654294,77.4212,0.9371496,0.56092566,2.2368498,4096
11982-12704,1-595879,0.026638469,0.744,0.744,93.2,8.986543515335805,3,1,0,10.521,10.594,0.155,0.018865,46.45,0.07299999999999862,10.5,10.596,0.199,0.01886,46.459,0.09600000000000009,10.059818997115828,10.39736,64.55334,0.9869498,0.7690551,8.910645,1552
8334-12701,1-260943,0.0255686,0.781,0.781,101.0,11.334511573360826,1,1,0,10.397,10.613,0.392,0.030459,53.314,0.2159999999999993,10.36,10.614,0.442,0.030331,53.224,0.25400000000000134,10.086996566235022,10.424537,67.90076,0.87943274,0.754438,11.7065,1040
8334-12703,1-261370,0.0253708,0.867,0.867,80.9,9.747009085509038,3,1,0,9.542,10.392,0.859,0.067558,62.182,0.8499999999999996,9.279,10.376,0.92,0.067818,63.335,1.0969999999999995,9.911848732442055,10.24939,52.369843,0.8603051,0.51269,11.8751,1168
8334-12704,1-251833,0.0201698,0.814,0.814,112.5,6.918231816589048,1,1,0,10.285,10.339,0.118,0.045074,83.681,0.05400000000000027,10.298,10.343,0.097,0.045043,83.665,0.04499999999999993,9.740849615869912,10.07839,78.948586,0.89309204,0.305805,9.6864,1552
8334-1901,1-261376,0.025576,0.227,0.227,156.9,7.240246519512261,1,1,0,10.61,10.73,0.24,0.030166,65.897,0.120000000000001,10.605,10.72,0.233,0.033773,85.23,0.11500000000000021,10.335152884776349,10.672693,155.0648,0.9038451,0.82206,5.86905,1024
8334-3703,1-261224,0.0250682,0.717,0.717,99.1,4.307500860947181,1,1,0,10.154,10.158,0.009,0.052758,83.783,0.0039999999999995595,10.151,10.153,0.004,0.062678,86.749,0.002000000000000668,9.794006779788786,10.131547,87.45335,0.95746684,0.456411,4.74091,1168
8334-6101,1-261147,0.0190065,0.653,0.653,114.3,7.2735652690818915,1,1,2,10.309,10.381,0.152,0.034753,46.962,0.07200000000000095,10.305,10.389,0.176,0.034647,46.829,0.08399999999999963,10.026079530994727,10.36362,108.75928,0.9144311,0.799797,5.91167,4096
8334-9101,1-251450,0.144,0.103,0.103,223.9,4.708118542626104,1,1,0,12.008,12.009,0.0,0.144191,18.22,0.0010000000000012221,11.981,11.985,0.009,0.143264,18.234,0.0039999999999995595,11.241152847397805,11.578693,231.67737,0.85215473,0.680645,10.6922,1024
8334-9102,1-261200,0.025659,0.744,0.744,70.0,5.941219903559738,1,1,2,8.316,9.889,0.973,0.050146,68.363,1.5729999999999986,8.626,9.885,0.945,0.050097,69.682,1.2590000000000003,9.542253872897225,9.879794,45.48645,0.86620903,0.403224,7.24741,4288
10839-3702,1-53123,0.040808342,0.086,0.086,201.6,7.229629436858695,1,1,0,11.037,11.148,0.223,0.016742,82.799,0.11099999999999888,11.038,11.148,0.222,0.021383,82.799,0.10999999999999943,10.627853621005443,10.965394,203.17928,0.97141516,0.90179014,4.749475,1040
10837-12703,1-79751,0.08389053,0.79,0.79,225.5,8.060840290071985,3,1,0,11.59,11.605,0.033,0.047513,52.692,0.015000000000000568,11.604,11.605,0.001,0.047641,52.785,0.0010000000000012221,11.136927045696483,11.474467,170.38712,0.8935718,0.47037023,13.452276,1040
10839-1902,1-53198,0.026635164,0.591,0.591,87.0,3.893672411936535,1,1,2,10.097,10.112,0.034,0.042552,45.803,0.015000000000000568,10.068,10.114,0.099,0.042624,46.153,0.04600000000000115,9.62356452545824,9.961105,80.90745,0.99925977,0.69353926,3.501635,4288
11007-12701,1-456816,0.019772088,0.661,0.661,79.7,2.6201881283487527,1,1,0,9.509,9.63,0.242,0.032734,72.393,0.12100000000000044,9.443,9.621,0.337,0.03268,71.915,0.17800000000000082,9.252889495628134,9.59043,74.3664,1.10728,0.6729192,2.504628,1168
11018-6101,1-234176,0.033895437,0.83,0.83,141.8,5.777678143598869,1,1,0,10.606,10.689,0.174,0.02808,84.908,0.08300000000000018,10.686,10.715,0.065,0.027605,84.768,0.028999999999999915,10.251196402239438,10.5887375,94.434204,1.0128495,0.31550905,8.230333,0
11745-1901,1-123328,0.08038053,0.096,0.096,238.3,6.2388177349982685,1,1,0,11.937,12.388,0.646,0.046251,2.571,0.4510000000000005,11.895,12.324,0.627,0.046261,2.574,0.42900000000000027,11.025820788829169,11.363361,240.91151,0.9543132,0.7782425,8.339984,1024
8336-1902,1-261030,0.0180669,0.292,0.292,67.2,3.7793520492709067,1,1,0,9.646,9.672,0.059,0.046238,35.197,0.0259999999999998,9.566,9.6,0.076,0.046975,47.648,0.03399999999999892,9.347125018985473,9.684666,67.66004,1.0480757,0.912142,2.94507,1552
8336-3702,1-261059,0.0185994,0.499,0.499,48.4,3.250546856886345,1,1,0,7.299,9.077,0.983,0.063223,80.665,1.7779999999999996,9.226,9.226,0.0,0.074929,86.698,0.0,8.941221143445253,9.278762,40.60406,0.9097223,0.423903,3.99331,1168
8336-3703,1-260946,0.0249664,0.541,0.541,162.3,3.664400491698527,1,1,0,10.466,10.482,0.036,0.027967,86.468,0.016000000000000014,10.439,10.476,0.079,0.029352,86.468,0.03700000000000081,9.825650023561286,10.163191,154.48766,1.3523983,0.718572,2.86016,1168
8336-6103,1-260663,0.0631396,0.276,0.276,296.3,6.3350105278352835,3,1,0,11.616,11.618,0.0,0.033893,58.855,0.002000000000000668,11.599,11.601,0.0,0.048006,85.847,0.002000000000000668,10.933640124511355,11.271181,297.2551,0.9391017,0.714333,5.74136,1040
8336-9101,1-313108,0.0215917,0.653,0.653,79.4,6.657759735199442,1,1,0,8.036,9.906,0.987,0.034009,74.911,1.870000000000001,9.12,9.945,0.85,0.031888,78.143,0.8250000000000011,8.766669332312595,9.10421,48.721886,0.8719442,0.382993,8.20494,1168
8336-9102,1-260937,0.0451612,0.687,0.687,73.4,6.95173412355269,1,1,2,10.368,10.566,0.366,0.025055,41.412,0.1980000000000004,10.349,10.566,0.393,0.025122,41.518,0.21700000000000053,9.99756941361863,10.33511,57.469616,0.92636895,0.58214,7.97143,4096
8337-12701,1-592693,0.0257512,0.812,0.812,103.5,7.198115278067297,1,1,0,10.104,10.243,0.275,0.033747,81.513,0.13900000000000112,9.738,10.214,0.666,0.033031,82.479,0.47600000000000087,9.805488624338714,10.143029,65.74399,0.8984617,0.289693,10.6334,1168
8337-3701,1-313354,0.0331898,0.315,0.315,120.6,5.633774062399582,1,1,0,11.223,11.605,0.585,0.026409,2.566,0.3819999999999997,11.224,11.604,0.583,0.026427,2.566,0.379999999999999,10.325690085000852,10.663231,122.1235,1.0097117,0.918738,4.14901,1168
8337-3702,1-261251,0.136126,0.128,0.128,293.5,5.849302947428402,1,1,2,11.847,11.886,0.083,0.071496,22.187,0.0389999999999997,11.74,11.845,0.213,0.071178,80.043,0.10500000000000043,11.281365214224762,11.618906,305.19318,0.9622394,0.844095,5.19843,4096
8337-3703,1-261243,0.0223026,0.68,0.68,74.7,6.3652047364155635,1,1,0,10.04,10.306,0.458,0.025023,37.207,0.266,9.957,10.339,0.585,0.024885,36.997,0.3819999999999997,9.730321097527304,10.067862,60.339584,0.94592404,0.827727,5.13049,1040
8337-3704,1-261574,0.0321752,0.173,0.173,170.2,6.310492849460145,3,1,0,10.779,10.904,0.25,0.028281,30.556,0.125,10.777,10.905,0.254,0.028202,30.521,0.1280000000000001,10.43398253014199,10.771523,174.28722,0.99143577,0.930153,4.53988,1040
8337-6101,1-313335,0.0280746,0.731,0.731,79.8,7.507455894848854,1,1,0,9.808,10.438,0.765,0.020962,41.152,0.6300000000000008,9.487,10.446,0.89,0.019878,41.122,0.9589999999999996,10.052332199803278,10.389873,59.294273,0.9370653,0.783186,6.26103,1168
8337-6102,1-313385,0.0327929,0.481,0.481,196.5,5.434464404601432,3,1,0,10.902,10.969,0.14,0.027549,53.108,0.06700000000000017,10.914,10.973,0.125,0.026194,53.202,0.05900000000000105,10.404649016704395,10.742189,194.23708,1.0380608,0.75021,4.99283,1040
8337-6104,1-313322,0.0221933,0.843,0.843,145.3,5.789364216304564,3,1,2,10.514,10.518,0.009,0.027882,74.911,0.004000000000001336,10.521,10.521,0.0,0.025414,74.911,0.0,10.163101715043975,10.500643,95.993324,1.139669,0.474904,5.88981,4608
8337-9101,1-260942,0.018623,0.679,0.679,54.3,6.129472201862238,1,1,0,8.763,9.514,0.822,0.067246,86.82,0.7509999999999994,8.955,9.523,0.73,0.073884,86.82,0.5679999999999996,8.936646423300937,9.274187,40.9952,0.86258554,0.287632,8.14,1168
8337-9102,1-261318,0.0204801,0.658,0.658,60.3,5.6959288940299455,1,1,0,9.659,9.668,0.02,0.039315,86.789,0.008999999999998565,9.271,9.593,0.523,0.03723,86.787,0.3219999999999992,9.295175508698485,9.632716,49.348167,0.91273147,0.335367,7.90815,1168
11872-1901,1-150472,0.052278247,0.052,0.052,200.0,7.197152927235551,1,1,0,11.175,11.207,0.068,0.035519,27.036,0.03200000000000003,11.224,11.245,0.046,0.032993,18.232,0.02099999999999902,10.832650507942422,11.170191,203.54565,1.0217258,0.9235037,4.53095,1040
11838-3702,1-586641,0.053203553,0.642,0.642,99.9,6.055825840057427,1,1,2,10.633,10.74,0.217,0.026712,52.677,0.1070000000000011,10.738,10.738,0.0,0.025882,52.677,0.0,10.165989112198195,10.50353,80.12626,0.92477715,0.8073357,5.248241,4160
11941-9102,1-135557,0.02805308,0.822,0.822,110.8,7.244820272275011,3,1,0,10.501,10.501,0.0,0.030683,66.449,0.0,10.495,10.498,0.007,0.029035,66.18,0.0030000000000001137,10.142323503417519,10.479864,81.27725,0.8828157,0.5417802,7.5779943,1168
11956-3703,1-151695,0.077821136,0.587,0.587,189.1,9.03185907662179,3,1,2,11.509,11.509,0.0,0.046895,50.986,0.0,11.498,11.498,0.0,0.047161,51.782,0.0,10.914094490703196,11.251636,191.8668,0.91654515,0.7365048,8.179986,4160
11980-12702,1-270684,0.03543952,0.842,0.842,132.8,9.203696969938123,3,1,2,10.878,10.878,0.0,0.029854,80.823,0.0,10.879,10.879,0.001,0.02582,80.823,0.0,10.342401557804182,10.679942,91.4471,0.881931,0.308239,12.775175,4288
12070-9102,1-106520,0.026041793,0.642,0.642,162.9,7.593259406123416,1,1,0,10.727,10.728,0.0,0.032441,69.275,0.0009999999999994458,10.718,10.724,0.011,0.03175,71.769,0.006000000000000227,10.470855877471118,10.808396,155.13092,0.88677263,0.78655833,7.8720684,1024
10215-3703,1-122138,0.0319773,0.673,0.673,131.3,3.979454225055095,3,1,2,10.487,10.487,0.0,0.035144,76.63,0.0,10.461,10.48,0.041,0.035481,78.841,0.019000000000000128,10.110222593173438,10.447763,119.456154,1.1556456,0.554641,4.04997,4288
10215-12704,1-605093,0.0306034,0.83,0.83,127.1,12.282941408508202,3,1,0,10.88,11.148,0.461,0.015002,41.103,0.2679999999999989,10.885,11.142,0.446,0.014941,41.103,0.2569999999999997,10.316657958265232,10.654199,100.63128,0.8932605,0.841078,10.2858,1040
10215-3702,1-548639,0.0337287,0.485,0.485,150.4,8.104356317233842,1,1,0,11.179,11.27,0.189,0.025041,18.319,0.0909999999999993,11.148,11.379,0.412,0.023837,18.267,0.23099999999999987,10.563421751494202,10.900963,145.33737,0.9717978,0.940207,5.24344,1040
10215-12703,1-121923,0.0218943,0.624,0.624,70.3,9.845672884153158,1,1,0,8.348,10.004,0.978,0.024356,76.8,1.6559999999999988,8.684,10.004,0.952,0.024457,81.379,1.3200000000000003,9.348772013844624,9.686313,48.812275,0.8820675,0.392881,13.7316,1168
8438-12702,1-505218,0.0254388,0.694,0.694,90.8,14.081803129106403,1,1,2,10.725,10.808,0.172,0.014978,31.622,0.08300000000000018,10.26,10.86,0.749,0.015096,31.63,0.5999999999999996,10.334178208462548,10.671719,67.0564,0.87914115,0.864248,11.5133,4160
8438-1901,1-474828,0.0252353,0.403,0.403,103.1,3.1008392522461765,1,1,0,9.978,10.093,0.232,0.036327,18.271,0.11500000000000021,9.977,10.094,0.235,0.036271,18.268,0.1169999999999991,9.881586633773773,10.219128,106.85173,1.6600612,0.959893,2.05812,1168
8438-3702,1-474803,0.109019,0.592,0.592,158.9,5.518108578448404,1,1,2,11.352,11.353,0.0,0.048622,25.976,0.0009999999999994458,11.369,11.369,0.0,0.04076,25.731,0.0,11.058574054163115,11.396114,157.37521,0.90717405,0.908641,4.45197,4288
8438-9101,1-474540,0.0281991,0.682,0.682,69.9,12.419143443173775,1,1,0,9.114,10.993,0.987,0.028582,25.888,1.8789999999999996,9.199,10.952,0.982,0.025238,26.002,1.7530000000000001,9.795741715962288,10.133283,47.47676,0.843896,0.880374,10.3709,1168
10219-3704,1-384149,0.0924004,0.277,0.277,265.8,6.155977184343038,1,1,0,11.681,11.896,0.389,0.023126,19.665,0.21500000000000163,11.679,11.899,0.396,0.023122,19.656,0.21999999999999886,11.161221215848201,11.498762,266.7377,0.9800897,0.936728,4.74952,1040
10219-12701,1-384262,0.016806,0.675,0.675,66.9,12.787157359683787,1,1,2,9.799,10.198,0.601,0.033219,52.151,0.3990000000000009,9.836,10.197,0.564,0.033212,52.057,0.3609999999999989,9.579944712837749,9.917485,50.938496,0.89639723,0.673074,12.9645,4096
10219-3702,1-384250,0.0151598,0.632,0.632,77.8,5.371404782964764,1,1,2,9.717,9.776,0.128,0.036066,64.029,0.058999999999999275,9.664,9.779,0.234,0.036994,67.841,0.11500000000000021,9.407333108013017,9.744874,71.69397,0.93720865,0.598541,5.0651,4160
10219-9102,1-605181,0.0219358,0.772,0.772,92.8,9.203362207436957,3,1,2,10.406,10.444,0.084,0.021627,53.505,0.038000000000000256,10.429,10.433,0.009,0.020429,54.088,0.0039999999999995595,9.84420557912388,10.1817465,63.758984,0.9291662,0.673397,8.29861,4112
10219-6102,1-384194,0.0150407,0.206,0.206,268.4,14.677060219077838,1,1,0,11.243,11.271,0.058,0.018328,57.884,0.02800000000000047,11.216,11.264,0.099,0.02407,85.581,0.04800000000000004,10.700637097144936,11.0381775,263.71805,1.0316038,0.777591,10.7132,0
10219-12702,1-556820,0.021666,0.667,0.667,67.4,12.765215406093004,1,1,2,10.419,10.692,0.467,0.02005,25.929,0.2729999999999997,10.466,10.67,0.376,0.019991,25.916,0.20400000000000063,9.93038810844888,10.267929,53.372047,0.8730522,0.935541,8.79095,4112
10219-6103,1-384306,0.0261091,0.591,0.591,76.5,5.381255592414413,1,1,2,8.121,9.895,0.983,0.067691,83.863,1.7739999999999991,9.71,10.007,0.495,0.067039,83.863,0.2969999999999988,9.18479360573441,9.522334,54.96393,0.89930195,0.370804,6.10411,4672
10219-12705,1-605208,0.0169954,0.595,0.595,67.6,8.450380754886247,1,1,0,9.868,9.885,0.038,0.044313,86.789,0.01699999999999946,9.92,9.92,0.0,0.042988,86.789,0.0,9.230372274412419,9.567913,52.446384,0.90543824,0.380127,10.5663,1552
10219-9101,1-384191,0.0230432,0.55,0.55,63.3,7.555841368496216,1,1,0,8.203,10.087,0.987,0.057124,52.692,1.8840000000000003,8.061,9.956,0.987,0.051755,62.031,1.8949999999999996,8.849779845322864,9.187321,42.668705,0.86006284,0.649128,7.22273,1168
10503-3704,1-80331,0.0271463,0.357,0.357,182.9,4.935463108343556,1,1,0,10.625,10.725,0.204,0.014983,68.185,0.09999999999999964,10.626,10.721,0.193,0.021252,86.055,0.09500000000000064,10.150280450173849,10.487821,180.54541,1.4520357,0.73732,3.67609,1040
10503-6101,1-80403,0.0268709,0.049,0.049,173.6,7.133354045455462,1,1,0,10.823,10.824,0.001,0.028311,77.121,0.0009999999999994458,10.82,10.825,0.01,0.044274,86.357,0.004999999999999005,10.307594438322294,10.645135,177.99844,1.0933924,0.623522,6.08023,1040
10503-1901,1-79976,0.029311,0.718,0.718,135.8,3.1063779849912114,3,1,2,10.311,10.335,0.052,0.039483,72.244,0.02400000000000091,10.287,10.332,0.099,0.038475,71.974,0.04499999999999993,9.935062163070706,10.272603,127.23031,1.4668052,0.618364,3.00776,4288
10503-3702,1-560327,0.0291486,0.197,0.197,81.5,4.271236546518401,1,1,2,10.131,10.198,0.141,0.052933,3.021,0.06700000000000017,10.327,10.452,0.249,0.052093,2.632,0.125,9.645499885182431,9.983041,80.91073,0.9372584,0.727471,4.37086,4672
10503-6103,1-183745,0.0277329,0.063,0.063,95.0,1.4237514714317316,1,1,2,9.655,9.655,0.0,0.070716,63.87,0.0,9.635,9.651,0.035,0.067938,63.462,0.016000000000000014,9.367713647221406,9.705255,94.80399,1.1410402,0.76615,1.5564,4608
10503-3701,1-79971,0.0285807,0.404,0.404,103.8,3.0782530342012215,1,1,2,10.096,10.096,0.0,0.047975,55.977,0.0,10.077,10.077,0.0,0.046834,70.286,0.0,9.693080300854136,10.030621,103.1905,1.1908667,0.790823,2.58894,4288
10504-12701,1-605814,0.0224683,0.762,0.762,79.6,3.023312145087639,1,1,0,9.756,9.849,0.193,0.031513,52.297,0.09299999999999997,9.801,9.845,0.097,0.030419,52.965,0.04400000000000048,9.550552423769672,9.888093,71.216484,1.2278062,0.733122,2.65844,1168
10503-6102,1-80127,0.0272593,0.886,0.886,75.3,4.236919787881028,3,1,2,9.586,9.834,0.436,0.046417,71.944,0.24799999999999933,9.595,9.832,0.42,0.046494,72.055,0.2370000000000001,9.511986243176715,9.849526,43.163864,0.9388937,0.385172,5.31531,4672
10503-1902,1-183760,0.0283002,0.643,0.643,95.0,4.498764001626959,1,1,0,10.011,10.277,0.458,0.015152,52.973,0.266,9.936,10.299,0.567,0.014585,53.153,0.36299999999999955,9.946057585197558,10.283598,89.484795,1.1421499,0.799556,3.70009,1168
10504-12702,1-232054,0.0219347,0.628,0.628,148.9,3.1559666519200427,3,1,0,10.306,10.31,0.008,0.034291,70.034,0.004000000000001336,10.297,10.307,0.023,0.036675,72.14,0.009999999999999787,9.831931172400122,10.169472,141.5267,1.7582158,0.630103,2.91598,1552
10503-3703,1-80117,0.0262887,0.742,0.742,70.8,3.5131194368745016,1,1,2,9.436,9.69,0.442,0.053393,77.866,0.25399999999999956,9.561,9.712,0.292,0.053267,77.866,0.1509999999999998,9.142330012516688,9.479871,54.848846,0.9704017,0.38908,4.17347,4672
10504-12704,1-232143,0.026589,0.702,0.702,83.6,6.194352326706551,1,1,0,10.134,10.263,0.257,0.027348,57.296,0.12899999999999956,10.213,10.264,0.11,0.026574,57.838,0.051000000000000156,9.735851898327544,10.073393,61.98862,0.95934594,0.64122,5.73598,1168
8441-12701,1-252202,0.0316617,0.834,0.834,134.6,8.859815733860609,3,1,0,10.785,10.785,0.0,0.026294,79.129,0.0,10.758,10.777,0.042,0.025466,79.31,0.019000000000000128,10.276870629771176,10.614411,87.68376,0.92574406,0.332937,11.9949,1168
8441-12703,1-252432,0.0311605,0.777,0.777,161.6,9.859128688055321,3,1,0,10.935,10.987,0.112,0.020851,60.751,0.0519999999999996,10.933,10.996,0.133,0.020395,60.538,0.06300000000000061,10.59804051011856,10.935581,140.37582,0.93670964,0.656567,7.15063,1040
8441-12704,1-252522,0.0289716,0.772,0.772,191.3,9.852751281937469,1,1,0,10.946,11.079,0.262,0.012541,79.242,0.1330000000000009,10.884,11.062,0.335,0.011869,78.252,0.17799999999999905,10.580305579061898,10.917846,154.07312,0.9314466,0.534964,10.0301,1088
8441-1901,1-252463,0.0317128,0.707,0.707,97.2,3.0734453636252588,1,1,2,10.008,10.046,0.084,0.049616,60.98,0.038000000000000256,10.016,10.053,0.08,0.048893,61.368,0.03700000000000081,9.828751385142096,10.166292,87.362564,1.161865,0.636479,2.88208,4608
8441-1902,1-252510,0.0315136,0.374,0.374,120.2,4.6812268450944865,1,1,2,10.42,10.588,0.32,0.024124,33.681,0.16799999999999926,10.38,10.555,0.331,0.024243,35.054,0.17499999999999893,10.168538730700922,10.50608,119.52912,1.1746686,0.897679,3.51713,4288
8441-3702,1-252582,0.0291231,0.618,0.618,160.3,4.160428829873935,1,1,0,10.516,10.588,0.151,0.020099,72.373,0.07199999999999918,10.503,10.583,0.167,0.024012,74.61,0.08000000000000007,10.24596400077083,10.583505,156.0712,1.3115164,0.617189,3.83997,1168
8441-3703,1-252632,0.0287959,0.244,0.244,167.3,6.316603938103866,1,1,0,10.782,10.855,0.153,0.025682,24.229,0.0730000000000004,10.766,10.851,0.178,0.025644,24.265,0.08500000000000085,10.389166084364533,10.7267065,168.39162,1.1054764,0.948444,4.33455,1040
8441-3704,1-252863,0.0287463,0.686,0.686,108.2,5.334732535417641,1,1,0,10.461,10.544,0.175,0.028946,31.875,0.08300000000000018,10.462,10.541,0.167,0.028939,31.883,0.07900000000000063,10.133152342024308,10.470693,101.02738,0.97900605,0.799006,4.66641,1168
8441-6101,1-262174,0.0290498,0.319,0.319,171.2,8.070169931174865,1,1,0,10.811,10.86,0.107,0.03577,66.682,0.04899999999999949,10.805,10.85,0.096,0.042195,85.847,0.04499999999999993,10.162928654877549,10.500469,172.91277,0.9989268,0.738644,5.93093,1168
8441-6102,1-252443,0.031385,0.356,0.356,179.0,6.427729546851994,1,1,0,10.889,10.897,0.016,0.02834,18.357,0.008000000000000895,10.887,10.903,0.034,0.02781,18.335,0.016000000000000014,10.487941148598985,10.825481,185.22382,1.0609828,0.925636,4.83275,1040
8441-6104,1-252508,0.0284432,0.889,0.889,120.8,6.989355406136028,3,1,0,10.417,10.568,0.294,0.021326,68.922,0.1509999999999998,10.432,10.57,0.272,0.021258,68.922,0.1379999999999999,10.141879152002872,10.47942,73.4513,0.94042325,0.516156,7.36004,1040
10220-12702,1-153142,0.0382065,0.817,0.817,145.5,7.4346618396375685,3,1,2,10.816,10.816,0.0,0.02841,81.668,0.0,10.62,10.765,0.283,0.023925,81.388,0.14500000000000135,10.417516532001374,10.755057,100.85635,0.9075631,0.272655,11.0283,4288
8079-12702,1-36927,0.0219765,0.814,0.814,103.2,7.406929818976738,3,1,0,10.312,10.312,0.0,0.025968,73.832,0.0,10.312,10.312,0.0,0.025931,73.89,0.0,9.980416096235322,10.317957,69.21145,0.90126276,0.414407,8.71068,1040
12512-1902,1-74,0.030739091,0.659,0.659,125.0,2.9655961669082584,1,1,2,10.221,10.221,0.0,0.054421,86.332,0.0,10.19,10.212,0.049,0.047537,86.697,0.02200000000000024,9.775551637712294,10.113092,115.410736,1.1283277,0.5775781,2.2581687,4672
10221-6104,1-298693,0.024877,0.699,0.699,95.0,6.516163382148287,1,1,0,10.216,10.352,0.269,0.024069,45.513,0.136000000000001,10.163,10.365,0.372,0.023846,45.674,0.20199999999999996,10.097843610542077,10.435384,83.270584,0.9546968,0.621384,6.24884,1552
12084-3703,1-116728,0.024017561,0.562,0.562,89.5,4.3543271325126875,1,1,0,9.991,10.039,0.104,0.031803,59.491,0.04800000000000004,9.601,10.01,0.61,0.030971,59.491,0.4089999999999989,9.86294867027903,10.200489,80.5699,1.081488,0.75587934,3.900111,1168
10507-9101,1-174951,0.023501,0.646,0.646,77.4,8.259764972824383,1,1,0,9.803,10.251,0.644,0.021689,59.046,0.4479999999999986,10.258,10.271,0.03,0.021204,55.945,0.013000000000001677,9.504081930264578,9.841622,59.677235,0.85907733,0.703944,7.5758,1168
8260-12701,1-281312,0.0237874,0.55,0.55,64.3,10.589706350132923,1,1,0,10.071,10.554,0.671,0.025155,26.199,0.48300000000000054,10.22,10.482,0.453,0.024459,26.151,0.2619999999999987,9.727928208512843,10.065469,50.758,0.88710326,0.831601,9.17886,1168
12079-12702,1-35296,0.027728913,0.841,0.841,110.9,7.189292368763262,3,1,0,10.431,10.483,0.113,0.029433,74.911,0.05200000000000138,10.473,10.491,0.04,0.02893,74.913,0.017999999999998906,10.011811458776549,10.349352,71.28685,0.8769624,0.38573092,8.827907,1168
11952-3704,1-634318,0.033579044,0.507,0.507,227.7,7.563538430230596,3,1,0,11.135,11.183,0.102,0.022611,53.37,0.04800000000000004,11.122,11.168,0.097,0.022534,63.202,0.045999999999999375,10.642245190672282,10.979786,222.55884,1.1695423,0.796903,4.756517,1040
12512-6101,1-76,0.030703507,0.777,0.777,110.8,6.15685488893435,3,1,2,10.318,10.503,0.346,0.025324,62.76,0.1850000000000005,10.424,10.497,0.156,0.024373,62.777,0.0730000000000004,10.086703107993348,10.424244,82.47133,1.0263232,0.56987494,5.877777,4288
8095-1901,1-41678,0.0280247,0.256,0.256,77.5,3.3815851062473152,1,1,2,10.006,10.007,0.0,0.051776,26.807,0.0009999999999994458,9.943,9.943,0.0,0.047433,28.805,0.0,9.704834892338717,10.042376,81.18755,1.1774747,0.865853,2.49713,4224
11836-12703,1-1595,0.045454808,0.07,0.07,199.4,10.225739198433338,1,1,0,11.195,11.349,0.299,0.024309,80.043,0.15399999999999991,11.285,11.359,0.155,0.023557,19.061,0.07399999999999984,10.726919787740268,11.064461,201.01938,0.8817807,0.8353496,8.013246,1040
10515-12702,1-78381,0.0306162,0.295,0.295,165.8,13.387281873041763,1,1,0,11.285,11.512,0.406,0.01356,26.142,0.2270000000000003,11.302,11.466,0.314,0.01278,26.181,0.1639999999999997,10.644636488115365,10.982177,170.54279,0.8823887,0.901659,11.2439,1088
11978-1901,1-294598,0.023139775,0.651,0.651,66.5,3.0912941244046355,1,1,0,9.707,9.707,0.0,0.045696,48.499,0.0,9.637,9.702,0.138,0.045949,47.58,0.0649999999999995,9.442898575007911,9.780439,59.51055,1.039567,0.76492643,2.668998,1168
10221-6103,1-230090,0.0340715,0.762,0.762,126.0,6.519001344857064,3,1,0,10.589,10.696,0.219,0.016875,46.806,0.10699999999999932,10.589,10.696,0.218,0.016877,46.82,0.10699999999999932,10.287026471939123,10.624567,112.256935,0.9062645,0.881572,5.70209,1552
11020-6104,1-244439,0.06822411,0.081,0.081,217.0,19.43798870548133,1,1,0,11.624,11.712,0.182,0.023235,19.939,0.08799999999999919,11.633,11.812,0.336,0.021933,14.608,0.17900000000000027,11.010640430466974,11.348181,221.45752,0.9427732,0.944862,5.618679,1040
12518-3703,1-2936,0.096298665,0.338,0.338,218.6,4.832478385997204,1,1,2,12.095,12.409,0.515,0.045201,2.566,0.31400000000000006,12.095,12.41,0.515,0.045236,2.566,0.3149999999999995,10.965725784680519,11.303267,224.80754,1.069195,0.932626,4.011592,4096
10498-12704,1-299414,0.0207318,0.618,0.618,59.9,10.586000275579634,1,1,0,9.027,10.382,0.956,0.024093,33.309,1.3550000000000004,9.595,10.377,0.835,0.024064,33.016,0.782,9.596133967822382,9.933675,48.21785,0.87340504,0.869275,8.35714,1040
11941-3702,1-594451,0.029420398,0.26,0.26,284.7,12.515590619040152,3,1,0,11.469,11.488,0.037,0.023157,85.23,0.019000000000000128,11.457,11.492,0.074,0.059739,85.23,0.03500000000000014,11.154152994747578,11.4916935,277.368,0.9552332,0.80056685,10.164177,0
11836-1902,1-1243,0.03245946,0.505,0.505,81.1,4.109341608911936,1,1,2,10.095,10.14,0.098,0.040254,54.663,0.04499999999999993,10.14,10.14,0.0,0.040162,54.893,0.0,9.808362868376614,10.145904,73.55894,0.9288181,0.71912366,3.725333,4096
10506-12705,1-231875,0.0215694,0.43,0.43,59.6,8.266240916439763,1,1,0,10.099,10.32,0.398,0.138332,31.598,0.22100000000000009,9.723,10.305,0.738,0.124206,32.134,0.581999999999999,9.0088427979508,9.346383,45.708614,0.8798994,0.802199,7.87155,1168
8245-1902,1-464210,0.0253694,0.718,0.718,102.9,3.782284365340346,3,1,0,10.105,10.157,0.113,0.034165,69.006,0.0519999999999996,10.165,10.167,0.002,0.031081,68.015,0.002000000000000668,9.844267122760417,10.1818075,90.880424,1.0879438,0.628983,3.59485,1168
8260-3703,1-281935,0.0236869,0.301,0.301,59.5,6.438741518072674,1,1,0,8.286,10.067,0.983,0.036872,43.079,1.7810000000000006,9.229,10.047,0.848,0.035475,44.015,0.8180000000000014,9.365800489578252,9.7033415,54.34326,0.9069269,0.771542,5.24557,1168
7981-1902,1-636366,0.0299741,0.64,0.64,158.8,2.7755941300415774,1,1,0,10.313,10.355,0.092,0.018403,80.747,0.041999999999999815,10.317,10.355,0.083,0.018357,86.356,0.038000000000000256,10.375594121284218,10.713135,158.42813,3.4953437,0.73418,1.83266,1040
7980-1901,1-562168,0.0281573,0.499,0.499,167.0,3.6985369983984584,3,1,0,10.563,10.564,0.0,0.040852,56.491,0.0009999999999994458,10.535,10.569,0.073,0.035374,56.32,0.034000000000000696,10.141462316020268,10.479003,162.73746,1.1907259,0.785372,3.15655,1168
10494-6102,1-352603,0.0805874,0.116,0.116,239.5,5.500653768639732,1,1,0,11.424,11.455,0.066,0.042456,84.745,0.031000000000000583,11.429,11.457,0.061,0.046601,84.745,0.02800000000000047,11.010821305904551,11.348362,245.7222,0.9578427,0.71095,5.92239,1040
11022-6101,1-630938,0.023173407,0.779,0.779,64.6,4.816609450747168,1,1,0,9.113,9.643,0.705,0.040562,86.841,0.5300000000000011,9.731,9.731,0.0,0.041992,86.841,0.0,9.323034588997396,9.660575,44.67896,1.0150989,0.3413232,6.525116,1168
11006-6104,1-591232,0.026344564,0.736,0.736,44.5,3.59542706736632,1,1,2,7.521,9.313,0.984,0.039749,86.635,1.7920000000000007,9.473,9.473,0.0,0.040083,86.636,0.0,9.444523677339589,9.782064,35.593887,0.92228544,0.48541355,4.732368,4672
10502-6102,1-230870,0.0511536,0.079,0.079,267.5,7.889342747528685,1,1,0,11.462,11.629,0.317,0.013387,20.39,0.16699999999999982,11.462,11.629,0.318,0.013392,20.305,0.16699999999999982,10.87641242098533,11.213953,269.53958,0.9211723,0.972534,5.95154,1040
10842-6104,1-181017,0.07606491,0.24,0.24,247.3,8.320482597633305,1,1,0,11.587,11.617,0.066,0.039527,80.043,0.030000000000001137,11.599,11.624,0.053,0.039684,50.488,0.025000000000000355,11.135761016807583,11.473302,252.62903,0.92248005,0.9397333,6.5802937,1040
10226-6104,1-603674,0.0223465,0.722,0.722,127.6,6.3894763507821954,1,1,2,10.235,10.344,0.221,0.020785,56.158,0.10899999999999999,10.234,10.349,0.232,0.020432,56.293,0.11500000000000021,10.236461681626816,10.574002,118.15639,1.1139755,0.65486,5.45061,4160
8260-12704,1-281404,0.0197802,0.723,0.723,81.9,9.588222725839207,1,1,0,10.095,10.214,0.241,0.022702,66.166,0.11899999999999977,10.226,10.227,0.001,0.022175,66.177,0.0009999999999994458,9.436224684678445,9.773766,55.08095,0.91384333,0.512917,9.98699,1040
10218-6102,1-382696,0.0288874,0.83,0.83,143.6,5.531857023266645,3,1,0,10.573,10.611,0.083,0.029929,65.854,0.038000000000000256,10.62,10.62,0.001,0.02841,66.032,0.0,10.135466595631524,10.473007,104.065994,1.0021199,0.571311,5.33882,1168
11007-3703,1-404173,0.023570344,0.582,0.582,61.6,3.392555899988986,1,1,2,9.549,9.619,0.149,0.080135,86.193,0.07000000000000028,9.656,9.656,0.0,0.077495,86.357,0.0,9.157648274855596,9.495189,55.32337,0.88674855,0.5543509,4.0383377,4672
11747-9102,1-585263,0.025527699,0.593,0.593,96.6,7.149926843831837,1,1,0,10.355,10.355,0.0,0.024547,68.469,0.0,10.34,10.354,0.032,0.023649,70.039,0.013999999999999346,9.53489370085412,9.872435,83.242836,0.8977552,0.5109757,7.48354,1168
10518-6103,1-182523,0.0443616,0.788,0.788,151.7,6.103476284387885,3,1,2,10.751,10.891,0.275,0.019993,69.724,0.14000000000000057,10.733,10.888,0.3,0.020687,70.577,0.15499999999999936,10.508968504989962,10.846509,119.5943,0.9511346,0.500944,6.47966,4288
10839-3704,1-53120,0.028214423,0.812,0.812,115.9,4.337581078882779,3,1,0,10.235,10.27,0.075,0.028941,74.911,0.03500000000000014,10.265,10.277,0.029,0.028888,74.911,0.011999999999998678,9.792027941667298,10.129568,84.8246,1.1361771,0.41954547,5.118234,1168
11007-12705,1-456325,0.021970589,0.346,0.346,91.4,2.42313612559995,1,1,0,9.687,9.772,0.177,0.048242,80.043,0.08500000000000085,9.569,9.744,0.33,0.049329,80.043,0.17499999999999893,9.325393896064218,9.662934,91.48048,1.1920115,0.93713915,1.7016361,1168
11013-12702,1-244372,0.03998446,0.828,0.828,132.1,14.415909470015249,1,1,0,10.567,11.177,0.754,0.012415,63.433,0.6099999999999994,11.0,11.23,0.411,0.009917,62.821,0.23000000000000043,10.585243189381929,10.922784,82.32138,0.8501145,0.57398915,14.616008,1040
11018-9101,1-233665,0.036029298,0.857,0.857,192.0,8.112021369963204,3,1,0,11.008,11.116,0.221,0.018831,68.922,0.10800000000000054,10.998,11.123,0.25,0.018398,68.922,0.125,10.592806937760324,10.930347,140.13362,0.93607116,0.53114355,7.618335,1040
11024-6102,1-159278,0.0207401,0.569,0.569,58.7,4.300973728632651,1,1,0,9.394,9.522,0.256,0.066262,72.681,0.1280000000000001,8.553,9.464,0.877,0.064517,72.244,0.9109999999999996,9.064306558787697,9.401847,48.205124,0.95706385,0.48129597,5.4542794,1168
11750-12704,1-282996,0.02002918,0.588,0.588,72.1,10.5402289795751,1,1,0,10.139,10.211,0.153,0.05333,54.343,0.07200000000000095,10.196,10.21,0.03,0.053309,54.052,0.014000000000001123,9.136771157931769,9.474312,61.41011,0.8878909,0.65896505,9.631527,1168
10844-6102,1-78125,0.06130094,0.061,0.061,240.2,8.093342476367706,1,1,0,11.456,11.504,0.102,0.01996,80.043,0.04800000000000004,11.456,11.504,0.102,0.020192,80.043,0.04800000000000004,10.929536578034444,11.267077,246.14879,0.9516587,0.9112808,6.0752583,1040
10837-12705,1-640498,0.11516545,0.227,0.227,221.8,5.325936307719477,1,1,0,11.459,11.491,0.07,0.058237,52.961,0.03200000000000003,11.447,11.474,0.059,0.058151,84.745,0.027000000000001023,11.08423410499287,11.421775,225.76743,1.0366236,0.6548592,22.19252,1024
10839-6101,1-53118,0.028156279,0.782,0.782,88.1,6.324908247295783,1,1,0,10.107,10.182,0.159,0.035217,75.104,0.07500000000000107,9.8,10.147,0.55,0.035697,75.133,0.34699999999999953,9.958910893473359,10.296452,64.10302,0.99379456,0.4430064,7.543724,1168
10844-3702,1-78117,0.027370295,0.261,0.261,116.8,6.466907396905768,3,1,0,11.256,11.256,0.0,0.036746,2.566,0.0,11.25,11.25,0.0,0.036478,2.566,0.0,10.13580190344528,10.473343,121.23236,0.9436905,0.8649542,5.2637405,1552
11007-1901,1-456507,0.023127329,0.53,0.53,112.2,4.253789169054721,1,1,0,10.243,10.276,0.074,0.040895,31.895,0.032999999999999474,10.234,10.265,0.067,0.040434,32.086,0.031000000000000583,9.853413820024848,10.190954,113.504486,1.1702024,0.83252025,3.38629,1040
11970-1902,1-333290,0.033665374,0.213,0.213,193.5,4.677537453893924,1,1,0,10.8,10.801,0.0,0.060774,80.043,0.0009999999999994458,10.8,10.801,0.0,0.061412,80.043,0.0009999999999994458,10.338093287520506,10.675633,205.19221,1.6888129,0.93207896,2.8384886,1040
12087-3702,1-117763,0.073033586,0.769,0.769,268.8,5.614127095751723,3,1,0,11.521,11.544,0.05,0.061864,65.87,0.022999999999999687,11.474,11.537,0.135,0.057348,65.869,0.06300000000000061,10.957441965128972,11.294983,225.14958,0.88859,0.5592274,5.1817536,1040
12491-1902,1-4106,0.07060522,0.338,0.338,240.0,4.714176004103204,1,1,0,11.312,11.329,0.035,0.041753,85.23,0.017000000000001236,11.299,11.327,0.062,0.041992,85.23,0.02800000000000047,10.970104319672467,11.307645,240.81007,1.1584268,0.82447,3.5525198,1040
11962-3703,1-631833,0.045978706,0.145,0.145,217.8,9.475693341386593,1,1,0,11.38,11.38,0.0,0.028527,20.281,0.0,11.385,11.385,0.0,0.028499,19.594,0.0,10.777533410840304,11.115074,226.63246,1.0700024,0.8613003,4.192296,1040
11952-6103,1-325834,0.036661867,0.061,0.061,199.7,11.911349809887604,1,1,0,11.198,11.256,0.124,0.02653,86.468,0.05799999999999983,11.207,11.257,0.107,0.026299,86.465,0.049999999999998934,10.593807239926377,10.931348,206.72742,0.9344466,0.67372257,6.2497735,1040
11872-6103,1-150785,0.06169358,0.096,0.096,210.6,10.008536745748028,1,1,0,11.369,11.459,0.186,0.027182,39.215,0.08999999999999986,11.412,11.453,0.089,0.024407,39.152,0.04099999999999859,10.856496942986682,11.194037,214.62602,0.90346557,0.7605309,6.01167,1040
11977-6103,1-325684,0.032695293,0.398,0.398,190.6,8.7773352610256,3,1,0,11.003,11.034,0.068,0.027225,71.405,0.031000000000000583,11.017,11.028,0.023,0.026914,79.408,0.011000000000001009,10.529058195551368,10.866599,189.46478,0.91225284,0.79882944,6.1460433,1040
11838-3704,1-586725,0.0234129,0.224,0.224,145.7,4.221795840919711,1,1,0,10.35,10.463,0.228,0.019108,62.716,0.11299999999999955,10.37,10.469,0.204,0.020089,63.783,0.0990000000000002,10.056067837910957,10.393608,139.71254,1.3075303,0.6219516,3.7882662,1040
12071-12702,1-597528,0.025454314,0.664,0.664,130.2,11.480155777691486,1,1,2,10.672,10.673,0.0,0.019663,75.357,0.0009999999999994458,10.681,10.682,0.0,0.019354,76.352,0.0010000000000012221,10.428172744522715,10.765714,115.64225,0.87582636,0.40728068,14.501357,4096
12087-6101,1-118034,0.039566558,0.686,0.686,172.3,6.172395564825893,1,1,0,10.912,10.944,0.07,0.033689,63.04,0.03200000000000003,10.899,10.946,0.102,0.033202,64.208,0.0470000000000006,10.559454148873568,10.896995,153.75827,0.9966381,0.63959223,5.785265,1040
12491-3703,1-62060,0.025244445,0.637,0.637,161.1,3.8537435802123468,3,1,0,10.472,10.531,0.126,0.024597,53.679,0.05900000000000105,10.467,10.533,0.138,0.025233,54.19,0.06599999999999895,9.872143156273925,10.209683,158.66605,1.2871143,0.7908678,2.5006933,1552
10492-6104,1-380032,0.0271887,0.551,0.551,99.7,7.4974644448143275,1,1,0,10.372,10.383,0.025,0.033599,25.74,0.010999999999999233,10.303,10.551,0.435,0.028939,25.739,0.24799999999999933,10.315399303051777,10.65294,98.55418,0.9640239,0.976911,5.83736,1040
10492-9101,1-605026,0.0267986,0.739,0.739,93.2,8.26070931146558,3,1,0,10.379,10.506,0.253,0.029685,49.456,0.12700000000000067,10.349,10.503,0.298,0.030234,49.551,0.15399999999999991,10.112765821563038,10.450307,74.79531,0.8916068,0.644852,7.16408,1168
10492-6103,1-605069,0.0277501,0.793,0.793,112.5,5.596039502350051,1,1,0,10.329,10.329,0.0,0.032528,70.565,0.0,10.336,10.336,0.0,0.02845,71.68,0.0,10.035117414205898,10.372658,91.95662,0.9497469,0.518823,5.91389,1168
10492-9102,1-380300,0.02639,0.738,0.738,102.8,8.43188708709716,1,1,0,10.377,10.483,0.217,0.020634,54.42,0.10599999999999987,10.298,10.48,0.341,0.021241,54.103,0.18200000000000038,10.248772417657788,10.586313,87.10015,0.936925,0.635794,8.02411,1040
10492-6102,1-380000,0.0297122,0.714,0.714,173.0,6.686465588864308,3,1,0,10.861,10.924,0.134,0.020048,66.712,0.06299999999999883,10.862,10.916,0.117,0.019403,66.712,0.05400000000000027,10.556213219947386,10.893754,151.25957,1.0223765,0.662457,6.18849,1040
10492-1902,1-380333,0.0275005,0.303,0.303,98.7,5.383989199041931,1,1,0,10.206,10.207,0.0,0.040847,25.759,0.0010000000000012221,10.273,10.274,0.002,0.044112,20.452,0.0009999999999994458,10.066441473327917,10.403982,103.93538,1.2808222,0.965349,2.7464,1168
10493-12702,1-351923,0.0182367,0.683,0.683,79.9,7.385338689619357,1,1,0,9.829,9.94,0.227,0.046071,85.188,0.11099999999999888,9.374,9.868,0.679,0.043682,83.939,0.4939999999999998,9.323097335847937,9.660638,55.62525,0.86558664,0.336818,9.56061,1040
10492-3703,1-380384,0.0272101,0.796,0.796,65.5,3.4847050662657884,1,1,2,9.671,9.762,0.19,0.083031,62.716,0.09100000000000108,9.615,9.789,0.329,0.074385,68.752,0.1739999999999995,9.287382903978491,9.624924,46.768135,0.8952817,0.490267,4.12668,4672
11748-12705,1-605722,0.02116145,0.614,0.614,172.5,11.992508106704154,1,1,2,10.952,10.973,0.044,0.014635,41.767,0.021000000000000796,10.944,10.967,0.051,0.014325,43.59,0.022999999999999687,10.676188345628946,11.013729,157.60974,0.94509554,0.8242767,9.514879,4096
11021-1901,1-195854,0.03315796,0.483,0.483,137.5,4.845736285678867,1,1,0,10.467,10.468,0.0,0.038972,59.603,0.0009999999999994458,10.473,10.473,0.0,0.032092,58.666,0.0,10.347816991321295,10.685358,139.1378,1.324169,0.74438024,3.6252356,1168
11021-3701,1-195671,0.062149033,0.186,0.186,247.5,8.310188454856426,1,1,0,11.489,11.56,0.15,0.026113,36.844,0.07099999999999973,11.47,11.537,0.14,0.026016,45.419,0.06700000000000017,10.93280045851489,11.270341,249.39302,0.9864351,0.9121106,4.633832,1040
11012-12702,1-245497,0.042090964,0.814,0.814,175.2,14.333871732531943,1,1,0,11.395,11.525,0.258,0.020292,56.194,0.13000000000000078,11.298,11.572,0.468,0.019788,56.177,0.27399999999999913,10.760267949639006,11.097809,133.40794,0.850193,0.7653404,11.793247,1040
10844-3704,1-78336,0.08771888,0.102,0.102,257.1,5.70227451612048,1,1,2,11.567,11.64,0.154,0.042777,24.895,0.0730000000000004,11.562,11.637,0.156,0.042551,25.26,0.07500000000000107,10.99346391864387,11.331004,261.18283,1.0259635,0.9480078,4.3991294,4224
11019-12702,1-622991,0.027210316,0.728,0.728,103.8,10.138855704978132,1,1,0,10.104,10.683,0.736,0.013481,50.494,0.5790000000000006,9.446,10.691,0.943,0.013316,50.191,1.245000000000001,10.08071495999951,10.418256,74.38514,0.91134036,0.7204491,9.207681,1040
11024-9101,1-159388,0.021765385,0.8,0.8,73.0,7.516441488223744,1,1,0,9.182,10.134,0.888,0.021393,59.889,0.952,9.859,10.144,0.48,0.021348,59.721,0.28500000000000014,9.612382446723137,9.9499235,46.344913,0.8467068,0.6024987,8.157182,1552
11745-6102,1-123041,0.0665235,0.064,0.064,244.1,7.82744416510043,1,1,0,12.145,12.666,0.698,0.022659,2.566,0.5210000000000008,12.146,12.666,0.698,0.022679,2.566,0.5199999999999996,10.97470321443505,11.312243,247.34447,0.9199444,0.93743366,6.088757,1040
10504-3704,1-300695,0.0214411,0.658,0.658,153.7,4.536552635393707,3,1,0,10.429,10.429,0.0,0.033241,60.52,0.0,10.432,10.432,0.0,0.032853,60.589,0.0,9.94324316573992,10.280784,143.6052,1.2685885,0.748579,3.97638,1040
10504-9101,1-300699,0.0193122,0.76,0.76,99.3,7.573754872213584,1,1,2,10.235,10.235,0.0,0.035741,64.504,0.0,10.216,10.219,0.008,0.030803,63.834,0.0030000000000001137,9.772693485557104,10.110234,81.527756,0.8959701,0.582719,7.63894,4160
10504-1901,1-300674,0.022966,0.445,0.445,65.0,4.422671894153477,1,1,0,9.765,9.799,0.076,0.051749,45.625,0.03399999999999892,9.694,9.757,0.135,0.050973,55.35,0.06299999999999883,9.529027187185076,9.866568,63.104874,0.9756841,0.804779,3.7764,1168
10504-3702,1-300925,0.02358,0.632,0.632,89.9,4.9027038293775576,1,1,0,10.042,10.09,0.105,0.036394,65.812,0.04800000000000004,10.053,10.091,0.084,0.036362,65.997,0.03799999999999848,9.802966550264554,10.140507,80.96055,0.96029687,0.667973,4.45806,1168
10504-6103,1-232157,0.0228034,0.575,0.575,114.7,2.2508334158463668,1,1,0,9.908,9.941,0.071,0.037012,67.149,0.03300000000000125,9.907,9.941,0.074,0.037033,69.543,0.034000000000000696,9.60060593056712,9.938147,110.72919,1.4823818,0.617954,2.15008,1168
10505-12705,1-300759,0.0208965,0.318,0.318,199.6,5.072716879896088,2,1,2,10.679,10.681,0.0,0.031472,80.084,0.0019999999999988916,10.674,10.676,0.0,0.042284,86.468,0.002000000000000668,10.015229782980526,10.352771,207.5631,1.8104125,0.705795,3.41248,4096
10504-9102,1-231891,0.0232448,0.645,0.645,63.1,9.517825004459306,1,1,0,9.664,10.589,0.881,0.01375,26.345,0.9250000000000007,9.221,10.586,0.957,0.013593,26.545,1.3650000000000002,9.866743256617056,10.204284,50.296043,0.91839314,0.90316,7.89829,1552
10504-1902,1-232053,0.0234274,0.599,0.599,135.0,4.280672672276757,1,1,0,10.407,10.408,0.0,0.038407,51.34,0.0009999999999994458,10.397,10.417,0.045,0.037204,51.061,0.019999999999999574,9.96076274597638,10.298304,128.46425,1.3092272,0.809255,3.56379,1040
10505-12702,1-300739,0.0231073,0.632,0.632,92.0,3.170207489416784,1,1,0,9.77,9.91,0.275,0.01453,70.918,0.14000000000000057,9.734,9.902,0.321,0.014994,73.584,0.16799999999999926,9.724511799487507,10.062053,87.069405,1.2854015,0.591042,2.96557,1168
10504-3703,1-300968,0.0230389,0.696,0.696,138.5,4.8980389600160885,1,1,0,10.248,10.382,0.263,0.017703,81.045,0.13400000000000034,10.217,10.381,0.313,0.017167,81.857,0.1639999999999997,10.038003845201851,10.375545,126.057655,1.2545755,0.485722,4.88858,1040
11866-6103,1-60349,0.032751083,0.079,0.079,103.5,8.177984420330752,1,1,0,11.296,11.517,0.399,0.025668,2.566,0.22100000000000009,11.296,11.518,0.399,0.025663,2.566,0.2220000000000013,10.404469286439923,10.74201,107.76716,0.91393983,0.9822087,6.1621175,1040
11866-6102,1-1038,0.033372667,0.751,0.751,152.7,7.406246758287068,3,1,0,10.852,10.917,0.138,0.021576,52.692,0.0649999999999995,10.869,10.909,0.089,0.021299,52.692,0.040000000000000924,10.498546194563804,10.836087,128.00056,0.9870456,0.7276412,6.3171196,1040
11761-6104,1-195292,0.027622078,0.476,0.476,123.5,6.678662617440828,1,1,0,10.51,10.511,0.0,0.034412,59.491,0.0009999999999994458,10.421,10.513,0.19,0.034454,59.739,0.09200000000000053,10.08823133941959,10.425772,119.56275,0.90941083,0.74340904,6.3879013,1168
11946-1901,1-211531,0.031098258,0.585,0.585,197.0,4.5717046818239195,3,1,0,10.836,10.854,0.039,0.037759,79.395,0.017999999999998906,10.779,10.844,0.136,0.037973,80.852,0.0649999999999995,10.43554888793173,10.773089,183.57848,1.393498,0.5934056,3.9835784,1040
12082-3703,1-551474,0.09389,0.79,0.79,177.2,2.3733155269609165,3,1,0,10.887,10.923,0.08,0.038418,75.066,0.03599999999999959,10.83,10.908,0.165,0.03623,73.448,0.0779999999999994,10.537783544411967,10.875324,154.47736,1.0226417,0.57309073,2.5027375,0
11980-12705,1-270550,0.022340506,0.643,0.643,53.3,4.862500842860608,1,1,0,8.071,9.333,0.945,0.053629,86.82,1.2620000000000005,8.559,9.334,0.832,0.055531,86.82,0.7750000000000004,8.999022041147647,9.336563,38.033184,0.9087569,0.25580105,8.37563,1168
11871-12701,1-455630,0.026263572,0.858,0.858,101.3,11.79881737713499,1,1,0,10.174,10.66,0.673,0.016923,74.911,0.48600000000000065,10.32,10.686,0.57,0.016516,74.911,0.36599999999999966,9.974585097498963,10.312126,69.59883,0.9103471,0.39267623,16.438066,1040
12485-6103,1-415565,0.034497887,0.051,0.051,152.0,7.118030017762046,1,1,0,10.948,11.012,0.137,0.04138,2.811,0.06400000000000006,10.958,11.029,0.151,0.041389,2.781,0.07099999999999973,10.377173975140153,10.714715,157.82547,0.8945173,0.842286,5.5931373,1040
11954-6101,1-152311,0.0158064,0.7,0.7,44.3,6.316151853575688,1,1,0,9.157,9.444,0.483,0.031182,67.709,0.2870000000000008,9.256,9.446,0.354,0.030866,68.952,0.1899999999999995,9.377001008229268,9.714541,36.737804,0.9636341,0.5253737,5.9878416,1040
11979-6104,1-270655,0.035153735,0.777,0.777,138.9,8.666476915767202,1,1,2,10.849,10.976,0.253,0.039981,45.365,0.12700000000000067,10.855,10.929,0.156,0.035844,45.23,0.07399999999999984,10.334355078691452,10.671896,124.52865,0.9299687,0.90820265,6.553639,4288
12087-12705,1-117635,0.039812516,0.831,0.831,175.7,7.627701147313312,3,1,0,11.05,11.05,0.0,0.025874,77.661,0.0,11.02,11.045,0.054,0.029047,78.29,0.025000000000000355,10.73846133777612,11.076002,128.14093,0.9700642,0.34739926,9.463383,1040
11954-12704,1-624592,0.03031263,0.623,0.623,152.7,10.119749584395741,1,1,2,11.063,11.063,0.0,0.016798,67.135,0.0,11.084,11.085,0.003,0.01505,66.875,0.0010000000000012221,10.639074082314144,10.976615,128.77115,0.9855975,0.6393099,10.383043,4160
11952-12704,1-634329,0.03383987,0.781,0.781,127.9,12.400239221146933,1,1,0,10.997,11.011,0.032,0.022368,45.474,0.013999999999999346,10.97,11.018,0.104,0.023855,45.651,0.04800000000000004,10.564576237657503,10.902117,108.28788,0.93631077,0.66970164,11.739714,1040
11833-6102,1-176074,0.04543451,0.855,0.855,131.9,5.3090518514002625,1,1,0,10.606,10.697,0.188,0.032802,62.716,0.0909999999999993,10.644,10.697,0.114,0.032308,62.716,0.05299999999999905,10.151883099307806,10.489424,100.82858,0.8929398,0.5669702,5.3839173,0
11753-6103,1-78284,0.021579904,0.623,0.623,79.9,5.341904270612238,1,1,0,9.856,10.21,0.557,0.021398,39.136,0.354000000000001,9.951,10.198,0.434,0.02128,39.23,0.2469999999999999,9.667501423053036,10.005042,68.98223,0.9627942,0.5689812,5.6264567,1040
11826-3701,1-401202,0.02031868,0.528,0.528,70.9,4.479640728636486,1,1,0,9.596,9.855,0.45,0.030016,54.531,0.25900000000000034,9.878,9.879,0.0,0.028326,52.735,0.0009999999999994458,9.279125837473547,9.616667,62.38217,1.0887343,0.70792466,4.0348,1040
12068-6104,1-106204,0.057716995,0.705,0.705,164.4,7.246053820240225,1,1,0,11.077,11.411,0.536,0.015031,37.031,0.33399999999999963,11.022,11.418,0.598,0.014976,37.091,0.395999999999999,10.921463237565058,11.259004,132.74623,1.0101645,0.86909086,5.805411,1040
11761-12701,1-194947,0.016435266,0.669,0.669,60.1,12.030950643790147,1,1,0,9.709,10.216,0.689,0.043897,45.297,0.5069999999999997,8.927,10.214,0.948,0.042655,45.944,1.2870000000000008,9.250002024583955,9.587543,45.67786,0.8949613,0.6817222,10.96521,1040
12067-12705,1-26682,0.033292945,0.795,0.795,138.0,13.896032534657296,1,1,0,11.192,11.22,0.063,0.019849,41.317,0.02800000000000047,11.169,11.201,0.072,0.014486,41.395,0.03200000000000003,10.641956425058483,10.979497,114.3636,0.90471125,0.8723939,11.231088,1040
11945-6101,1-95069,0.030246329,0.653,0.653,116.6,8.11065851936944,1,1,0,10.663,10.691,0.063,0.021415,56.158,0.02800000000000047,10.663,10.689,0.059,0.021543,56.798,0.0259999999999998,10.268079393724502,10.60562,97.48509,1.0009692,0.7007695,7.4264126,1040
11979-3704,1-273110,0.03573745,0.68,0.68,150.2,4.8681897708208615,3,1,2,10.718,10.749,0.069,0.02755,72.978,0.031000000000000583,10.718,10.75,0.071,0.02754,73.013,0.03200000000000003,10.335122331249025,10.672663,135.02643,1.0925548,0.53420097,5.049253,4224
12490-9101,1-138276,0.02923917,0.84,0.84,116.1,6.531418857563496,3,1,0,10.508,10.513,0.01,0.05887,75.188,0.005000000000000782,9.969,10.462,0.679,0.057421,76.292,0.4930000000000003,10.001601933755063,10.339143,78.13928,0.85998785,0.37329146,8.066079,1216
10224-3704,1-108949,0.0249796,0.595,0.595,151.4,6.765279503540408,1,1,0,10.623,10.738,0.232,0.017999,62.716,0.11500000000000021,10.59,10.768,0.336,0.017074,62.786,0.17800000000000082,10.222729473781733,10.56027,151.31125,1.12395,0.763916,3.95365,1040
10224-12703,1-603624,0.0408744,0.84,0.84,149.9,10.250198092020154,3,1,0,10.941,11.031,0.187,0.025239,77.603,0.08999999999999986,10.912,11.022,0.224,0.028018,77.827,0.10999999999999943,10.553194646256628,10.890736,112.36312,0.8573767,0.307446,14.2615,1040
10224-6102,1-36266,0.0415035,0.21,0.21,236.5,6.890066827702473,1,1,0,11.273,11.274,0.0,0.030191,86.468,0.0009999999999994458,11.27,11.272,0.0,0.036176,86.468,0.002000000000000668,10.717514062257223,11.055055,240.56711,0.9867009,0.659065,5.88218,1040
10224-6101,1-36267,0.0263448,0.791,0.791,80.8,6.640886201476023,1,1,0,9.14,10.292,0.93,0.025807,57.506,1.1519999999999992,9.967,10.288,0.522,0.024374,57.389,0.32099999999999973,9.630126714032937,9.967668,51.795254,0.93636644,0.633761,6.32743,1168
10224-3701,1-35937,0.0406206,0.111,0.111,206.2,7.7170558879903135,1,1,0,11.147,11.219,0.152,0.023736,39.215,0.07199999999999918,11.237,11.248,0.023,0.023034,5.151,0.010999999999999233,10.711923587507457,11.049464,209.30226,0.9410155,0.93864,5.22224,1040
10224-6103,1-36278,0.0257344,0.742,0.742,82.3,6.987746576360827,1,1,0,10.29,10.29,0.0,0.030453,53.358,0.0,10.115,10.296,0.341,0.028959,55.907,0.18099999999999916,9.700054385628238,10.037595,57.761127,0.8448579,0.663199,6.60771,1168
10224-9101,1-582042,0.0295271,0.806,0.806,128.0,6.559974623989917,3,1,0,10.548,10.549,0.003,0.025244,66.588,0.0009999999999994458,10.455,10.543,0.182,0.022305,66.301,0.08799999999999919,10.16977432793062,10.507315,84.78425,0.92599195,0.461507,7.45434,1168
11945-1902,1-569313,0.029527688,0.678,0.678,130.7,3.269288500925264,1,1,2,10.312,10.312,0.0,0.044611,78.754,0.0,10.316,10.316,0.0,0.041636,79.889,0.0,10.034863385285066,10.372404,121.239006,1.2349491,0.4582581,3.723983,4288
12094-6102,1-40252,0.058981284,0.78,0.78,146.3,7.047903401245507,1,1,2,11.094,11.127,0.074,0.030144,41.103,0.03300000000000125,11.146,11.161,0.034,0.017821,41.103,0.014999999999998792,10.677249169353672,11.01479,116.79291,0.91092986,0.77673876,5.727172,4288
11835-3703,1-82967,0.02648727,0.767,0.767,61.2,3.3840273507680116,1,1,2,9.391,9.577,0.348,0.034635,68.373,0.18599999999999994,9.341,9.579,0.422,0.036147,72.304,0.23800000000000132,9.535677219069473,9.873218,50.754013,0.9636756,0.52319217,4.1128054,4288
11941-12704,1-135075,0.029864235,0.754,0.754,91.1,14.757467794192308,1,1,0,11.013,11.465,0.647,0.01079,18.226,0.45199999999999996,10.884,11.474,0.743,0.010599,18.246,0.5899999999999999,10.432015504771453,10.769556,73.32275,0.86586094,0.8794518,11.035524,1040
11955-6103,1-195233,0.03806129,0.745,0.745,133.9,2.8279657249361856,1,1,2,10.411,10.422,0.024,0.029224,44.191,0.011000000000001009,10.407,10.419,0.026,0.029403,44.528,0.012000000000000455,10.410433135866935,10.747973,130.2584,2.419719,0.8682851,2.220205,4672
11984-12701,1-273427,0.031223543,0.825,0.825,98.0,9.188727447996841,1,1,2,10.502,10.528,0.06,0.026183,69.961,0.0259999999999998,10.198,10.508,0.51,0.025751,69.662,0.3099999999999987,9.932515467121627,10.270056,65.13213,0.95480853,0.48073593,9.681668,4224
12484-1901,1-409368,0.02615431,0.642,0.642,80.8,3.0117702687232852,1,1,2,9.722,9.805,0.173,0.047921,77.866,0.08300000000000018,9.698,9.802,0.212,0.048511,79.327,0.1039999999999992,9.659281495497142,9.996822,73.35164,1.0557728,0.45237347,3.694008,4240
11953-6103,1-258856,0.04053468,0.045,0.045,217.3,7.3738874736227045,1,1,0,11.11,11.192,0.17,0.019048,85.847,0.08200000000000074,11.122,11.194,0.151,0.034829,85.847,0.07200000000000095,10.595145889300944,10.932687,220.87392,0.96741426,0.73198295,5.382712,1040
12487-12705,1-387136,0.026520438,0.757,0.757,213.8,12.695615131967909,3,1,2,11.264,11.264,0.0,0.017604,63.463,0.0,11.256,11.269,0.029,0.016573,63.327,0.0129999999999999,10.736865287218771,11.074406,160.40546,0.9288342,0.51825106,13.844195,4160
11754-12701,1-585282,0.028853338,0.859,0.859,119.8,9.900087802126517,1,1,0,10.311,10.732,0.62,0.012401,79.321,0.4209999999999994,10.092,10.714,0.761,0.012239,79.321,0.6219999999999999,10.128338159443592,10.4658785,72.86936,0.8900567,0.40567154,11.994241,1040
11941-6103,1-135163,0.03369584,0.781,0.781,103.9,6.564199821681368,1,1,2,10.419,10.536,0.235,0.027747,49.086,0.1169999999999991,10.416,10.537,0.243,0.028956,49.181,0.12100000000000044,10.140015804699711,10.477556,86.94599,0.87492085,0.6425277,6.104565,4288
11956-1902,1-151674,0.022573011,0.36,0.36,87.7,2.3686824097180605,1,1,0,9.743,9.787,0.097,0.047029,54.873,0.04400000000000048,9.788,9.788,0.0,0.045608,67.838,0.0,9.476688742695412,9.814229,87.40914,1.1597424,0.8245812,1.8700536,1168
11979-9101,1-270268,0.044335015,0.69,0.69,108.9,9.765560566113285,1,1,0,11.16,11.191,0.069,0.023401,25.731,0.031000000000000583,11.164,11.193,0.064,0.023703,25.733,0.028999999999999915,10.586697934412472,10.924238,98.87102,0.8741403,0.80529106,7.870376,1040
11745-3702,1-123255,0.11963988,0.114,0.114,299.5,5.983875040686879,1,1,0,11.81,11.897,0.18,0.047657,22.2,0.08699999999999974,11.812,11.903,0.188,0.047615,22.0,0.09100000000000108,11.241126526024615,11.578667,310.1911,0.9793663,0.8712017,4.8219604,1040
11020-9102,1-196497,0.064474896,0.505,0.505,233.3,7.215993587073486,1,1,2,11.353,11.451,0.2,0.02457,73.989,0.09800000000000075,11.34,11.44,0.203,0.023368,86.357,0.09999999999999964,10.858772807578202,11.196314,228.52962,0.9513965,0.682835,6.961793,4096
11007-3704,1-456698,0.019020393,0.638,0.638,68.3,5.27947891007491,1,1,0,9.69,9.853,0.312,0.036852,50.412,0.16300000000000026,9.669,9.838,0.324,0.038571,51.612,0.1689999999999987,9.484570982271205,9.822111,62.94514,0.9268515,0.64266706,5.088447,1552
11013-3701,1-627475,0.025501015,0.567,0.567,79.5,8.795635375658085,1,1,0,9.746,10.459,0.806,0.01998,45.67,0.7129999999999992,9.555,10.457,0.874,0.019919,45.89,0.902000000000001,9.930353150348003,10.267894,64.751656,0.9376018,0.76498497,9.131482,1040
11019-12705,1-623253,0.03440566,0.74,0.74,114.7,21.973984279135987,1,1,0,11.172,12.052,0.868,0.004934,18.214,0.879999999999999,11.12,12.047,0.882,0.004128,18.216,0.9270000000000014,10.711233117211515,11.048774,97.189316,0.8969947,0.935159,17.797165,1040
11745-9101,1-123178,0.024438055,0.709,0.709,92.0,7.162174251742618,1,1,0,10.125,10.264,0.275,0.025938,65.854,0.13899999999999935,10.309,10.309,0.0,0.026559,69.664,0.0,9.814622179658619,10.152163,66.72463,0.8826198,0.53135633,7.3048954,1168
11750-6101,1-397168,0.046966795,0.771,0.771,159.2,4.905741375636605,3,1,0,10.776,10.866,0.186,0.024508,57.498,0.08999999999999986,10.763,10.873,0.223,0.024483,57.147,0.10999999999999943,10.375933670290014,10.713474,144.75949,1.0257418,0.65422094,4.0544925,0
11004-12705,1-457074,0.035952486,0.877,0.877,145.2,8.368315809119926,3,1,0,10.89,10.891,0.002,0.023172,62.879,0.0009999999999994458,10.885,10.919,0.075,0.021582,62.807,0.034000000000000696,10.347484421031467,10.685025,93.2462,0.90733355,0.5678555,8.584705,1552
11745-12702,1-605270,0.031117437,0.821,0.821,141.4,6.731369121941231,3,1,0,10.611,10.611,0.0,0.02734,75.214,0.0,10.612,10.612,0.0,0.020919,75.329,0.0,10.217319381233272,10.55486,96.5162,0.9085507,0.36304662,8.518027,1168
11021-6104,1-195619,0.03267249,0.177,0.177,198.0,12.069690879795333,1,1,0,11.184,11.287,0.21,0.023238,20.107,0.10300000000000153,11.185,11.291,0.217,0.0231,19.94,0.10599999999999987,10.712842843968478,11.050384,203.77328,0.96545863,0.9648568,6.122069,1040
11016-12702,1-196874,0.070666485,0.724,0.724,93.9,14.188728955754748,1,1,2,11.087,11.693,0.752,0.050326,18.249,0.6059999999999999,11.036,11.75,0.806,0.042487,18.254,0.7140000000000004,10.737786647040272,11.075327,126.106125,0.9139279,0.96253145,11.176308,4160
11013-1901,1-244631,0.039771233,0.141,0.141,181.7,4.637966018936846,1,1,2,10.842,10.852,0.021,0.009554,86.222,0.009999999999999787,10.853,10.857,0.009,0.01559,86.222,0.0039999999999995595,10.450088451251116,10.787629,186.77031,1.2105753,0.78028685,3.565264,4224
11743-12705,1-604873,0.02960716,0.776,0.776,105.2,7.670611418656362,3,1,0,10.522,10.523,0.001,0.021688,70.184,0.0009999999999994458,10.379,10.506,0.253,0.021499,70.383,0.12700000000000067,10.119279418425165,10.4568205,72.35429,0.9226797,0.47486523,8.926822,1168
11743-1902,1-604888,0.0356731,0.416,0.416,219.1,4.989844570879925,1,1,0,11.002,11.028,0.057,0.030447,86.357,0.0259999999999998,10.965,11.027,0.13,0.040263,86.357,0.06199999999999939,10.723446690502556,11.060987,212.06088,1.747934,0.6120252,3.761608,1040
10519-12704,1-183175,0.0284762,0.797,0.797,106.0,17.999479302284378,3,1,0,10.922,11.106,0.345,0.015948,56.259,0.18399999999999928,11.069,11.073,0.009,0.015324,56.321,0.0039999999999995595,10.380921817300608,10.718462,65.21761,0.88222986,0.624961,16.3353,1088
10844-6104,1-181700,0.06144884,0.07,0.07,217.5,7.832673623077621,1,1,0,11.433,11.497,0.136,0.03232,3.272,0.06400000000000006,11.432,11.496,0.136,0.032311,3.28,0.06400000000000006,10.870787401721651,11.208328,225.83653,0.9576049,0.85949016,4.7769012,1040
11013-3702,1-627026,0.025247505,0.614,0.614,162.8,13.863470098114952,1,1,2,11.484,11.646,0.311,0.024926,25.731,0.1620000000000008,11.455,11.661,0.378,0.025093,25.743,0.20599999999999952,10.653594871989156,10.991136,131.0356,0.9048258,0.81947863,11.410233,4160
11019-1901,1-151874,0.03211222,0.236,0.236,110.1,3.747551393461333,1,1,2,10.249,10.323,0.156,0.040544,46.63,0.07399999999999984,10.237,10.315,0.165,0.040358,47.443,0.0779999999999994,9.976706761022864,10.314247,110.94381,1.1047069,0.817983,3.0572896,4224
11750-6102,1-397404,0.018246055,0.553,0.553,71.9,4.680782713247456,1,1,0,9.565,9.657,0.191,0.040833,86.789,0.09200000000000053,9.681,9.681,0.0,0.040997,86.789,0.0,9.258423554383837,9.595964,60.81952,0.9575293,0.33311647,6.286565,1168
11743-6101,1-584667,0.029140204,0.812,0.812,103.5,7.006907733864956,3,1,0,10.461,10.527,0.142,0.027072,59.546,0.06599999999999895,10.512,10.518,0.012,0.02562,59.537,0.006000000000000227,10.153296205249577,10.490837,72.37592,0.9454049,0.65446514,6.7187552,1168
10840-12702,1-214169,0.033942897,0.696,0.696,118.1,6.310860129692829,1,1,2,10.712,10.821,0.222,0.030339,36.64,0.10899999999999999,10.698,10.814,0.235,0.031119,36.702,0.11599999999999966,10.176408872729722,10.513949,104.03641,0.8901062,0.6852224,6.2137127,4288
11747-6104,1-299614,0.08360566,0.094,0.094,290.3,6.040491825681849,1,1,0,11.576,11.674,0.2,0.020806,82.799,0.09799999999999898,11.654,11.686,0.068,0.0189,82.706,0.03200000000000003,11.036348229698648,11.373889,290.88232,0.93101186,0.7919827,5.480227,1040
11749-6101,1-387356,0.06262461,0.214,0.214,230.0,8.751747386370184,1,1,0,11.446,11.545,0.202,0.033109,26.103,0.0990000000000002,11.338,11.49,0.292,0.033034,58.302,0.15200000000000102,10.888853166982937,11.226394,233.88762,0.9458301,0.95670474,6.225317,1040
11748-12704,1-387502,0.024824606,0.858,0.858,86.5,4.921316889511949,1,1,0,9.837,9.971,0.266,0.043009,86.843,0.13400000000000034,9.912,9.988,0.161,0.045518,86.843,0.07599999999999874,9.397449847993826,9.73499,51.39487,0.8988893,0.2369088,8.061335,1168
10519-1901,1-183195,0.0281338,0.621,0.621,92.3,2.9831620973803115,1,1,2,9.88,10.071,0.355,0.03374,54.762,0.19099999999999895,9.872,10.072,0.368,0.033737,54.663,0.1999999999999993,9.6864691320268,10.02401,85.5547,1.121688,0.762871,2.56246,4224
11013-3704,1-244785,0.025565194,0.579,0.579,80.0,7.2037139374757055,1,1,0,8.577,10.156,0.974,0.033439,86.698,1.5790000000000006,10.245,10.245,0.0,0.033668,86.698,0.0,9.442286049341208,9.779827,64.568054,0.9245802,0.39706978,8.966921,1168
11025-12705,1-23958,0.029512003,0.321,0.321,210.8,10.567604285215658,1,1,0,11.159,11.224,0.138,0.016996,67.933,0.0649999999999995,11.135,11.213,0.164,0.017023,85.646,0.0779999999999994,10.699985889496219,11.037526,206.29219,0.9306104,0.7905874,8.493259,1024
11746-12702,1-218748,0.025527079,0.657,0.657,74.6,6.760192686253544,1,1,0,10.008,10.008,0.0,0.035904,74.76,0.0,9.452,9.953,0.684,0.03576,75.137,0.5009999999999994,9.156421297297102,9.493962,56.5713,0.8614879,0.37348038,9.806194,1168
11007-12702,1-456414,0.028163625,0.419,0.419,120.6,6.915911294518623,1,1,2,10.513,10.551,0.084,0.040071,26.918,0.038000000000000256,10.483,10.537,0.117,0.039726,27.193,0.05400000000000027,9.92568208478926,10.263223,134.29416,1.3853543,0.8593929,2.1510735,4288
11744-6103,1-459283,0.029283516,0.746,0.746,106.6,7.231135386946437,1,1,0,10.332,10.544,0.386,0.023142,49.37,0.21199999999999974,10.328,10.544,0.392,0.023135,49.372,0.21600000000000108,10.070892640448365,10.408433,89.862946,0.91742224,0.8482483,5.5837755,1168
10837-6102,1-3019,0.0659151,0.072,0.072,214.3,5.880714168880409,1,1,0,11.342,11.343,0.0,0.039304,28.257,0.0009999999999994458,11.325,11.326,0.0,0.039458,35.087,0.0010000000000012221,10.922176223844414,11.259717,218.71835,0.98304975,0.9006715,5.3174915,1040
11022-12704,1-368603,0.02686099,0.781,0.781,120.6,5.185181803897255,3,1,0,10.382,10.398,0.037,0.025318,78.258,0.016000000000000014,10.367,10.395,0.061,0.025363,78.372,0.027999999999998693,9.975721655034889,10.313262,97.07608,1.0438168,0.38611546,6.0028944,1168
11750-3704,1-401259,0.05480691,0.09,0.09,196.3,6.2551517244814425,2,1,2,11.31,11.311,0.0,0.034654,20.877,0.0009999999999994458,11.292,11.293,0.0,0.034941,21.603,0.0009999999999994458,10.784895465770893,11.122437,202.38138,0.9605843,0.93693554,4.8850574,4160
10846-9102,1-607835,0.04901973,0.679,0.679,161.9,16.307717626759658,1,1,0,11.712,11.712,0.0,0.022834,31.602,0.0,11.697,11.701,0.008,0.023635,31.641,0.004000000000001336,11.01625266186957,11.353793,150.84836,0.8755624,0.85278416,12.130433,1040
11010-9101,1-522062,0.024156649,0.677,0.677,91.0,7.60678533284817,1,1,0,10.047,10.262,0.391,0.018226,56.742,0.21499999999999986,9.94,10.26,0.521,0.018085,56.507,0.3200000000000003,9.997069111225551,10.33461,74.86481,0.9325909,0.63690054,7.345901,1552
10519-1902,1-183181,0.0283811,0.536,0.536,178.8,3.163755604265499,1,1,0,10.511,10.567,0.12,0.020386,76.991,0.05600000000000094,10.507,10.563,0.118,0.021618,82.656,0.05600000000000094,10.142574033338468,10.480115,178.25348,1.8999345,0.656404,2.6438,1168
10840-12704,1-214319,0.020710804,0.784,0.784,78.2,8.244513551951911,1,1,0,8.592,10.001,0.961,0.782039,86.855,1.408999999999999,9.649,10.032,0.586,0.794251,86.855,0.3830000000000009,9.440345707517674,9.777886,47.25504,0.8634222,0.19049805,14.793406,1168
11007-6104,1-456880,0.025233487,0.232,0.232,107.0,4.200139310543292,3,1,0,11.02,11.185,0.316,0.038787,2.566,0.16500000000000092,10.818,10.938,0.241,0.038782,2.572,0.120000000000001,9.879366555080917,10.2169075,110.24246,1.0821714,0.93951285,3.1354394,1168
11025-1901,1-24156,0.029374301,0.375,0.375,144.8,2.9256015878807657,1,1,2,10.372,10.391,0.042,0.044765,63.113,0.019000000000000128,10.362,10.377,0.034,0.053206,71.426,0.015000000000000568,9.991273047861476,10.328814,144.19359,1.1761408,0.7393194,2.5707443,4224
11746-12703,1-556472,0.04808478,0.592,0.592,73.3,14.775406727812172,1,1,0,10.814,11.636,0.849,0.031507,6.035,0.8219999999999992,10.794,11.638,0.857,0.031442,6.037,0.8439999999999994,10.601214607441232,10.938755,80.6668,0.86927354,0.89914775,12.101943,1040
11017-9101,1-319387,0.025322892,0.76,0.76,121.2,7.515391021055824,3,1,0,10.589,10.692,0.211,0.02204,45.267,0.10299999999999976,10.585,10.695,0.222,0.022349,45.275,0.10999999999999943,10.026159397942854,10.3637,103.129776,0.88596946,0.72577626,6.350676,1552
11004-9102,1-457341,0.070667535,0.092,0.092,234.9,8.20651689894855,1,1,0,11.465,11.507,0.09,0.038362,85.581,0.041999999999999815,11.49,11.504,0.029,0.03959,85.581,0.013999999999999346,10.998784011883926,11.336325,241.84412,0.9203086,0.729624,7.593778,1040
10840-12705,1-605551,0.012992108,0.511,0.511,223.7,18.902604596679794,1,1,0,11.248,11.351,0.209,0.012286,45.218,0.10300000000000153,11.226,11.371,0.282,0.012152,45.25,0.14499999999999957,10.89180954516479,11.22935,194.56415,0.9641461,0.64769423,24.508648,0
11007-9101,1-456837,0.022492664,0.797,0.797,71.8,7.049801765824823,1,1,0,9.715,10.098,0.585,0.026509,63.23,0.3830000000000009,9.995,10.102,0.217,0.025881,63.291,0.1070000000000011,9.717394913138321,10.054935,49.207516,0.8714665,0.5678652,7.163077,1168
11748-6103,1-605717,0.024462113,0.723,0.723,104.9,7.010072792617044,1,1,0,10.141,10.393,0.439,0.021791,64.827,0.25200000000000067,10.057,10.39,0.535,0.022233,64.865,0.3330000000000002,10.107409631347956,10.44495,89.59796,0.9006373,0.6274323,6.4978743,1040
11747-12705,1-299056,0.018554596,0.799,0.799,94.1,7.1485518128964625,1,1,0,9.939,10.128,0.353,0.022446,83.863,0.18900000000000006,10.059,10.156,0.199,0.02157,83.863,0.09700000000000131,9.654121774949987,9.991662,64.10785,0.91134596,0.35476175,8.902907,1600
10840-1901,1-76744,0.027706616,0.676,0.676,90.5,2.500374459260252,3,1,2,9.897,9.897,0.0,0.05532,65.854,0.0,9.895,9.899,0.009,0.055603,65.855,0.0039999999999995595,9.554031910751174,9.891573,80.84947,1.104062,0.57544196,2.449757,4672
11746-12705,1-605305,0.02560442,0.751,0.751,82.2,8.487011640896949,1,1,0,8.588,10.231,0.977,0.031274,76.239,1.6430000000000007,9.675,10.26,0.74,0.030823,76.88,0.5849999999999991,9.52046060557926,9.858001,53.796486,0.89725804,0.48653376,9.984242,1168
10840-1902,1-76820,0.02383374,0.626,0.626,91.9,4.3808932823247,1,1,0,9.977,10.211,0.416,0.040408,49.06,0.23399999999999999,9.275,10.259,0.896,0.033436,49.06,0.984,9.581455414181411,9.918996,84.51742,0.9861034,0.9111921,3.2537897,1168
11004-12702,1-522048,0.02370975,0.749,0.749,88.2,6.46913745200106,1,1,0,8.162,9.879,0.981,0.141308,86.843,1.7169999999999987,9.984,9.985,0.0,0.141861,86.843,0.0009999999999994458,9.237018598011845,9.574559,44.36647,0.8794135,0.20615898,11.698374,1168
10845-12705,1-78451,0.029276406,0.85,0.85,133.6,8.311814472345754,1,1,0,10.473,10.617,0.283,0.018814,74.911,0.14400000000000013,10.259,10.594,0.538,0.018797,74.911,0.3349999999999991,10.402861532360449,10.740402,87.15507,0.93514353,0.41699213,10.42185,1040
11025-3703,1-24091,0.031726897,0.706,0.706,158.1,4.266171334786697,3,1,0,10.571,10.631,0.129,0.021738,60.174,0.0600000000000005,10.555,10.632,0.161,0.022194,60.574,0.07699999999999996,10.361962933394043,10.699504,138.05923,1.265741,0.6071596,4.3936872,1168
11751-12703,1-301541,0.020620655,0.702,0.702,63.3,4.800435487765084,1,1,0,9.188,9.477,0.485,0.118345,86.82,0.2889999999999997,9.274,9.48,0.378,0.125796,86.82,0.2060000000000013,8.852146215010805,9.189687,44.442566,0.85450447,0.28624177,8.723239,1168
8487-3701,1-134312,0.0181176,0.407,0.407,74.4,4.831590033184074,1,1,0,9.708,9.756,0.105,0.039182,85.847,0.04800000000000004,9.712,9.757,0.097,0.04368,85.847,0.04499999999999993,9.497374779185655,9.834915,72.76094,0.95721066,0.785104,4.2293,1040
8487-3702,1-133949,0.0202303,0.721,0.721,81.1,4.28855108182281,1,1,0,9.79,9.879,0.185,0.021002,86.749,0.08900000000000041,9.811,9.884,0.156,0.021691,86.749,0.0730000000000004,9.8740008704165,10.211541,69.779564,1.2990463,0.509072,4.24977,1040
8487-3704,1-134308,0.0192536,0.546,0.546,44.9,5.316146373712115,1,1,0,7.773,9.592,0.985,0.063951,45.469,1.8190000000000008,8.811,9.572,0.827,0.064381,45.394,0.7609999999999992,9.04062211627955,9.378162,28.736002,0.8786786,0.668459,4.8241,1168
8487-6101,1-209926,0.095698,0.113,0.113,290.4,5.37753079934002,1,1,0,11.628,11.657,0.06,0.053077,85.847,0.028999999999999915,11.644,11.656,0.023,0.061979,85.847,0.012000000000000455,11.090917284820254,11.428458,304.84048,0.9968974,0.649768,6.39755,1040
8488-12703,1-209474,0.0652604,0.075,0.075,239.7,10.351316927238795,1,1,2,11.495,11.609,0.231,0.024887,67.242,0.11400000000000077,11.49,11.609,0.238,0.024789,67.242,0.11899999999999977,11.121648466671617,11.459189,244.81754,0.9348882,0.869779,13.257,4160
8488-12704,1-247634,0.0204285,0.743,0.743,77.8,5.883058166890244,1,1,0,9.685,9.792,0.219,0.050013,86.843,0.10699999999999932,9.815,9.815,0.0,0.050304,86.843,0.0,9.161834992031531,9.499375,47.9025,0.93153834,0.285974,8.46384,1168
8488-12705,1-247377,0.0365417,0.83,0.83,174.2,7.668509956501661,3,1,0,10.981,11.01,0.065,0.026118,78.969,0.028999999999999915,10.93,10.991,0.131,0.026118,78.138,0.06099999999999994,10.480883275547908,10.818424,119.2518,0.9927389,0.415062,9.23749,1040
8488-6102,1-247600,0.149179,0.072,0.072,218.3,5.904813470621121,1,1,0,11.859,12.082,0.402,0.08472,2.616,0.22300000000000075,11.744,11.884,0.275,0.084845,2.722,0.14000000000000057,11.237214373830266,11.574755,230.1645,0.9752522,0.867634,6.78679,1024
8546-12705,1-131877,0.0324688,0.769,0.769,91.8,9.61418706138792,1,1,0,10.304,10.606,0.501,0.016472,49.381,0.3019999999999996,10.01,10.606,0.746,0.014972,49.2,0.5960000000000001,10.065265923522107,10.402806,63.67723,0.9440222,0.665026,8.82017,1168
8546-3701,1-132011,0.14898,0.094,0.094,244.8,5.07594838594097,1,1,2,11.729,11.802,0.153,0.071364,21.217,0.0730000000000004,11.764,11.79,0.057,0.070673,21.19,0.0259999999999998,11.216429830876251,11.55397,249.24554,0.95547533,0.89069,4.55461,4096
8546-3702,1-91171,0.0346854,0.047,0.047,201.4,6.837259250819413,1,1,0,11.035,11.056,0.044,0.02806,84.745,0.02099999999999902,11.044,11.058,0.031,0.046562,84.745,0.013999999999999346,10.51675610068226,10.854297,206.41864,0.959014,0.843924,5.10784,1040
11831-12701,1-152017,0.037519723,0.701,0.701,223.4,9.196247939184415,3,1,0,11.346,11.347,0.0,0.020223,63.66,0.0009999999999994458,11.335,11.35,0.033,0.020539,63.601,0.014999999999998792,10.830057182849057,11.167598,191.56865,0.9512848,0.595516,8.969978,1040
11946-12703,1-135767,0.030795261,0.261,0.261,135.5,8.18034906922575,1,1,0,10.766,10.766,0.0,0.037743,53.713,0.0,10.763,10.763,0.0,0.037567,54.24,0.0,10.234213322881088,10.5717535,138.54724,0.9137846,0.6965816,8.255251,1552
12488-12703,1-386876,0.022925716,0.736,0.736,88.3,7.242239535557423,1,1,0,10.111,10.149,0.084,0.025295,86.789,0.03799999999999848,10.123,10.152,0.066,0.025263,86.789,0.028999999999999915,9.476610861578596,9.814152,62.497448,0.9012222,0.3214758,9.817098,1168
11970-3702,1-566330,0.029249532,0.57,0.57,74.1,5.31714244849139,1,1,2,9.921,10.055,0.266,0.03674,61.717,0.13400000000000034,9.886,10.054,0.32,0.03673,63.125,0.16800000000000104,9.302516882083612,9.640058,62.047115,0.9266839,0.6644394,4.9576087,4672
12079-9102,1-108765,0.042793676,0.53,0.53,203.8,8.14729943664923,1,1,0,11.114,11.243,0.256,0.016869,59.559,0.12899999999999956,11.087,11.239,0.293,0.018948,62.864,0.15200000000000102,10.742730259561883,11.080271,188.09138,0.90300643,0.70877045,6.9060373,1040
11755-1902,1-282449,0.052295532,0.208,0.208,121.8,8.307675846124573,1,1,2,10.93,10.946,0.037,0.041036,12.657,0.016000000000000014,10.94,10.995,0.119,0.021914,12.653,0.054999999999999716,10.752313993423845,11.089854,123.26279,0.91922873,0.78923297,6.808962,4288
11828-12701,1-80482,0.13706018,0.098,0.098,269.4,6.274353704960106,1,1,0,11.873,12.214,0.543,0.017586,2.624,0.3410000000000011,11.986,12.3,0.514,0.016292,2.597,0.31400000000000006,11.235765729059022,11.573306,256.83936,1.0139056,0.8083421,8.856563,1040
11982-12705,1-96246,0.028374324,0.884,0.884,84.7,4.730573828329717,1,1,2,9.638,9.999,0.564,0.027176,78.056,0.36100000000000065,9.778,10.019,0.425,0.027942,79.551,0.24099999999999966,9.640658567153176,9.978199,48.568253,0.9505278,0.36064565,6.074343,4608
12506-3704,1-82647,0.026328752,0.838,0.838,63.6,3.2282601259765125,1,1,2,8.77,9.591,0.849,0.042724,80.793,0.8209999999999997,9.69,9.692,0.004,0.041024,78.213,0.002000000000000668,9.252291773504744,9.589832,44.41251,0.92906475,0.40790755,4.179384,4672
10839-3701,1-605510,0.040880352,0.08,0.08,194.3,8.262284152817903,1,1,0,11.031,11.136,0.212,0.014358,82.799,0.10499999999999865,11.033,11.136,0.21,0.01451,82.799,0.10299999999999976,10.704014490987046,11.041555,201.52794,1.1357731,0.87747717,4.2869964,1040
11022-3702,1-368248,0.029182412,0.78,0.78,92.3,5.835354811787832,1,1,0,10.101,10.348,0.434,0.027649,49.426,0.2469999999999999,10.224,10.376,0.296,0.023963,49.471,0.15199999999999925,9.897460020705438,10.235001,65.91996,0.9310562,0.7794457,4.982188,1168
11750-3703,1-283580,0.023385841,0.831,0.831,80.6,3.7610277571409862,1,1,0,9.813,9.839,0.058,0.042829,86.749,0.0259999999999998,9.851,9.851,0.0,0.042083,86.749,0.0,9.577346826987402,9.914887,57.02035,0.97825265,0.370143,4.8529634,1168
10840-3702,1-214335,0.028147293,0.273,0.273,189.8,7.589831384307909,2,1,0,10.892,10.96,0.143,0.002907,52.534,0.06800000000000139,10.875,10.935,0.128,0.002954,84.745,0.0600000000000005,10.3672771257765,10.704818,189.37122,0.9781658,0.84654707,5.271839,1040
10845-1901,1-78239,0.030651486,0.244,0.244,193.7,6.219005238191933,1,1,0,10.871,10.937,0.139,0.035118,22.615,0.06599999999999895,10.83,10.927,0.2,0.034855,25.246,0.09699999999999953,10.152071907821972,10.489613,200.15219,1.7042071,0.9688848,2.6045866,1152
11009-12703,1-456645,0.019131178,0.216,0.216,107.3,4.182233653109164,1,1,0,10.043,10.154,0.225,0.024682,54.95,0.11100000000000065,10.094,10.151,0.123,0.023855,55.834,0.057000000000000384,9.636903236260766,9.974443,101.36516,1.1723661,0.66886806,3.9659903,1040
11025-3704,1-24139,0.02948984,0.747,0.747,111.7,4.816618785466025,3,1,2,10.212,10.375,0.312,0.02077,55.706,0.16300000000000026,10.2,10.379,0.338,0.020307,55.905,0.17900000000000027,10.039983365795509,10.377524,97.198746,1.0258276,0.69566154,4.3396797,4288
11751-12704,1-301330,0.022336463,0.092,0.092,188.8,17.557834271877464,1,1,0,11.175,11.332,0.303,0.013649,3.171,0.15700000000000003,11.23,11.428,0.366,0.013649,2.846,0.1980000000000004,10.684925842234462,11.022467,188.19289,0.91655844,0.80343014,20.471094,0
10837-12702,1-61633,0.08280073,0.074,0.074,269.7,5.903903691481902,1,1,0,11.73,12.057,0.529,0.025313,2.626,0.32699999999999996,11.591,11.813,0.398,0.025376,2.809,0.2220000000000013,11.011589937780606,11.349131,274.13544,0.92709386,0.87405646,8.353584,1040
11007-1902,1-457126,0.025180956,0.298,0.298,176.8,5.989429712152601,3,1,0,10.73,10.795,0.139,0.030801,29.003,0.0649999999999995,10.699,10.762,0.132,0.030584,31.163,0.06300000000000061,10.126280639894894,10.463821,183.47491,1.3347602,0.9571118,3.2560005,1040
11743-6104,1-458714,0.029141322,0.766,0.766,104.8,7.667871814868393,1,1,0,10.361,10.5,0.274,0.023669,63.246,0.13899999999999935,10.279,10.497,0.395,0.023754,63.274,0.21799999999999997,10.2028866009241,10.540427,78.79209,0.9124269,0.5756581,7.6094403,1552
10839-6104,1-53060,0.06883238,0.415,0.415,233.6,5.13741424854284,1,1,2,11.326,11.329,0.006,0.037551,61.05,0.0030000000000001137,11.315,11.316,0.0,0.041657,86.222,0.0010000000000012221,10.840877286189839,11.178418,228.8821,0.9696465,0.7191499,5.8888807,4608
10519-6102,1-586574,0.046005,0.827,0.827,129.2,7.039997570342944,3,1,0,10.938,10.938,0.0,0.025705,49.089,0.0,10.908,10.95,0.093,0.025394,49.137,0.041999999999999815,10.413145469910258,10.750686,81.26269,0.903736,0.694972,6.67909,0
10845-1902,1-60629,0.031993452,0.624,0.624,135.1,3.8381730099385027,3,1,0,10.396,10.487,0.187,0.023822,77.638,0.0909999999999993,10.434,10.488,0.116,0.028293,82.288,0.05400000000000027,10.229640151117378,10.567181,123.614,1.2903026,0.55957496,3.7464025,1216
11009-12704,1-623389,0.02413017,0.771,0.771,100.4,8.100267743147342,1,1,0,10.398,10.398,0.0,0.024217,74.223,0.0,10.334,10.386,0.112,0.024697,74.204,0.0519999999999996,10.055940218522814,10.393481,71.53059,0.95925546,0.40434292,9.403877,1552
11019-6104,1-152235,0.023860812,0.606,0.606,62.6,7.686271005523621,1,1,0,8.597,10.423,0.985,0.027469,32.283,1.8260000000000005,8.674,10.386,0.981,0.025225,32.696,1.7119999999999997,9.569316593008644,9.9068575,45.476147,0.9120891,0.85159075,6.1055818,1168
10843-12704,1-1033,0.012681201,0.737,0.737,71.9,7.088730685533189,1,1,0,9.11,9.592,0.67,0.064428,86.849,0.4820000000000011,9.168,9.592,0.623,0.069057,86.834,0.42400000000000126,8.811220562762477,9.148761,48.292065,0.88033557,0.19665423,12.24891,1168
11742-3702,1-122341,0.026180075,0.719,0.719,71.0,3.9812324490160838,1,1,2,9.617,9.845,0.408,0.039639,70.108,0.22799999999999976,9.794,9.87,0.162,0.039196,69.883,0.07599999999999874,9.440541223655162,9.778082,54.69025,0.8933138,0.55933297,4.0951138,4288
11021-6101,1-195623,0.03269505,0.106,0.106,205.7,10.214832199948793,1,1,0,11.13,11.234,0.211,0.014601,84.745,0.1039999999999992,11.17,11.241,0.149,0.017074,84.736,0.07099999999999973,10.706413037914057,11.043954,207.46512,0.9756367,0.83435166,7.29145,1040
10519-6103,1-182803,0.0458332,0.18,0.18,204.1,8.790320169509021,1,1,0,11.24,11.311,0.15,0.02325,21.232,0.07099999999999973,11.212,11.303,0.189,0.023404,22.331,0.09100000000000108,10.958126023685345,11.295667,206.77628,0.9783496,0.980719,5.47865,1040
10845-3701,1-55335,0.100966044,0.098,0.098,238.1,5.825695930966231,1,1,0,11.507,11.577,0.147,0.02239,59.575,0.07000000000000028,11.588,11.589,0.0,0.020704,59.575,0.0010000000000012221,11.09413327477829,11.431674,241.07721,0.962528,0.97481036,4.86265,1040
11019-9101,1-151950,0.03303608,0.411,0.411,241.4,9.48052483950654,1,1,0,11.274,11.323,0.104,0.014063,86.336,0.049000000000001265,11.26,11.32,0.126,0.018446,86.336,0.0600000000000005,10.827150248106662,11.164691,229.53409,0.96922207,0.66471606,7.6919737,1040
11025-6102,1-23938,0.026631687,0.623,0.623,138.6,4.100262222681271,1,1,0,10.402,10.443,0.089,0.028615,71.685,0.04100000000000037,10.402,10.441,0.084,0.029461,72.512,0.03900000000000148,10.119031225688275,10.456572,126.88934,1.1353611,0.60156506,4.000009,1168
11018-3702,1-576551,0.023416847,0.58,0.58,70.6,8.247640743595214,1,1,0,9.489,10.159,0.786,0.021978,68.922,0.6699999999999999,8.519,10.134,0.976,0.019627,68.922,1.6150000000000002,9.762303438360274,10.099844,59.024387,0.8613782,0.5848665,8.104578,1168
11748-12703,1-605714,0.02133327,0.826,0.826,95.8,8.182673512277931,3,1,0,10.091,10.182,0.189,0.027772,78.053,0.09100000000000108,10.017,10.179,0.311,0.026729,78.676,0.1620000000000008,9.76528874980032,10.102829,59.20127,0.85535944,0.2972139,11.715071,1040
10845-3702,1-60446,0.032925736,0.151,0.151,167.3,5.884905413377262,1,1,0,10.784,10.852,0.144,0.028273,39.256,0.06799999999999962,10.771,10.847,0.16,0.028288,48.731,0.07599999999999874,10.294384474105147,10.631925,169.36694,0.93383825,0.92686534,4.5627484,1168
11746-3704,1-218723,0.029980225,0.705,0.705,123.2,5.000245536694665,1,1,0,10.498,10.538,0.087,0.030876,60.029,0.040000000000000924,10.513,10.526,0.03,0.029072,59.788,0.0129999999999999,10.026665126214132,10.364205,107.66584,1.0273107,0.7038063,4.6595,1216
10518-1902,1-79052,0.0320303,0.704,0.704,125.8,4.1486306475903065,1,1,0,10.359,10.538,0.338,0.023111,52.23,0.17900000000000027,10.272,10.543,0.464,0.022597,50.962,0.270999999999999,10.043625526096857,10.381166,108.400955,1.7043935,0.748349,3.2465,1168
10837-3701,1-3050,0.06582478,0.811,0.811,188.7,6.534305025316364,1,1,0,11.297,11.297,0.0,0.03125,56.686,0.0,11.289,11.29,0.0,0.027329,56.251,0.0009999999999994458,10.888330656023628,11.225871,137.12479,1.002279,0.6712054,6.0094423,1040
11009-1902,1-522006,0.024296343,0.48,0.48,62.4,3.491685072966424,1,1,0,9.591,9.625,0.073,0.046071,58.557,0.034000000000000696,9.326,9.599,0.467,0.04777,59.214,0.2729999999999997,9.143219183002971,9.48076,56.7628,1.0263191,0.64126986,3.6216865,1168
11025-6104,1-23647,0.06618595,0.163,0.163,265.9,6.733255194966953,1,1,0,11.571,11.573,0.0,0.035993,69.345,0.002000000000000668,11.564,11.565,0.0,0.050358,86.222,0.0009999999999994458,11.03006160020162,11.367602,271.1779,0.9492931,0.6767674,6.5546746,1040
11751-3701,1-301265,0.020878298,0.63,0.63,79.2,3.9159749153550596,1,1,0,9.717,9.787,0.148,0.037392,70.097,0.07000000000000028,9.813,9.813,0.0,0.036304,86.636,0.0,9.355593490333264,9.693134,65.510216,1.1159642,0.46774763,4.328274,1168
11953-3704,1-283152,0.026161486,0.725,0.725,154.9,4.421730355555169,3,1,0,10.557,10.584,0.059,0.026538,78.395,0.026999999999999247,10.547,10.583,0.08,0.025247,78.454,0.03599999999999959,10.24689207417795,10.584433,136.75029,1.3421712,0.461098,4.983516,1040
11758-6104,1-195951,0.029086454,0.483,0.483,190.4,14.340960452828458,1,1,0,11.252,11.293,0.089,0.01989,45.847,0.04099999999999859,11.215,11.321,0.215,0.019061,44.66,0.10599999999999987,10.858018441314146,11.1955595,171.78496,0.9298799,0.7452109,13.46057,0
11757-6102,1-270181,0.044136122,0.43,0.43,265.8,9.97211874117204,3,1,0,11.478,11.496,0.038,0.02701,68.082,0.018000000000000682,11.463,11.502,0.083,0.030229,71.893,0.03900000000000148,10.841482732518537,11.179024,258.08127,1.0398989,0.6410991,6.0240555,1040
11830-1902,1-319447,0.024893008,0.634,0.634,74.1,3.862095623651088,1,1,0,9.744,9.776,0.072,0.047643,67.189,0.03200000000000003,9.695,9.772,0.161,0.047854,65.129,0.07699999999999996,9.735776892022951,10.073318,69.61961,1.1067878,0.70809776,3.582305,1168
11983-3704,1-23142,0.027575029,0.102,0.102,93.8,2.260191492257281,1,1,2,9.802,9.831,0.063,0.022536,80.043,0.028999999999999915,9.813,9.832,0.044,0.024514,80.032,0.019000000000000128,9.559282395762594,9.896823,96.27372,1.1589165,0.97005975,1.6889126,4096
12075-12704,1-34106,0.027124636,0.696,0.696,171.8,20.41957978672789,1,1,0,11.453,11.453,0.0,0.014482,56.241,0.0,11.299,11.509,0.384,0.021535,56.398,0.21000000000000085,10.933900480858915,11.271441,128.80255,0.8878181,0.5546536,24.07443,0
12510-9102,1-159093,0.036044568,0.718,0.718,132.3,7.569682520302231,1,1,0,10.784,10.824,0.088,0.021757,58.031,0.03999999999999915,10.727,10.826,0.203,0.021662,58.063,0.0990000000000002,10.325951319632972,10.663492,104.06545,0.9502243,0.68034816,6.9999743,1552
11025-12701,1-23485,0.081182525,0.841,0.841,192.2,8.936869078003413,3,1,0,11.583,11.583,0.0,0.028619,53.369,0.0,11.578,11.587,0.019,0.028437,53.234,0.009000000000000341,10.907383431731413,11.244924,131.89493,0.9203706,0.6670929,8.400089,1040
11012-3701,1-245531,0.08030923,0.471,0.471,241.0,6.023375585202779,1,1,0,11.483,11.509,0.056,0.038251,56.158,0.0259999999999998,11.448,11.509,0.128,0.039489,56.181,0.06099999999999994,11.01863268685843,11.3561735,237.38422,0.91230774,0.83412695,5.0828424,1024
10846-12703,1-586486,0.03370003,0.175,0.175,165.1,9.965442486066467,1,1,0,11.011,11.048,0.08,0.030603,23.714,0.03700000000000081,11.006,11.048,0.091,0.030743,23.261,0.041999999999999815,10.527001059078778,10.864542,168.5294,0.8794632,0.90625,8.397499,1040
11011-6103,1-197366,0.07166129,0.073,0.073,175.3,7.804426682513881,1,1,0,11.182,11.289,0.217,0.024036,39.215,0.10699999999999932,11.465,11.687,0.401,0.023322,2.649,0.22199999999999953,10.977512075227581,11.315053,178.8101,0.88948715,0.8991481,6.4675245,1040
10519-9102,1-182705,0.0324296,0.767,0.767,155.8,7.544196185416298,3,1,0,10.862,10.899,0.079,0.021744,56.506,0.036999999999999034,10.837,10.904,0.142,0.020877,56.399,0.06700000000000017,10.466498387241378,10.804039,125.0628,0.9641372,0.665462,6.87545,1040
11751-3702,1-585658,0.019985786,0.168,0.168,64.6,7.205002418763694,1,1,0,9.779,9.779,0.0,0.023229,85.23,0.0,9.779,9.779,0.0,0.02456,85.23,0.0,9.321708885028846,9.659249,63.588367,0.9109478,0.8481489,5.28861,1552
10520-12701,1-79367,0.0228391,0.78,0.78,97.7,7.652953399201889,1,1,0,10.097,10.264,0.318,0.026477,73.373,0.16699999999999982,9.903,10.243,0.542,0.026437,75.72,0.33999999999999986,9.693878134449328,10.031419,65.0613,0.9338934,0.417436,9.49437,1040
10840-6104,1-214658,0.09459302,0.1,0.1,307.8,6.441742309817044,1,1,0,11.739,11.805,0.139,0.039908,18.268,0.06599999999999895,11.801,11.802,0.0,0.032176,18.281,0.0009999999999994458,11.20488472582863,11.542425,311.10168,0.9393003,0.8171746,5.5008187,1040
10845-6101,1-60334,0.027746605,0.834,0.834,72.2,5.136264053469534,1,1,2,8.415,9.96,0.971,0.023092,73.401,1.5450000000000017,10.026,10.051,0.056,0.02293,75.132,0.025000000000000355,9.653466694669888,9.991007,45.30313,0.96602404,0.58990014,6.094013,4224
11746-6103,1-218808,0.04761514,0.131,0.131,279.5,8.01480452747332,1,1,0,11.498,11.563,0.136,0.032496,4.296,0.06500000000000128,11.538,11.627,0.182,0.032545,3.25,0.08900000000000041,10.89773768486578,11.235278,284.05948,0.8994157,0.8612466,5.967985,1040
8561-3702,1-633494,0.0683574,0.081,0.081,162.6,5.708414506631728,1,1,0,10.977,11.115,0.273,0.013275,38.715,0.1379999999999999,10.974,11.116,0.278,0.01326,38.201,0.14199999999999946,11.005678035320845,11.343219,164.07515,0.9195005,0.942557,4.50231,1040
8561-3703,1-92345,0.0299286,0.758,0.758,72.4,4.052393879188306,1,1,2,9.81,9.944,0.265,0.03936,60.196,0.13400000000000034,9.961,9.961,0.0,0.03837,64.631,0.0,9.622439921716238,9.959981,57.943554,0.9394808,0.623194,4.05941,4096
8561-6101,1-91430,0.0664644,0.335,0.335,258.9,6.8257582959132295,1,1,0,11.492,11.535,0.093,0.031815,85.112,0.04299999999999926,11.472,11.533,0.129,0.031138,85.847,0.06099999999999994,10.986276714727323,11.323817,255.26398,0.9993135,0.773514,5.34725,1040
8562-12702,1-92953,0.012983,0.59,0.59,67.0,7.086987617441133,1,1,2,9.54,9.629,0.184,0.030904,83.863,0.08900000000000041,9.464,9.607,0.279,0.031192,83.863,0.1429999999999989,8.948162978888927,9.285704,56.47624,0.8713721,0.328195,8.96804,4112
8562-12704,1-92863,0.0472693,0.207,0.207,105.3,12.039911181167563,1,1,2,11.627,11.628,0.0,0.040845,2.566,0.0009999999999994458,11.643,11.643,0.0,0.039884,2.566,0.0,10.53434599467725,10.871886,130.78964,0.9413936,0.841971,12.1038,4160
8562-12705,1-542464,0.0537406,0.765,0.765,220.9,9.050532415214006,3,1,0,11.371,11.432,0.13,0.024334,62.005,0.06099999999999994,11.363,11.436,0.153,0.024255,61.804,0.0730000000000004,10.8331324438632,11.170673,192.76656,0.9108448,0.63396,8.73122,1040
8562-1902,1-633753,0.0294232,0.592,0.592,150.8,4.1260549000643465,1,1,0,10.474,10.528,0.116,0.021134,48.779,0.05400000000000027,10.461,10.524,0.136,0.020902,49.733,0.06299999999999883,10.31161825526818,10.6491585,148.53227,1.6737764,0.847231,2.95617,1040
8562-3704,1-92908,0.0473438,0.217,0.217,211.4,8.218688189938273,1,1,0,11.171,11.195,0.053,0.035454,86.698,0.02400000000000091,11.164,11.197,0.072,0.038404,86.698,0.032999999999999474,10.707342750626136,11.044884,216.44292,1.1347356,0.804927,4.37835,1040
8562-6101,31-2,0.0416875,0.735,0.735,112.2,5.9555968228995,3,1,0,10.547,10.665,0.239,0.025496,57.173,0.11799999999999855,10.387,10.661,0.467,0.024486,57.117,0.27399999999999913,,-9999.0,102.94451,1.4511735,-9999.0,-9999.0,16384
8562-6102,1-93082,0.033594,0.772,0.772,135.2,5.31288274455767,3,1,2,10.55,10.585,0.078,0.029026,72.088,0.03500000000000014,10.539,10.584,0.099,0.028937,72.116,0.04499999999999993,10.249491865725265,10.587032,112.300446,1.0238504,0.533964,5.47121,4288
8562-9102,1-443149,0.0342002,0.692,0.692,121.7,8.85811248487685,1,1,0,10.826,10.898,0.154,0.018542,41.705,0.07199999999999918,10.833,10.886,0.116,0.018108,41.759,0.05299999999999905,10.517724913272785,10.855266,104.29558,0.95452726,0.79473,7.74195,1040
8563-12701,1-92665,0.0241639,0.843,0.843,98.6,8.43694012718285,3,1,0,10.434,10.434,0.0,0.022251,62.984,0.0,10.438,10.439,0.001,0.021761,62.794,0.0009999999999994458,9.995006108899279,10.332547,59.276264,0.9400004,0.558743,8.39497,1040
8563-12705,1-92763,0.0423376,0.814,0.814,124.4,13.85359644325469,1,1,0,10.557,11.274,0.808,0.010208,41.103,0.7169999999999987,10.31,11.277,0.892,0.010076,41.103,0.9669999999999987,10.754127309221042,11.091668,83.09403,0.9344247,0.746342,12.3086,1040
8563-3703,1-542421,0.0543767,0.676,0.676,221.0,5.267965035924961,3,1,0,11.243,11.243,0.0,0.034056,59.908,0.0,11.242,11.252,0.02,0.033144,61.287,0.009999999999999787,10.805252716098725,11.142794,195.79872,1.1005839,0.684073,4.68398,1040
8563-6104,1-92045,0.0296828,0.869,0.869,119.4,6.009076216440827,3,1,0,10.337,10.521,0.346,0.028399,59.686,0.18400000000000105,10.291,10.525,0.416,0.027443,59.878,0.23399999999999999,10.127503258959544,10.465044,71.70634,0.9695035,0.546926,6.3233,1168
8563-9102,1-92669,0.0205564,0.706,0.706,62.7,5.586963220972794,1,1,0,8.204,9.61,0.961,0.043328,86.789,1.4059999999999988,9.698,9.727,0.065,0.042008,86.789,0.028999999999999915,9.184228504440132,9.52177,43.374943,0.89805007,0.296432,8.27948,1168
8564-12701,1-209684,0.020891,0.811,0.811,84.2,7.172744228220495,3,1,0,9.976,10.028,0.113,0.029106,81.496,0.0519999999999996,9.823,10.003,0.34,0.028917,81.783,0.17999999999999972,9.703342974397982,10.040884,53.404385,0.93122685,0.254799,10.9174,1552
8564-12702,1-133979,0.0191812,0.803,0.803,77.4,6.7138319173018095,1,1,0,9.455,9.852,0.598,0.032364,77.866,0.39700000000000024,9.929,9.929,0.0,0.032999,80.803,0.0,9.514805331091024,9.852345,50.176426,0.8801259,0.347979,8.83994,1552
8564-12703,1-92670,0.020617,0.839,0.839,73.8,7.360703528847226,1,1,0,9.588,9.928,0.543,0.029814,82.311,0.34000000000000163,9.898,9.975,0.163,0.029982,83.616,0.07699999999999996,9.718113723042118,10.055655,44.955135,0.9212582,0.271512,11.0351,1552
8564-12704,1-134195,0.042842,0.45,0.45,128.3,11.497377646216762,1,1,0,10.716,10.717,0.0,0.028017,80.043,0.0010000000000012221,10.789,10.789,0.0,0.027741,24.076,0.0,10.75107191766347,11.088613,136.26884,0.92781115,0.841292,8.92128,1040
8564-12705,1-133926,0.0201578,0.715,0.715,97.9,9.93903243176243,1,1,2,10.311,10.311,0.0,0.02121,81.683,0.0,10.305,10.305,0.0,0.021068,82.249,0.0,10.128754572690688,10.466295,80.4813,0.92438334,0.383462,12.7806,4160
8564-1902,1-133936,0.0193968,0.777,0.777,42.2,2.6893495452297302,1,1,0,7.474,9.202,0.981,0.056644,56.158,1.7279999999999998,7.89,9.204,0.951,0.055576,57.751,1.314000000000001,8.905071812637996,9.242613,33.685143,0.97313964,0.645074,2.68682,1168
8564-3704,1-594098,0.0198871,0.258,0.258,283.7,12.253780029321423,1,1,0,11.286,11.29,0.0,0.025703,67.961,0.0039999999999995595,11.285,11.29,0.002,0.022112,67.684,0.004999999999999005,10.830682958727644,11.168223,276.83295,1.0505236,0.821918,9.99794,0
8564-6102,1-133972,0.0204966,0.61,0.61,58.2,5.462959985613782,1,1,0,8.167,9.711,0.971,0.052347,67.653,1.5440000000000005,9.814,9.814,0.0,0.048003,60.849,0.0,9.117264665155044,9.454805,46.505123,0.92431283,0.667877,5.45943,1168
8565-12703,1-92688,0.0244266,0.648,0.648,71.6,5.616363149735468,1,1,2,8.889,9.743,0.86,0.046835,86.838,0.854000000000001,9.345,9.757,0.613,0.048922,86.838,0.41199999999999903,9.192313715569885,9.529855,54.544384,0.8835537,0.254402,8.94922,4224
8565-3701,1-134259,0.0284313,0.8,0.8,110.2,4.198702435290277,3,1,2,10.204,10.238,0.075,0.03599,78.131,0.03399999999999892,10.248,10.248,0.0,0.035582,78.173,0.0,9.904583560276725,10.242125,79.07797,0.9976214,0.423147,5.17091,4288
8565-3703,1-92735,0.0450913,0.097,0.097,67.1,2.9389231706280694,1,1,0,9.689,9.689,0.0,0.039253,80.043,0.0,9.69,9.69,0.0,0.039117,80.043,0.0,10.131557717715722,10.469098,69.68997,1.6772014,0.918095,2.40395,0
8565-9101,1-92681,0.0200351,0.621,0.621,56.2,6.253178787096248,1,1,0,8.813,9.588,0.832,0.04026,74.911,0.7749999999999986,9.476,9.639,0.313,0.04334,79.216,0.16299999999999848,9.163796245357673,9.501337,42.482143,0.8430321,0.389902,7.00992,1168
11830-3701,1-233983,0.057054013,0.211,0.211,190.8,8.951480571262447,1,1,0,11.255,11.321,0.14,0.035818,39.215,0.06599999999999895,11.348,11.462,0.23,0.035845,3.075,0.11399999999999899,10.83704055349543,11.174582,192.8021,0.9631684,0.956475,6.6730795,1040
8328-6103,1-235033,0.0616053,0.442,0.442,266.9,6.461466312164979,1,1,0,11.514,11.516,0.0,0.042948,43.589,0.002000000000000668,11.474,11.48,0.01,0.043024,84.745,0.006000000000000227,10.896684364473808,11.234225,264.60764,0.9297764,0.78089,6.63578,1040
11831-6102,1-152263,0.02824663,0.776,0.776,89.9,8.633158857325737,3,1,0,10.178,10.414,0.42,0.026203,72.108,0.23599999999999888,10.117,10.413,0.493,0.026626,73.754,0.2959999999999994,10.10902532128061,10.446566,61.339813,0.9282963,0.39999142,10.218941,1168
11836-12702,1-1335,0.02187334,0.801,0.801,74.6,6.5502079358463785,1,1,0,9.608,9.98,0.576,0.038407,74.646,0.3719999999999999,9.761,10.003,0.428,0.036789,75.597,0.24200000000000088,9.331138723849529,9.668679,44.777824,0.8406896,0.38690296,8.576956,1168
11939-3703,1-456735,0.016175142,0.489,0.489,72.6,3.9148102048434885,1,1,2,9.664,9.767,0.212,0.028106,41.993,0.10299999999999976,9.657,9.764,0.218,0.02807,42.001,0.10699999999999932,9.456059565190886,9.7936,68.37565,0.96925485,0.9239047,3.9650445,4160
12069-3701,1-551031,0.08980753,0.133,0.133,254.0,5.46994723883429,1,1,0,11.503,11.538,0.076,0.041115,60.0,0.03500000000000014,11.524,11.548,0.051,0.040985,39.013,0.02400000000000091,11.070317720796005,11.407858,259.0391,0.9970503,0.9717391,4.587128,1040
12083-9102,1-562230,0.023000408,0.666,0.666,62.8,10.247594077981905,1,1,0,10.243,10.423,0.339,0.019659,32.081,0.17999999999999972,10.182,10.426,0.43,0.019671,32.188,0.24399999999999977,10.000179760707608,10.33772,47.69044,0.8763494,0.8884644,9.333614,1040
10216-6102,1-297871,0.0440461,0.871,0.871,122.5,8.869607567187016,1,1,0,9.056,10.938,0.987,0.017587,62.716,1.8820000000000014,9.227,10.95,0.981,0.017511,62.716,1.722999999999999,10.450107400478048,10.787648,72.83655,0.87946534,0.66097,8.06286,0
11953-3702,1-258885,0.05795732,0.532,0.532,176.8,4.985112258234873,1,1,2,11.055,11.074,0.04,0.031531,53.895,0.019000000000000128,11.068,11.069,0.0,0.031247,54.948,0.0010000000000012221,10.721510972287215,11.0590515,171.90381,1.2220826,0.8076237,3.674099,4096
11824-12704,1-83451,0.034714878,0.066,0.066,223.4,11.664861347500283,1,1,0,11.341,11.517,0.333,0.012611,2.971,0.17600000000000016,11.371,11.562,0.355,0.012614,2.851,0.19099999999999895,10.73716257512287,11.074703,228.1017,0.9272851,0.7261009,8.577113,1040
11835-6104,1-559745,0.026856858,0.703,0.703,87.7,4.739445184212409,1,1,2,9.964,10.107,0.281,0.046436,86.843,0.1429999999999989,9.993,10.111,0.238,0.047993,86.843,0.11800000000000033,9.603789194631505,9.94133,68.18299,0.9571331,0.42424372,6.7810507,4288
11978-3703,1-273120,0.03628482,0.433,0.433,207.1,5.388584315755021,1,1,0,10.931,11.077,0.285,0.01133,42.094,0.1460000000000008,10.917,11.052,0.267,0.011273,47.738,0.1349999999999998,10.508259766517918,10.8458,203.59187,1.1456547,0.8873206,3.9594405,1168
11830-6103,1-319440,0.02970885,0.151,0.151,129.4,9.29635252744977,3,1,0,10.697,10.706,0.019,0.031872,6.542,0.009000000000000341,10.677,10.844,0.319,0.031349,6.517,0.16699999999999982,10.540169419674424,10.87771,137.0695,0.9023209,0.8849504,6.7104554,1040
11941-6102,1-135549,0.028752996,0.757,0.757,90.2,7.954133107270561,1,1,0,10.251,10.416,0.317,0.030128,50.689,0.16500000000000092,10.105,10.426,0.522,0.029206,50.222,0.32099999999999973,10.06211668274848,10.399657,76.706116,0.9561188,0.66361827,6.4489293,1152
11956-1901,1-151418,0.030209841,0.381,0.381,169.0,1.95119228151546,1,1,2,10.308,10.323,0.03,0.052793,86.222,0.015000000000000568,10.325,10.326,0.0,0.051576,86.222,0.0010000000000012221,9.719193185905263,10.056734,166.62143,1.1769571,0.73005646,1.585148,4608
8569-12703,1-39524,0.0168824,0.68,0.68,77.6,7.313610986208822,1,1,0,9.789,9.902,0.23,0.040285,85.008,0.11299999999999955,9.475,9.852,0.581,0.040021,85.361,0.37700000000000067,9.236038191158983,9.573579,58.32357,0.8875612,0.383661,8.67765,1552
8569-12705,1-39446,0.0148421,0.569,0.569,81.4,23.02748302738642,1,1,0,10.753,10.866,0.23,0.013328,31.666,0.11299999999999955,10.262,10.882,0.76,0.014305,32.139,0.6199999999999992,10.493123313116016,10.830664,66.87233,0.90911365,0.916422,20.0178,0
8569-6104,1-39196,0.0174239,0.758,0.758,84.6,5.5307001538919325,1,1,0,9.719,9.943,0.403,0.035018,80.829,0.2240000000000002,9.987,9.997,0.022,0.032936,80.829,0.009999999999999787,9.426413656131688,9.763954,63.26607,0.9748239,0.489193,5.72121,1088
8569-9101,1-601156,0.0175645,0.678,0.678,72.2,5.5361677509368326,1,1,0,9.813,9.819,0.014,0.031653,78.79,0.006000000000000227,9.799,9.816,0.037,0.031649,78.773,0.017000000000001236,9.228723649128241,9.566264,57.083008,0.9557458,0.358991,6.84924,1024
8570-1902,1-41493,0.0340731,0.396,0.396,188.4,5.27399389361585,1,1,0,10.848,10.898,0.106,0.029497,67.22,0.049999999999998934,10.843,10.888,0.095,0.036994,86.222,0.04499999999999993,10.42794677512661,10.765488,188.05943,1.1745088,0.787934,3.76615,1040
8570-3701,1-41420,0.0216233,0.288,0.288,62.9,5.174331126707752,1,1,0,10.447,10.806,0.563,0.029339,2.566,0.359,10.445,10.805,0.564,0.029339,2.566,0.35999999999999943,9.784007854573007,10.121549,64.37949,0.9797702,0.835842,4.55748,1040
8570-3704,1-41289,0.0619818,0.355,0.355,247.0,5.701454864610083,1,1,0,11.316,11.408,0.189,0.016682,59.387,0.09199999999999875,11.297,11.41,0.228,0.016657,57.086,0.11299999999999955,10.853193674946334,11.190734,242.23505,1.0240747,0.793568,4.78256,1040
8570-6101,1-558675,0.115396,0.495,0.495,203.9,5.042989203759971,1,1,2,11.408,11.408,0.0,0.066518,52.233,0.0,11.407,11.407,0.001,0.066212,52.734,0.0,11.136470062339166,11.47401,208.97261,1.0253407,0.806188,6.46554,4160
8570-6102,1-41416,0.0238894,0.714,0.714,72.2,7.466423064892889,1,1,0,9.543,10.098,0.722,0.026147,69.219,0.5550000000000015,9.87,10.124,0.442,0.026055,66.867,0.25400000000000134,9.64045062780226,9.977991,51.50618,0.8950624,0.638637,7.12531,1168
8570-6104,1-602390,0.0439355,0.648,0.648,135.1,6.6070895402296435,3,1,2,10.854,10.92,0.142,0.027699,42.382,0.06600000000000072,10.89,10.897,0.014,0.027121,42.888,0.006999999999999673,10.541609194257402,10.879149,120.50644,0.9233406,0.836342,5.56514,4672
11017-3704,1-319646,0.02890861,0.639,0.639,131.9,3.717581375740673,1,1,2,10.378,10.406,0.061,0.034124,85.365,0.02800000000000047,10.373,10.405,0.07,0.034085,85.442,0.03200000000000003,9.958698068562569,10.296239,118.74399,1.0640385,0.46455252,4.087705,4288
10838-6104,1-389476,0.03875281,0.1,0.1,243.3,15.495069756036353,1,1,0,11.489,11.571,0.169,0.015718,24.413,0.08199999999999896,11.532,11.618,0.179,0.015603,16.331,0.0860000000000003,11.1974440977979,11.534985,242.96077,0.8960495,0.97341734,13.737113,0
10841-9102,1-77639,0.06241357,0.057,0.057,260.2,9.310536833571787,1,1,0,11.542,11.645,0.21,0.019924,39.215,0.10299999999999976,11.669,11.67,0.0,0.01799,5.43,0.0009999999999994458,11.03996692748191,11.377507,266.51184,0.9139489,0.86611205,7.63062,1040
11018-3701,1-233399,0.030861812,0.823,0.823,115.3,5.7375623059193686,1,1,2,10.333,10.466,0.264,0.030326,77.866,0.13299999999999912,10.435,10.485,0.109,0.027899,77.866,0.049999999999998934,10.032113105742624,10.369654,82.88598,0.9368457,0.4063084,6.6517,4288
11014-1902,1-456921,0.020117462,0.305,0.305,145.1,2.9015866584335743,1,1,0,10.196,10.197,0.0,0.042595,86.636,0.0009999999999994458,10.187,10.188,0.0,0.093203,86.636,0.0010000000000012221,9.68690355512057,10.024445,149.2219,1.5027937,0.7193913,2.4824274,1040
11020-12704,1-244469,0.066576764,0.106,0.106,227.9,9.52071745363561,1,1,0,11.498,11.557,0.125,0.030931,66.556,0.05900000000000105,11.496,11.553,0.121,0.034777,84.745,0.057000000000000384,11.058023660174314,11.395564,234.77031,0.90561086,0.85935646,8.663353,1040
8589-12703,1-89292,0.0296136,0.797,0.797,89.0,7.548256929769181,1,1,2,10.094,10.21,0.234,0.03734,81.386,0.11600000000000144,10.036,10.205,0.323,0.036952,82.032,0.16900000000000048,9.734493395932281,10.072034,57.306297,0.879521,0.198923,13.4699,4672
8589-3701,1-131242,0.0291334,0.683,0.683,145.4,4.140775659196723,1,1,0,10.269,10.454,0.346,0.024681,78.066,0.1850000000000005,10.22,10.449,0.41,0.024016,79.176,0.2289999999999992,10.100222308212828,10.437763,128.60658,1.0979277,0.484028,4.7934,1216
8589-3703,1-631889,0.0416022,0.143,0.143,202.9,10.836168248283279,1,1,0,11.231,11.246,0.032,0.030191,80.043,0.015000000000000568,11.23,11.245,0.033,0.030379,80.043,0.014999999999998792,10.774800077226558,11.112341,208.7388,0.9708554,0.941283,5.29281,1040
8589-3704,1-131378,0.0105539,0.605,0.605,71.2,4.800226055068189,1,1,2,9.502,9.601,0.202,0.027869,51.307,0.0990000000000002,9.529,9.586,0.122,0.028221,56.694,0.057000000000000384,9.241531539015606,9.579072,64.39168,1.2042725,0.740861,3.79156,4096
8589-6102,1-593604,0.0295738,0.415,0.415,173.1,8.160931738220942,1,1,0,10.935,10.936,0.0,0.025011,31.525,0.0009999999999994458,10.947,10.948,0.0,0.022224,31.621,0.0010000000000012221,10.52530141869465,10.862842,179.6533,0.9824973,0.928503,5.65822,1040
8589-6104,1-131286,0.0292226,0.15,0.15,161.2,8.812487387744126,1,1,0,10.938,11.0,0.133,0.026991,21.471,0.06199999999999939,10.963,11.0,0.08,0.026723,21.193,0.03700000000000081,10.408765550624734,10.746306,164.8317,0.9224668,0.948337,6.11511,1040
11830-6104,1-319474,0.031565033,0.747,0.747,94.9,6.840511144074259,1,1,0,10.29,10.392,0.208,0.035332,54.648,0.10200000000000031,10.279,10.419,0.275,0.034927,54.654,0.14000000000000057,10.15495609141924,10.4924965,77.84568,0.95941883,0.75227714,6.571553,1168
11872-3703,1-189522,0.029677473,0.598,0.598,191.9,4.727002777960996,1,1,0,10.772,10.789,0.037,0.03477,81.482,0.01699999999999946,10.767,10.784,0.037,0.044355,86.357,0.017000000000001236,10.098802257621186,10.436343,179.2754,1.1321009,0.65369904,4.160576,1152
11833-6104,1-176142,0.030260297,0.839,0.839,127.7,5.046731342770425,1,1,2,10.399,10.45,0.111,0.033842,73.316,0.051000000000000156,10.285,10.427,0.279,0.034037,72.477,0.14199999999999946,10.08252227328767,10.420063,99.57789,0.9982788,0.49855012,5.4970713,4288
11831-9102,1-195260,0.030546773,0.759,0.759,80.1,5.785031177108559,1,1,2,9.266,10.118,0.859,0.024844,68.922,0.8520000000000003,9.776,10.143,0.571,0.024825,68.922,0.3670000000000009,9.411308804821925,9.74885,54.97825,0.9188088,0.4477824,7.504146,4672
11827-3704,1-320681,0.027873894,0.569,0.569,187.8,4.056624283639184,3,1,0,10.745,10.752,0.014,0.031257,45.896,0.0070000000000014495,10.734,10.751,0.036,0.031619,46.47,0.01699999999999946,10.184378626167437,10.521919,185.14981,1.45545,0.85980785,3.1079438,1040
11957-1901,1-151330,0.030941848,0.521,0.521,76.8,1.8504052431930418,1,1,2,9.713,9.786,0.154,0.059417,41.103,0.0730000000000004,9.771,9.808,0.082,0.058931,41.103,0.036999999999999034,9.604844018311953,9.942385,74.50897,0.9918357,0.8780768,1.6024344,4608
11980-6104,1-272985,0.047267873,0.559,0.559,217.3,6.360002435318228,3,1,0,11.227,11.26,0.072,0.0284,60.681,0.032999999999999474,11.194,11.25,0.119,0.029075,62.892,0.05599999999999916,10.808445226130681,11.145986,207.50009,0.97196305,0.66740537,5.64848,1040
12071-6102,1-28646,0.025758598,0.673,0.673,73.3,5.454033279481803,1,1,2,9.894,10.025,0.26,0.036171,60.24,0.13100000000000023,10.038,10.038,0.0,0.036368,61.772,0.0,9.622210581764882,9.959751,58.296818,0.90864885,0.5302809,5.6580544,4240
12506-12704,1-83054,0.025520226,0.18,0.18,128.4,2.799738241816906,1,1,0,10.175,10.193,0.039,0.051723,25.94,0.017999999999998906,10.141,10.185,0.094,0.052084,25.898,0.04400000000000048,9.582235398126187,9.919776,131.7635,1.078841,0.9670092,1.9747472,1168
12484-1902,1-409435,0.02514483,0.521,0.521,89.7,4.225963959801049,1,1,0,10.203,10.218,0.032,0.036828,25.731,0.015000000000000568,10.17,10.218,0.104,0.036928,26.411,0.04800000000000004,9.957884821229909,10.295425,88.31545,1.5194278,0.9343422,2.5955398,1552
12066-12702,1-26071,0.015834281,0.832,0.832,77.2,6.968480680312777,1,1,2,9.775,9.844,0.145,0.034637,83.863,0.06899999999999906,9.587,9.813,0.406,0.034319,83.867,0.22600000000000087,9.422683516554393,9.760224,46.746223,0.9432038,0.22797413,10.532824,4160
12067-6101,1-26458,0.04554295,0.701,0.701,100.5,7.793156516220271,1,1,0,10.626,10.756,0.26,0.02488,49.995,0.13000000000000078,10.606,10.762,0.301,0.024874,49.881,0.15600000000000058,10.113796836725559,10.451338,74.63745,0.90845144,0.6839509,7.945312,0
11942-6103,1-210399,0.032990374,0.766,0.766,111.7,4.707595815721714,1,1,2,10.431,10.431,0.0,0.050713,82.917,0.0,10.429,10.43,0.001,0.050592,84.395,0.0009999999999994458,9.925178141028326,10.262719,86.27397,0.89242065,0.39992622,5.724733,4672
8593-12701,1-576340,0.0369205,0.733,0.733,125.6,8.744625607026288,3,1,0,10.846,10.874,0.063,0.019432,49.258,0.02800000000000047,10.874,10.874,0.0,0.018591,49.313,0.0,10.617488909752348,10.9550295,99.2849,0.98153293,0.74914,7.55755,1040
8593-12704,1-208529,0.0341904,0.698,0.698,75.4,11.758166104953798,1,1,2,10.214,10.789,0.734,0.015478,36.616,0.5749999999999993,10.018,10.805,0.836,0.015295,36.619,0.786999999999999,10.237717119728433,10.575257,57.239662,0.87777346,0.874014,9.53665,4240
8593-12705,1-631871,0.0459164,0.826,0.826,187.9,6.884348761771873,3,1,0,10.977,11.054,0.162,0.022186,74.911,0.07699999999999996,11.003,11.062,0.127,0.021867,74.933,0.058999999999999275,10.693037156729453,11.030578,150.62703,0.95695937,0.458706,7.84594,1040
8593-1902,1-208684,0.0285994,0.641,0.641,88.5,2.7894350379685133,1,1,2,9.863,9.979,0.235,0.038738,49.366,0.11599999999999966,9.816,9.967,0.294,0.039115,51.579,0.1509999999999998,9.589023086409304,9.926563,84.42646,1.0504125,0.824111,2.39007,4096
8593-3701,1-208269,0.133862,0.074,0.074,279.7,5.433582519300873,1,1,0,11.669,11.831,0.309,0.036186,25.324,0.16199999999999903,11.732,11.793,0.128,0.036057,80.043,0.06099999999999994,11.264619512867473,11.60216,285.04007,1.0052786,0.963138,3.93273,1024
8593-3702,1-208443,0.0294891,0.052,0.052,182.3,7.064545180414013,1,1,0,10.904,10.905,0.0,0.027156,23.186,0.0009999999999994458,10.903,10.904,0.0,0.026496,24.055,0.0009999999999994458,10.547046991114659,10.884587,190.4893,1.1161971,0.978752,4.71346,1040
8593-6103,1-631803,0.0379096,0.165,0.165,302.4,9.278446731895162,2,1,0,11.478,11.521,0.089,0.020823,85.08,0.04300000000000104,11.484,11.52,0.074,0.045882,85.847,0.03599999999999959,10.81474554983195,11.152287,311.34912,0.9921036,0.769811,5.84425,1040
11832-9101,1-151202,0.04405376,0.67,0.67,165.7,7.998742314783179,3,1,2,11.1,11.101,0.0,0.032111,64.102,0.0010000000000012221,11.1,11.1,0.0,0.031473,63.905,0.0,10.556872427681771,10.894413,150.20006,0.8473544,0.64243495,7.527336,4288
11946-3703,1-95058,0.02911655,0.261,0.261,84.4,5.47491286802601,1,1,0,9.932,9.932,0.0,0.030703,28.886,0.0,9.961,9.962,0.0,0.032597,27.739,0.0009999999999994458,10.169662180787238,10.507203,113.05766,0.9719305,0.8958311,5.2837014,1552
11977-1902,1-326031,0.04702727,0.65,0.65,125.8,4.607058312612563,3,1,0,10.72,10.761,0.09,0.038567,45.747,0.04099999999999859,10.679,10.764,0.178,0.036915,46.167,0.08499999999999908,10.289984052087656,10.627524,115.08987,0.99217474,0.70026433,4.2689366,0
11943-1901,1-211040,0.025447326,0.514,0.514,145.3,3.606688071325731,1,1,0,10.317,10.378,0.129,0.038484,57.503,0.06099999999999994,10.267,10.374,0.218,0.039337,60.334,0.1070000000000011,9.86993146729131,10.207472,144.71204,1.1595733,0.67842394,2.9708278,1168
11982-3701,1-96299,0.035910875,0.228,0.228,166.8,7.364798014163183,1,1,0,10.915,10.916,0.0,0.031782,85.581,0.0010000000000012221,10.916,10.916,0.0,0.0374,85.581,0.0,10.498302667481692,10.835843,167.27171,0.9717554,0.7153573,6.8266172,1040
8596-12702,1-247082,0.0383337,0.793,0.793,162.7,9.965145841231845,3,1,0,11.022,11.06,0.084,0.026337,59.664,0.038000000000000256,11.056,11.057,0.0,0.019744,59.56,0.0010000000000012221,10.625520286259432,10.963061,132.25699,0.8784455,0.701373,9.25536,1040
8596-12704,1-208985,0.0371548,0.744,0.744,119.9,10.487270847772852,1,1,0,10.901,11.107,0.377,0.020666,36.715,0.20599999999999952,10.888,11.108,0.398,0.020786,36.762,0.22000000000000064,10.35881397437208,10.696355,94.74055,0.9226892,0.752051,8.90777,1040
8596-3704,1-247300,0.0737797,0.309,0.309,196.0,5.7768958299438005,1,1,2,11.332,11.332,0.0,0.036082,38.351,0.0,11.309,11.309,0.0,0.035667,41.081,0.0,10.86137547898639,11.198916,201.21214,1.1279033,0.849512,4.04065,4096
8596-6101,1-247329,0.0366042,0.679,0.679,169.6,7.036962288382889,1,1,0,10.901,10.988,0.181,0.020829,45.676,0.08699999999999974,10.899,10.988,0.184,0.021464,45.97,0.08900000000000041,10.5137621249484,10.851303,153.59975,1.0838712,0.65967,5.58126,1040
8596-6104,1-632632,0.0373979,0.53,0.53,154.3,6.874623140833278,1,1,0,10.81,10.81,0.0,0.032512,60.429,0.0,10.816,10.817,0.0,0.031047,60.906,0.0009999999999994458,10.42006472126487,10.757606,147.69286,0.95594394,0.591483,6.69852,1040
8596-9101,1-208898,0.0390245,0.778,0.778,87.6,7.528920616779975,1,1,2,9.403,10.929,0.97,0.019506,32.054,1.5259999999999998,9.589,10.924,0.954,0.019352,32.106,1.334999999999999,10.053289774327471,10.39083,57.365547,0.83656955,0.882279,7.11616,4672
8596-9102,1-247339,0.0362296,0.516,0.516,218.2,6.774453743371044,1,1,0,11.048,11.083,0.077,0.025918,67.702,0.03500000000000014,11.045,11.077,0.068,0.03501,86.222,0.03200000000000003,10.54435334413586,10.881894,205.77444,0.9683864,0.659556,6.20909,1040
12483-3702,1-400847,0.024733854,0.391,0.391,99.4,5.0980854913914255,1,1,0,10.221,10.247,0.057,0.040331,26.989,0.0259999999999998,10.143,10.176,0.073,0.039367,29.298,0.032999999999999474,9.952265159744494,10.289805,101.63188,1.0223532,0.9315448,3.9092097,1552
11975-3703,1-272950,0.056525685,0.67,0.67,123.6,5.737450214433446,1,1,0,10.934,10.934,0.0,0.034965,37.721,0.0,10.845,10.944,0.203,0.037123,37.393,0.0990000000000002,10.535088230856333,10.872629,105.8133,0.9088506,0.8468367,4.517526,0
11757-12703,1-270196,0.06592205,0.72,0.72,131.2,7.2747817018565435,1,1,0,11.485,11.585,0.207,0.029485,18.213,0.10000000000000142,11.47,11.582,0.226,0.029643,18.22,0.1120000000000001,10.791225403121024,11.128766,116.25238,0.87660193,0.71205354,7.7131968,1040
11943-9101,1-211024,0.02787399,0.432,0.432,159.1,3.7850167988374404,1,1,0,10.545,10.558,0.028,0.034197,55.836,0.0129999999999999,10.538,10.562,0.052,0.032782,56.324,0.023999999999999133,10.042817279829954,10.380358,159.29243,1.2449181,0.753774,3.2390628,1168
11958-3702,1-144478,0.023097195,0.681,0.681,143.7,5.6872135617222535,3,1,2,10.423,10.529,0.216,0.016359,71.98,0.10599999999999987,10.412,10.519,0.218,0.020274,75.106,0.10699999999999932,10.226892034284019,10.564433,129.45673,1.0959533,0.5368818,5.784517,4160
11983-12701,1-634628,0.027345223,0.391,0.391,142.3,12.524109985887437,1,1,2,11.099,11.244,0.283,0.013562,18.898,0.14499999999999957,11.124,11.184,0.129,0.012651,18.911,0.05999999999999872,10.723723932256547,11.061265,139.16766,0.97366434,0.9354209,8.982585,4160
8598-1902,1-247223,0.0266244,0.691,0.691,118.2,3.4810826589854074,1,1,0,10.128,10.209,0.169,0.020149,85.426,0.08099999999999952,10.157,10.215,0.125,0.021032,86.82,0.05799999999999983,10.188213910465718,10.525755,107.60209,1.6499376,0.477923,3.72734,1040
8598-3701,1-576427,0.0570093,0.085,0.085,235.1,6.1264562230163735,1,1,0,11.309,11.336,0.057,0.032618,84.745,0.027000000000001023,11.317,11.336,0.041,0.045244,84.745,0.019000000000000128,10.857213049023974,11.194754,240.25954,0.9927265,0.86582,4.88003,1040
8598-6103,1-246928,0.018846,0.718,0.718,67.3,6.443258651759275,1,1,0,9.466,9.749,0.479,0.038945,82.786,0.28300000000000125,9.374,9.74,0.569,0.038499,84.829,0.36599999999999966,9.297983617697078,9.635524,47.841076,0.86625916,0.210808,11.1308,1040
8598-6104,1-247247,0.0689793,0.715,0.715,178.8,6.673494884852046,1,1,2,11.193,11.28,0.182,0.036806,50.396,0.08699999999999974,11.189,11.286,0.2,0.036588,50.354,0.09699999999999953,10.748927249196882,11.086468,169.28152,0.9704498,0.746589,6.02086,4096
8598-9102,1-247082,0.0383337,0.81,0.81,161.6,10.035206306688542,1,1,0,11.036,11.074,0.083,0.026977,59.658,0.038000000000000256,11.065,11.071,0.013,0.020455,59.573,0.006000000000000227,10.625520286259432,10.963061,131.43904,0.89920324,0.701373,9.25536,1040
11970-12703,1-333998,0.025631154,0.854,0.854,112.7,8.908077844925812,3,1,0,10.205,10.473,0.461,0.020818,71.956,0.2680000000000007,10.223,10.477,0.442,0.018028,72.127,0.25399999999999956,10.170410113112053,10.507951,65.15248,0.8772804,0.39060968,10.582726,1040
11760-3702,1-590822,0.015373993,0.759,0.759,88.6,4.602885892874237,1,1,2,9.683,9.792,0.222,0.03318,76.406,0.10899999999999999,9.498,9.77,0.465,0.033408,77.789,0.27200000000000024,9.522618594470663,9.860159,68.88076,0.9901431,0.46029943,5.2951555,4096
11957-3703,1-151414,0.030553237,0.759,0.759,66.4,3.4041288264759264,1,1,2,7.992,9.648,0.978,0.053784,86.636,1.6559999999999997,9.288,9.712,0.623,0.054143,86.636,0.4239999999999995,9.4223397448827,9.75988,48.202087,0.8859617,0.38195205,4.4451327,4160
12092-6101,1-563761,0.040933613,0.801,0.801,144.0,9.574352422513916,3,1,0,11.065,11.07,0.012,0.021946,63.283,0.005000000000000782,11.054,11.073,0.043,0.020949,63.154,0.019000000000000128,10.515743178214011,10.853284,89.59916,0.99060655,0.55763555,9.851719,1552
12506-3701,1-70146,0.026955679,0.679,0.679,70.6,5.0406931502874555,1,1,2,9.773,9.893,0.241,0.063945,62.964,0.120000000000001,9.769,9.902,0.263,0.064176,63.079,0.13299999999999912,9.473761182412838,9.811302,55.119,0.95103914,0.55204904,5.1841955,4672
11012-9102,1-245331,0.04068021,0.722,0.722,106.5,8.4730762658802,1,1,0,10.81,10.906,0.198,0.020167,41.103,0.09600000000000009,10.786,10.898,0.227,0.020632,41.21,0.1120000000000001,10.535900999044154,10.873442,85.74392,0.895639,0.8275739,7.3200974,1552
10492-12704,1-605088,0.0260964,0.802,0.802,102.3,10.332454990078118,1,1,0,10.296,10.579,0.479,0.023719,63.314,0.28300000000000125,10.052,10.571,0.697,0.023336,64.47,0.5190000000000001,9.96918472415357,10.3067255,61.678986,0.913749,0.562158,10.4529,1168
11749-12701,1-605697,0.04165306,0.766,0.766,83.7,16.302482671734428,1,1,0,11.081,11.436,0.558,0.023667,25.731,0.3550000000000004,11.114,11.416,0.5,0.020557,25.731,0.3019999999999996,10.540565331512358,10.878106,67.741684,0.89931387,0.90230834,12.405494,1168
10518-9101,1-78873,0.0419769,0.735,0.735,160.6,6.76248194313135,3,1,2,10.842,10.942,0.206,0.016112,80.829,0.09999999999999964,10.831,10.938,0.217,0.01779,80.917,0.1070000000000011,10.504470862494419,10.842011,128.79889,0.95773154,0.445514,7.51333,4288
11743-3702,1-458599,0.047628958,0.1,0.1,280.0,7.378154379964854,1,1,0,11.466,11.638,0.325,0.013103,3.032,0.1720000000000006,11.465,11.637,0.324,0.013105,3.036,0.1720000000000006,10.790036834274906,11.127578,290.67276,1.2213458,0.8840056,3.9790199,1040
10845-6103,1-78558,0.03335052,0.742,0.742,133.4,6.03560125535582,1,1,2,10.474,10.656,0.341,0.022481,64.891,0.18200000000000038,10.458,10.643,0.346,0.02421,67.428,0.1850000000000005,10.200740898747217,10.538281,113.61958,0.9082973,0.5716818,6.1143866,4224
11751-6101,1-567397,0.049939964,0.687,0.687,175.9,5.81087919801621,1,1,2,11.134,11.135,0.0,0.03351,60.062,0.0009999999999994458,11.134,11.134,0.0,0.033498,60.057,0.0,10.66249789474834,11.000038,155.41914,1.0443048,0.7205949,5.5020375,4672
11835-3701,1-82645,0.02563346,0.237,0.237,181.9,6.6898560557350635,1,1,0,10.8,10.871,0.15,0.021906,47.611,0.07099999999999973,10.78,10.845,0.136,0.022146,58.121,0.06500000000000128,10.333931177657794,10.671472,182.05904,1.1115907,0.8405515,5.266264,1024
11945-3702,1-94986,0.03380102,0.746,0.746,80.3,4.794585803357611,1,1,2,10.073,10.115,0.092,0.047551,63.28,0.041999999999999815,10.008,10.111,0.21,0.047753,62.585,0.10300000000000153,9.83052117779946,10.168062,73.758224,0.9132377,0.66515785,4.4880457,4608
11758-1901,1-195979,0.025356574,0.248,0.248,82.6,2.640934528758375,1,1,0,9.881,9.954,0.155,0.040758,26.36,0.0730000000000004,9.869,9.887,0.041,0.040499,26.762,0.018000000000000682,9.68453904911824,10.022079,82.84872,1.5499004,0.95030844,2.0950816,1168
11830-9102,1-152118,0.055834748,0.855,0.855,210.4,7.712057921491231,1,1,0,11.304,11.375,0.152,0.022883,55.279,0.07099999999999973,11.303,11.377,0.157,0.022638,55.264,0.07399999999999984,10.911439675315592,11.2489805,157.88371,0.96099895,0.66578704,7.2891273,1040
11984-12704,1-324662,0.048983704,0.821,0.821,175.0,17.029805907384983,3,1,2,11.557,11.558,0.0,0.02918,59.635,0.0009999999999994458,11.557,11.558,0.001,0.029051,59.61,0.0009999999999994458,11.018599255484812,11.35614,162.44623,0.920438,0.60641044,15.493585,4096
12075-9102,1-34048,0.027699228,0.761,0.761,103.3,7.955572708102328,1,1,0,10.307,10.444,0.27,0.025521,85.259,0.13700000000000045,10.352,10.452,0.205,0.025453,85.259,0.09999999999999964,10.058294615312175,10.395835,72.13001,0.8945646,0.3501257,9.626492,1168
11745-6104,1-123312,0.03852624,0.839,0.839,138.7,7.453122608456293,3,1,0,10.819,10.891,0.154,0.023818,56.656,0.07199999999999918,10.77,10.896,0.252,0.023345,57.026,0.12600000000000122,10.44264665032085,10.780188,96.84766,0.92774796,0.629776,6.992185,1552
11742-9101,1-122400,0.06788276,0.519,0.519,271.5,7.739627803172186,1,1,0,11.666,11.667,0.0,0.038559,75.863,0.0009999999999994458,11.642,11.653,0.023,0.043307,86.454,0.011000000000001009,10.92564815282393,11.263188,255.46352,0.86542225,0.63190675,7.1887445,1040
11017-6103,1-625718,0.029711753,0.641,0.641,108.0,5.946502742980569,1,1,0,10.371,10.452,0.169,0.025447,59.071,0.08099999999999952,10.066,10.427,0.564,0.024344,56.9,0.3609999999999989,9.942762969652573,10.280304,92.39429,0.9607888,0.6659857,5.5821524,1168
11022-1902,1-83031,0.025354134,0.241,0.241,58.8,3.2592892571452934,1,1,0,9.529,9.529,0.0,0.048545,10.38,0.0,9.525,9.525,0.0,0.048338,11.245,0.0,9.501077236431293,9.838618,60.27293,1.0954562,0.861599,2.6531265,1168
11743-9102,1-458706,0.029343339,0.704,0.704,191.5,9.268072090954968,3,1,0,11.018,11.096,0.164,0.018423,56.71,0.0779999999999994,11.025,11.101,0.158,0.019068,58.47,0.07600000000000051,10.570332956777493,10.907873,156.5721,0.9685055,0.6594429,7.7528596,1088
10520-12704,1-79664,0.0356014,0.829,0.829,105.9,11.061157860288622,3,1,2,10.627,10.788,0.31,0.024982,66.278,0.1609999999999996,10.47,10.786,0.517,0.024661,66.216,0.31599999999999895,10.032578471924312,10.370119,59.09021,0.8912973,0.503098,11.065,4288
10841-12701,1-605877,0.0585367,0.852,0.852,155.4,9.927029042178019,3,1,0,11.236,11.316,0.167,0.025021,49.064,0.08000000000000007,11.266,11.305,0.087,0.024333,49.078,0.0389999999999997,10.79460510217535,11.132146,115.07992,0.92746407,0.7410385,8.883481,1040
11014-3702,1-456775,0.02536332,0.864,0.864,77.2,4.311972075579094,1,1,0,9.756,9.908,0.295,0.033426,71.668,0.15199999999999925,9.943,9.943,0.0,0.03208,72.516,0.0,9.736469601034118,10.07401,50.455223,0.96492654,0.4435105,4.9124446,1168
11020-1901,1-244115,0.025058512,0.221,0.221,142.2,3.449977329800472,1,1,0,10.296,10.394,0.201,0.037319,74.021,0.09800000000000075,10.411,10.411,0.0,0.033492,73.719,0.0,9.826533467077875,10.164074,133.68263,1.2347958,0.47738665,3.537801,1168
11742-12703,1-154037,0.029351829,0.098,0.098,175.5,9.41360241252396,1,1,0,11.516,12.122,0.752,0.027223,2.566,0.6059999999999999,10.996,11.185,0.352,0.027915,2.775,0.18900000000000006,10.187545311360285,10.525085,177.36966,0.90132666,0.8979143,9.103935,1040
11746-9102,1-218707,0.049574673,0.821,0.821,154.3,4.6042488157764065,3,1,0,10.833,10.833,0.0,0.034403,67.904,0.0,10.834,10.834,0.0,0.033373,67.617,0.0,10.267595017862627,10.605136,120.3325,0.98807114,0.53304493,4.719227,0
10845-9101,1-78213,0.030310612,0.778,0.778,109.8,7.625001627043925,1,1,0,10.359,10.482,0.246,0.025511,74.088,0.12299999999999933,10.483,10.504,0.047,0.025367,78.363,0.02099999999999902,10.210740567731703,10.548281,86.51723,0.86630857,0.48442408,8.881991,1168
11020-1902,1-591992,0.025314217,0.656,0.656,200.2,3.2414837115855244,3,1,2,10.575,10.581,0.011,0.033505,86.468,0.006000000000000227,10.561,10.575,0.029,0.046554,86.468,0.013999999999999346,10.499654096974737,10.837194,203.79994,4.611762,0.78925323,1.7776369,4096
11751-6103,1-301561,0.022921612,0.579,0.579,68.2,6.233508664828184,1,1,0,8.299,9.988,0.98,0.045517,57.736,1.689,8.609,9.988,0.958,0.045488,58.424,1.3789999999999996,9.174980826261914,9.512522,51.495678,0.8547056,0.5819078,6.8114133,1168
11017-6101,1-319381,0.029701464,0.869,0.869,108.5,4.8258254397443245,1,1,2,10.193,10.275,0.173,0.039434,76.546,0.08200000000000074,10.27,10.292,0.048,0.039122,76.918,0.02200000000000024,9.84251929514828,10.180059,66.72701,0.95805955,0.34751362,6.5666776,4672
10841-1901,1-77800,0.027691012,0.537,0.537,157.6,3.2503420764639115,1,1,0,10.36,10.417,0.122,0.022262,82.088,0.057000000000000384,10.386,10.426,0.087,0.029446,86.698,0.040000000000000924,10.06330528092463,10.400846,154.6771,1.6941495,0.6377636,3.0737543,1168
11017-12705,1-319363,0.025291078,0.68,0.68,74.1,9.850913875244704,1,1,0,8.868,10.263,0.96,0.018908,56.158,1.3949999999999996,10.193,10.265,0.151,0.018735,56.158,0.07200000000000095,9.710261513409515,10.047802,54.05314,0.8898183,0.6194358,9.320423,1168
10520-1901,1-183465,0.0260983,0.638,0.638,94.6,2.97562573351154,1,1,0,9.867,9.95,0.175,0.036914,66.279,0.08299999999999841,9.744,9.927,0.343,0.036554,63.763,0.18299999999999983,9.634895241146628,9.972436,87.04508,1.0719851,0.693167,2.63483,1168
11020-3701,1-196444,0.06645045,0.362,0.362,186.8,5.783831406028828,3,1,0,11.202,11.219,0.036,0.035444,35.844,0.01699999999999946,11.211,11.218,0.015,0.035353,35.622,0.006999999999999673,10.958662197510435,11.296203,186.35065,0.98359257,0.9301806,4.354884,1040
8609-12702,1-445487,0.034137,0.827,0.827,99.9,11.341717282759376,1,1,0,8.917,10.764,0.986,0.01115,59.495,1.8469999999999995,10.148,10.79,0.772,0.011604,59.586,0.6419999999999995,10.27415784926368,10.611698,57.839314,0.86414623,0.635947,10.8791,1168
8609-1902,1-445333,0.0344313,0.418,0.418,112.1,4.423843354447185,1,1,0,10.445,10.517,0.151,0.029624,18.281,0.07199999999999918,10.419,10.546,0.253,0.028796,18.256,0.1269999999999989,10.363948380793733,10.701489,119.4724,1.9968128,0.92842,2.21699,1040
8609-3702,1-446720,0.0895801,0.096,0.096,216.4,5.365985947092268,1,1,0,11.355,11.428,0.154,0.035157,77.814,0.0730000000000004,11.353,11.428,0.158,0.035103,77.814,0.07500000000000107,11.076789672628763,11.4143305,219.58168,0.95237446,0.966253,4.20777,1024
8609-3704,1-445537,0.05078,0.685,0.685,66.5,5.0079748985982215,1,1,0,10.416,10.416,0.0,0.050106,36.686,0.0,10.407,10.408,0.001,0.049802,36.741,0.0009999999999994458,10.031064932782098,10.368606,58.943233,0.93902314,0.8145,4.3012,0
8609-6102,1-445337,0.0527652,0.106,0.106,233.6,8.045316412469884,1,1,0,11.373,11.444,0.15,0.035274,82.799,0.0710000000000015,11.441,11.448,0.015,0.032674,82.799,0.006999999999999673,10.816235332545691,11.153776,235.99586,0.9461645,0.957206,5.96835,1040
8609-6104,1-446659,0.033198,0.575,0.575,191.2,7.189289053738661,1,1,0,10.993,11.005,0.027,0.028037,65.18,0.012000000000000455,10.966,11.004,0.081,0.027311,68.825,0.038000000000000256,10.491644593561931,10.8291855,173.30258,0.9956348,0.704731,5.49884,1040
8609-9102,1-445940,0.0522497,0.087,0.087,287.1,16.034175882958504,1,1,0,12.024,12.367,0.545,0.016452,2.612,0.34300000000000175,11.848,12.069,0.398,0.016492,2.813,0.22100000000000009,11.227830165557194,11.565371,288.3758,0.93930435,0.701035,17.3424,0
8610-12702,1-22876,0.0304933,0.623,0.623,177.2,13.261577901907248,1,1,0,11.098,11.214,0.235,0.025274,77.665,0.11599999999999966,10.99,11.194,0.376,0.022837,79.224,0.20400000000000063,10.50096472095263,10.838506,149.48027,0.8881136,0.519991,14.0242,1040
8610-12703,1-23015,0.0261576,0.825,0.825,121.3,8.853930848159342,1,1,0,10.623,10.623,0.0,0.024939,69.296,0.0,10.557,10.613,0.121,0.02516,69.238,0.05599999999999916,10.30149878060611,10.639039,86.933304,0.93367964,0.490871,9.3383,1552
8610-3701,1-22821,0.0119477,0.414,0.414,55.5,5.462728199287068,1,1,2,9.372,9.391,0.043,0.033317,63.273,0.019000000000000128,9.379,9.391,0.029,0.033799,63.861,0.012000000000000455,9.079105237862382,9.416646,53.415695,1.0118222,0.586217,5.21541,4160
8610-3702,1-22887,0.0275188,0.763,0.763,85.5,4.427726070777811,1,1,2,9.734,10.024,0.487,0.038162,68.814,0.28999999999999915,9.892,10.045,0.298,0.038307,72.91,0.15300000000000047,9.770124142801864,10.107665,64.96084,0.9223505,0.493414,5.09878,4288
8610-6103,1-22849,0.023392,0.57,0.57,66.7,6.253107956593762,1,1,0,9.651,10.134,0.671,0.027816,45.218,0.48300000000000054,9.113,10.152,0.909,0.027573,45.218,1.0389999999999997,9.451454833313381,9.788996,55.640778,0.86343634,0.802543,5.29068,1168
8610-9101,1-22848,0.0275482,0.241,0.241,102.1,10.421016048018279,1,1,0,10.61,10.729,0.24,0.0366,20.791,0.11899999999999977,10.602,10.721,0.241,0.036612,21.01,0.11899999999999977,10.076644084011178,10.414185,105.47251,0.8713018,0.926615,7.10455,1168
11963-6103,1-335511,0.03336129,0.058,0.058,238.1,7.413035849062186,1,1,0,11.132,11.233,0.204,0.012164,82.799,0.10100000000000087,11.139,11.234,0.195,0.014907,82.799,0.09500000000000064,10.559684515754185,10.897225,240.92639,0.9839604,0.8374854,5.4224524,1040
12484-3703,1-624292,0.02606387,0.644,0.644,89.0,4.544834236278734,1,1,0,10.027,10.225,0.367,0.028693,49.213,0.1980000000000004,10.0,10.222,0.401,0.028737,49.229,0.22199999999999953,9.663804503104949,10.001345,75.80565,1.0610548,0.82829225,4.0483184,1168
11832-3702,1-176174,0.030336611,0.46,0.46,115.5,5.576529229076838,1,1,0,10.507,10.507,0.001,0.032047,18.248,0.0,10.507,10.509,0.004,0.03174,18.239,0.002000000000000668,10.268032889898995,10.605574,121.73976,1.0534495,0.94052124,3.9152303,1040
12079-3704,1-35268,0.043071605,0.679,0.679,189.9,6.265181986513067,1,1,0,11.099,11.1,0.0,0.033335,41.616,0.0009999999999994458,11.067,11.111,0.096,0.034347,41.413,0.04400000000000048,10.617194156852817,10.954735,178.16779,0.9730759,0.8185718,5.053239,1040
12484-3702,1-409482,0.024383238,0.644,0.644,165.8,3.2157327911622398,1,1,0,10.419,10.448,0.061,0.037776,81.964,0.028999999999999915,10.423,10.447,0.052,0.0399,86.56,0.023999999999999133,9.775858576588742,10.1133995,158.8575,1.1924093,0.66521317,2.619683,1168
11010-3701,1-521847,0.024776272,0.627,0.627,165.6,3.216639104456373,1,1,0,10.452,10.484,0.068,0.023043,79.293,0.03200000000000003,10.46,10.484,0.051,0.022632,78.873,0.023999999999999133,10.061718553730826,10.39926,158.19963,1.5253986,0.5916005,3.1718686,1040
11744-3701,1-556947,0.044816107,0.158,0.158,215.0,7.4569752518584,1,1,0,11.333,11.344,0.023,0.023205,28.324,0.010999999999999233,11.339,11.34,0.001,0.023004,28.756,0.0009999999999994458,10.790575291253356,11.128116,219.98094,0.99422735,0.9144337,5.202079,1040
11010-1901,1-522189,0.023445256,0.083,0.083,60.9,5.29829659015219,1,1,0,9.725,9.725,0.0,0.038293,80.043,0.0,9.725,9.725,0.0,0.038004,80.043,0.0,9.887799783811571,10.225341,63.645264,1.0329003,0.9635203,3.4425828,1168
11011-3702,1-321127,0.025556073,0.506,0.506,108.8,5.665243974426489,1,1,0,10.208,10.326,0.239,0.030237,72.077,0.11800000000000033,10.29,10.327,0.081,0.034987,75.805,0.03700000000000081,9.879394585124846,10.216935,103.386986,0.91572696,0.65388304,4.989942,1168
10520-1902,1-79648,0.0229437,0.092,0.092,120.1,3.7081926009310764,2,1,0,10.22,10.237,0.037,0.042059,18.246,0.01699999999999946,10.186,10.245,0.126,0.041472,18.26,0.058999999999999275,9.889796796096263,10.227338,122.9878,1.3093508,0.856804,3.08682,1040
11009-6104,1-457115,0.1460274,0.087,0.087,296.4,5.8844058622881885,1,1,0,11.843,11.884,0.087,0.053317,76.812,0.04100000000000037,11.857,11.88,0.049,0.071315,85.23,0.023000000000001464,11.243085247727386,11.580626,308.3415,0.9421201,0.7567424,5.347859,1024
11020-3702,1-244590,0.034558576,0.711,0.711,121.2,8.502784084322295,1,1,2,10.616,10.8,0.345,0.039039,75.184,0.18400000000000105,10.147,10.776,0.765,0.038545,75.788,0.6289999999999996,10.180096729985749,10.517637,90.46348,0.90969753,0.4949079,9.585151,4672
11747-12703,1-230867,0.06484028,0.334,0.334,189.9,11.061427292155104,1,1,0,11.528,11.528,0.0,0.029797,44.159,0.0,11.496,11.496,0.0,0.020161,84.745,0.0,11.019231809881981,11.356772,197.6867,0.8733257,0.8688978,9.142847,1040
11760-12701,1-233456,0.03117081,0.644,0.644,60.9,12.63293802243478,1,1,2,10.789,10.809,0.045,0.044851,25.731,0.019999999999999574,10.75,10.863,0.23,0.046196,25.732,0.11299999999999955,10.079366577858899,10.416907,56.739273,0.9008806,0.85558957,11.202153,4224
11872-6104,1-151055,0.08257553,0.732,0.732,214.2,6.94037606802318,1,1,2,11.495,11.595,0.204,0.035512,56.558,0.10000000000000142,11.501,11.592,0.188,0.035478,56.557,0.09100000000000108,10.94828703635809,11.285828,194.89912,0.9510033,0.7481865,6.765536,4160
11830-12705,1-234285,0.015880523,0.635,0.635,54.6,12.984449800970566,1,1,0,9.631,9.964,0.535,0.083541,58.025,0.3330000000000002,9.049,9.962,0.878,0.079835,57.091,0.9130000000000003,9.01557192098792,9.353112,42.455235,0.9154621,0.5481836,15.443279,1552
11944-1902,1-200351,0.03218648,0.557,0.557,163.4,10.7779859071898,3,1,0,11.002,11.002,0.0,0.035984,77.866,0.0,11.007,11.009,0.003,0.026338,77.866,0.002000000000000668,10.476476833944629,10.814017,169.52959,2.6575062,0.76747334,-9999.0,1040
12510-6104,1-626763,0.021748986,0.799,0.799,105.1,6.591067296162637,1,1,0,10.236,10.384,0.288,0.024372,69.894,0.1479999999999997,10.101,10.383,0.477,0.023788,69.894,0.28199999999999825,9.812490883357063,10.150031,76.75308,0.92972493,0.6398078,6.507057,1040
8614-12704,1-136307,0.0334933,0.81,0.81,152.3,7.277732155391539,1,1,0,10.708,10.804,0.197,0.021511,79.151,0.09600000000000009,10.686,10.795,0.222,0.023665,81.158,0.10899999999999999,10.32204554218833,10.659586,122.392136,0.91429365,0.383799,10.0016,1040
8614-1902,1-176525,0.0294704,0.585,0.585,126.3,3.5229587045905464,1,1,2,10.256,10.331,0.157,0.02531,84.685,0.07499999999999929,10.222,10.325,0.211,0.024844,86.789,0.10299999999999976,10.084622743170925,10.422163,121.56892,1.2975962,0.600901,3.05831,4288
8614-3703,1-546819,0.0362362,0.1,0.1,215.7,8.85942572351097,1,1,0,11.247,11.248,0.0,0.029123,47.569,0.0009999999999994458,11.221,11.223,0.0,0.027394,53.982,0.002000000000000668,10.658886738827002,10.996428,218.57132,0.91961217,0.751537,7.87476,1040
8614-3704,1-177252,0.0309127,0.312,0.312,172.8,5.647058516476128,1,1,0,10.717,10.774,0.121,0.026108,86.468,0.05699999999999861,10.714,10.772,0.124,0.033542,86.468,0.05799999999999983,10.235273350242927,10.572814,170.08672,1.0961909,0.584095,4.72549,1168
8614-6103,1-560942,0.0629447,0.22,0.22,286.3,15.35048218664429,1,1,0,11.732,11.785,0.111,0.03042,84.745,0.053000000000000824,11.707,11.793,0.179,0.033606,84.744,0.08599999999999852,11.02620629708312,11.363747,293.73877,0.98607,0.833437,5.76192,1040
8614-9101,1-176554,0.036544,0.341,0.341,157.9,12.232077385508894,1,1,2,11.075,11.109,0.074,0.032518,54.132,0.034000000000000696,11.059,11.089,0.065,0.034,84.745,0.030000000000001137,10.463093808937636,10.800634,159.97336,0.91005975,0.828495,7.40879,4112
8614-9102,1-547143,0.0627951,0.834,0.834,170.6,11.305275300068157,3,1,0,11.541,11.575,0.075,0.032901,36.676,0.03399999999999892,11.53,11.588,0.125,0.034344,36.707,0.05799999999999983,10.91413257110994,11.251673,144.55598,0.915442,0.811502,9.45605,1040
11865-9102,1-61147,0.041797295,0.748,0.748,90.4,7.665235539811717,1,1,2,10.39,10.577,0.35,0.026904,59.633,0.1869999999999994,10.115,10.57,0.649,0.026727,60.202,0.45500000000000007,9.992791232305208,10.330332,67.03471,0.8901385,0.6468568,7.678255,4672
11758-3701,1-319387,0.025322892,0.716,0.716,120.6,7.485018134888384,1,1,0,10.565,10.694,0.257,0.023684,45.218,0.12900000000000134,10.559,10.699,0.275,0.02361,45.22,0.14000000000000057,10.026159397942854,10.3637,104.10478,0.9384049,0.72577626,6.350676,1552
11962-6103,1-333770,0.044921644,0.126,0.126,177.2,8.18432448998376,1,1,0,11.089,11.152,0.134,0.023431,67.657,0.06299999999999883,11.071,11.152,0.169,0.023384,66.48,0.08099999999999952,10.744769193850912,11.08231,179.52509,0.9175988,0.83653265,6.4368753,1040
12078-12702,1-35391,0.01851,0.423,0.423,180.7,11.502736995062401,1,1,0,10.869,10.989,0.241,0.012161,43.903,0.120000000000001,10.846,10.982,0.267,0.01216,44.87,0.13599999999999923,10.371403894646438,10.708944,177.2659,0.91699064,0.83866656,8.922453,0
12483-12702,1-400885,0.021588676,0.379,0.379,140.4,14.230575142490236,1,1,2,10.87,10.87,0.0,0.031809,74.424,0.0,10.515,10.854,0.542,0.035651,73.223,0.33899999999999864,10.068874433291475,10.406415,134.32532,0.905209,0.60321766,15.759788,4160
11963-12705,1-335797,0.019648235,0.735,0.735,76.7,7.466703713343203,1,1,0,9.721,9.99,0.462,0.041954,83.863,0.26900000000000013,9.713,9.982,0.462,0.042978,83.863,0.26900000000000013,9.533396735957693,9.870937,56.075687,0.91837734,0.27708745,12.658894,1040
12068-12701,1-639858,0.016255071,0.669,0.669,68.1,5.422726911009571,1,1,0,8.049,9.519,0.966,0.037569,86.789,1.4700000000000006,8.503,9.524,0.905,0.03762,86.789,1.020999999999999,9.026712052453377,9.364253,44.89521,0.9051175,0.29005754,8.898828,1040
11760-6103,1-233531,0.02806609,0.825,0.825,119.5,6.140045168329696,3,1,0,10.395,10.51,0.232,0.022241,64.819,0.11500000000000021,10.398,10.509,0.224,0.022207,64.889,0.11100000000000065,9.960606372308408,10.298147,95.191536,0.91246146,0.61376345,6.109291,1168
8617-1901,1-180813,0.0637274,0.042,0.042,228.1,9.08615365655818,1,1,0,11.451,11.521,0.148,0.046031,8.479,0.07000000000000028,11.442,11.54,0.202,0.046022,8.382,0.09799999999999898,10.90761233671101,11.245152,234.63535,1.0388767,0.984851,3.61784,1040
8617-6101,1-205390,0.0655268,0.26,0.26,252.1,4.968429255139149,1,1,0,11.325,11.365,0.086,0.029073,49.952,0.040000000000000924,11.329,11.364,0.074,0.029063,50.255,0.03500000000000014,11.076731443038282,11.414272,248.9001,1.0381584,0.88935,6.23024,1040
8617-9102,1-550945,0.0507031,0.198,0.198,248.1,10.031199727872838,1,1,0,11.454,11.456,0.0,0.032886,41.919,0.0019999999999988916,11.427,11.446,0.039,0.032405,48.614,0.019000000000000128,10.92173172297066,11.259273,255.95943,0.9456281,0.863508,8.29311,1040
11016-1902,1-196863,0.041181635,0.303,0.303,145.8,4.343927079329841,1,1,2,10.584,10.688,0.211,0.013637,46.04,0.10400000000000098,10.579,10.686,0.217,0.01359,47.127,0.10699999999999932,10.540157412536416,10.877698,147.01741,1.4229761,0.9550225,3.0583174,4288
11022-3701,1-559761,0.029837428,0.166,0.166,179.6,5.426665103681648,1,1,0,10.804,10.835,0.067,0.026482,66.708,0.031000000000000583,10.831,10.835,0.009,0.025745,69.49,0.004000000000001336,10.295714405257867,10.633255,179.32753,1.2853789,0.74991,4.066507,1040
10846-6104,1-608172,0.048465032,0.707,0.707,167.4,5.182759843218898,1,1,0,10.861,10.905,0.094,0.032122,56.087,0.04399999999999871,10.864,10.92,0.121,0.035023,56.712,0.05599999999999916,10.483952022453213,10.821492,149.14703,0.96653455,0.66762024,4.8490844,0
11748-3704,1-605740,0.022722792,0.572,0.572,126.6,5.584281710174393,1,1,2,10.375,10.376,0.0,0.028778,68.611,0.0009999999999994458,10.37,10.379,0.02,0.027939,69.784,0.009000000000000341,10.107255839580056,10.444797,121.122665,1.0708549,0.6396139,5.178476,4112
10520-3701,1-79375,0.028488,0.709,0.709,77.7,3.762083829524659,1,1,2,8.962,9.958,0.899,0.03569,62.366,0.9960000000000004,8.74,9.962,0.94,0.035205,60.694,1.2219999999999995,9.622451317163538,9.959991,62.616547,1.0012741,0.60336,3.87941,4288
11014-6102,1-456829,0.027249532,0.761,0.761,111.8,6.264751984529629,3,1,0,10.362,10.487,0.251,0.021408,62.716,0.125,10.334,10.489,0.299,0.021283,62.716,0.15500000000000114,10.109852197799936,10.447392,93.52235,0.99541146,0.64976966,5.411672,1168
11020-3703,1-244629,0.03741112,0.768,0.768,160.3,3.8944353934886853,1,1,0,10.505,10.61,0.213,0.01285,86.843,0.10499999999999865,10.545,10.61,0.138,0.012737,86.563,0.0649999999999995,10.482975530843387,10.820517,144.63283,1.6224223,0.43340355,4.4791923,1168
8619-12704,1-114253,0.0205518,0.359,0.359,82.2,3.539414799566457,1,1,0,8.935,9.276,0.544,0.0579,86.779,0.3409999999999993,9.356,9.356,0.0,0.061062,86.779,0.0,8.502530901233158,8.840072,47.20722,0.9050946,0.298908,5.56523,0
8619-3703,1-114292,0.0612974,0.624,0.624,187.4,4.997411356317688,1,1,2,11.019,11.229,0.383,0.020862,41.137,0.20999999999999908,10.992,11.257,0.456,0.020004,41.138,0.2649999999999988,10.782135664426562,11.119677,174.35384,1.0132091,0.805266,4.1984,4608
8619-6101,1-113789,0.0617617,0.054,0.054,251.4,8.364981269441055,1,1,0,11.486,11.544,0.123,0.015387,85.23,0.05799999999999983,11.495,11.551,0.119,0.031901,85.23,0.05600000000000094,11.040487620592383,11.378028,255.2538,1.061949,0.830225,6.15552,1040
8619-9102,1-114245,0.0288302,0.143,0.143,173.8,9.966362283905994,1,1,0,11.06,11.061,0.0,0.019948,35.752,0.0009999999999994458,11.015,11.017,0.003,0.018695,73.346,0.0019999999999988916,10.652053815926354,10.989594,182.51251,1.0327883,0.896,6.85438,1024
8620-1902,1-114818,0.0291077,0.503,0.503,164.4,4.909124374760386,1,1,0,10.641,10.71,0.146,0.035305,52.837,0.06900000000000084,10.64,10.703,0.134,0.034554,53.562,0.06299999999999883,10.222492764886274,10.560034,167.80577,1.3804274,0.741618,3.27757,1168
8621-12703,1-570555,0.0407835,0.499,0.499,173.9,13.564609183376943,1,1,0,11.338,11.375,0.08,0.025046,33.226,0.03700000000000081,11.353,11.354,0.0,0.024333,33.14,0.0009999999999994458,10.85931065937473,11.196852,176.34517,0.8727591,0.882621,9.6622,1040
8621-12704,1-118496,0.0418962,0.8,0.8,138.4,13.073312633391364,3,1,0,11.23,11.247,0.039,0.029463,41.221,0.01699999999999946,11.205,11.256,0.111,0.032618,41.308,0.051000000000000156,10.6968524418791,11.034393,123.82228,0.8845002,0.687277,11.2308,1040
8621-12705,1-118221,0.0412185,0.838,0.838,205.4,6.181652960424475,3,1,0,11.022,11.071,0.106,0.021313,83.878,0.04899999999999949,10.958,11.049,0.189,0.0182,83.872,0.0909999999999993,10.69021646480129,11.027757,151.13028,1.0021894,0.290433,8.43198,1040
8622-12701,1-118456,0.0307243,0.49,0.49,125.0,9.834784096829308,1,1,0,10.95,10.95,0.0,0.031158,26.08,0.0,10.92,10.929,0.021,0.03003,26.325,0.009000000000000341,10.571630814800818,10.909171,126.9614,0.922955,0.704051,8.49794,1040
8622-9102,1-118381,0.0405466,0.437,0.437,142.3,8.737514445478576,1,1,0,11.223,11.223,0.0,0.031982,18.223,0.0,11.231,11.231,0.0,0.03002,18.237,0.0,10.631894065278287,10.969435,148.97421,0.8941561,0.941965,6.86606,1040
11984-6104,1-324517,0.057415366,0.558,0.558,203.3,7.877506507767412,1,1,0,11.341,11.421,0.167,0.026318,37.592,0.08000000000000007,11.275,11.421,0.285,0.026964,37.111,0.14599999999999902,10.937080870252178,11.274621,181.27538,0.93482953,0.86422104,6.7366934,1040
11946-6102,1-211533,0.03031738,0.676,0.676,154.1,9.87734999149544,1,1,0,10.857,10.873,0.035,0.024116,49.331,0.016000000000000014,10.893,10.896,0.005,0.020414,50.2,0.0030000000000001137,10.724367012712042,11.061908,135.84532,0.96579933,0.7684797,8.410322,1024
12483-3701,1-405454,0.06968456,0.61,0.61,208.3,7.958454490639377,1,1,2,11.402,11.516,0.23,0.036817,74.285,0.11400000000000077,11.341,11.504,0.313,0.032203,78.476,0.16300000000000026,10.87740187212787,11.214943,186.06636,0.9173448,0.52291983,9.004505,4096
11832-3704,1-176264,0.031097336,0.706,0.706,95.1,4.831793083436751,1,1,2,10.287,10.287,0.0,0.040471,59.861,0.0,10.289,10.289,0.0,0.038161,59.85,0.0,9.98865343017598,10.326194,84.240295,1.0966873,0.6836446,4.41904,4672
12066-1901,1-26186,0.026927562,0.717,0.717,63.3,5.79344109817243,1,1,0,8.554,10.207,0.978,0.033068,42.916,1.6530000000000005,8.644,10.182,0.971,0.032822,43.767,1.5380000000000003,9.746593133596743,10.084134,46.560448,0.9935188,0.7911073,4.8545237,1168
11970-6101,1-333824,0.029359862,0.851,0.851,105.5,4.343592964177095,1,1,2,9.758,10.162,0.605,0.033861,82.315,0.4040000000000017,9.787,10.161,0.577,0.040781,86.82,0.3739999999999988,9.749105876193259,10.086646,70.82183,0.9834249,0.3489876,5.894303,4608
11752-3701,1-54482,0.08773994,0.047,0.047,209.9,4.758246046567759,1,1,2,11.302,11.314,0.026,0.042945,80.043,0.012000000000000455,11.315,11.316,0.0,0.043589,80.015,0.0010000000000012221,10.985876792990258,11.323418,213.63214,1.0663931,0.6684695,4.7609916,4096
11835-6102,1-70077,0.028771218,0.353,0.353,124.0,8.289857541969964,1,1,0,10.641,10.75,0.221,0.031355,16.892,0.10899999999999999,10.578,10.927,0.552,0.024662,16.894,0.3490000000000002,10.335308870992408,10.67285,130.50795,0.99601674,0.956979,6.429612,1040
11939-12705,1-456737,0.023081107,0.842,0.842,116.4,7.849102502709044,3,1,0,10.529,10.529,0.0,0.022953,69.73,0.0,10.506,10.527,0.047,0.022887,69.717,0.02099999999999902,10.026030368509492,10.363571,79.67002,0.88807285,0.5229989,8.439386,1552
11954-6104,1-319576,0.015824258,0.498,0.498,62.7,4.792680307672826,1,1,0,8.642,9.462,0.849,0.030876,69.579,0.8200000000000003,9.548,9.548,0.0,0.030833,75.609,0.0,8.853429249130054,9.190969,49.04074,0.9963567,0.4400943,5.6511755,1552
11978-3701,1-294587,0.035290495,0.623,0.623,200.7,5.524140017169951,3,1,0,10.899,10.945,0.099,0.023673,64.075,0.04600000000000115,10.88,10.942,0.132,0.023551,66.275,0.06199999999999939,10.585189103368204,10.9227295,186.79874,1.1558226,0.6582962,4.9196315,1040
12083-12704,1-570488,0.08716975,0.175,0.175,239.8,6.674560927311375,1,1,0,11.432,11.483,0.109,0.032567,84.023,0.051000000000000156,11.435,11.482,0.101,0.041824,84.023,0.04699999999999882,11.174465057071663,11.512006,245.62993,0.97691905,0.7536458,13.312908,1040
8324-6102,1-284990,0.0284804,0.8,0.8,77.8,3.7698304126454216,3,1,2,9.408,9.764,0.559,0.068315,80.829,0.35599999999999987,9.345,9.761,0.616,0.069626,80.829,0.4159999999999986,9.233825810291819,9.571366,49.811264,0.909988,0.237924,5.97769,4096
11012-3703,1-245299,0.042278457,0.044,0.044,169.1,12.739396761807098,1,1,0,11.152,11.329,0.333,0.018697,3.467,0.17700000000000138,11.302,11.44,0.271,0.018339,2.85,0.1379999999999999,10.817005813782163,11.154547,169.76418,0.8978407,0.8291204,7.95612,1040
8321-6103,1-403707,0.0261949,0.675,0.675,54.9,4.18847436738737,1,1,2,9.372,9.642,0.462,0.047438,86.636,0.2699999999999996,9.706,9.706,0.0,0.044198,86.636,0.0,9.338568041163269,9.676108,44.931484,0.8948092,0.426749,5.31811,4672
10222-12702,1-50480,0.0623407,0.878,0.878,165.9,8.595214660644002,3,1,2,11.258,11.258,0.0,0.027758,59.606,0.0,11.259,11.259,0.001,0.02671,59.53,0.0,10.695399362881002,11.03294,97.13065,0.86319005,0.57172,8.57215,4672
11832-6102,1-176206,0.030648291,0.853,0.853,94.6,5.0388471102972385,1,1,2,10.152,10.251,0.204,0.03723,61.481,0.0990000000000002,10.062,10.259,0.365,0.037409,61.481,0.19700000000000095,9.883872797130941,10.221414,58.853336,0.9303336,0.5452741,5.355706,4672
11833-12702,1-175935,0.030726558,0.802,0.802,98.9,12.240250959504483,1,1,0,10.201,10.752,0.718,0.019606,50.159,0.5510000000000002,10.344,10.761,0.617,0.019685,50.187,0.4169999999999998,10.278734857312823,10.616276,63.300636,0.8533393,0.7845986,10.416699,1040
12511-12705,1-53328,0.041475892,0.885,0.885,160.5,7.311588666176306,1,1,0,10.598,10.812,0.389,0.016331,77.866,0.21399999999999864,9.893,10.762,0.865,0.015484,77.866,0.8689999999999998,10.542635839063626,10.880177,95.908745,0.9698318,0.3866324,9.103236,1040
11017-12703,1-319368,0.030425321,0.801,0.801,100.5,13.26309262700068,3,1,0,10.596,11.018,0.621,0.022467,41.217,0.4220000000000006,10.459,11.039,0.737,0.022142,41.221,0.5800000000000001,10.078249699383964,10.415791,56.139355,0.8590417,0.7734008,11.011979,1168
8097-6101,1-42280,0.0262427,0.651,0.651,190.0,6.625555928924371,1,1,2,10.85,10.908,0.124,0.021279,80.829,0.05799999999999983,10.823,10.916,0.192,0.018462,80.829,0.09299999999999997,10.610757016989792,10.9482975,170.40565,1.2313055,0.568225,5.82635,4096
10505-6102,1-585543,0.0231761,0.058,0.058,321.0,18.083001944693073,1,1,0,11.605,11.68,0.153,0.015356,74.459,0.07499999999999929,11.599,11.688,0.181,0.032592,85.23,0.08900000000000041,11.031675019046016,11.369216,320.30682,1.0460665,0.776422,12.1365,0
10509-6104,1-173966,0.024334,0.612,0.612,86.9,5.7377304133504925,1,1,0,9.737,10.208,0.662,0.029253,58.14,0.4710000000000001,10.044,10.216,0.326,0.028497,58.39,0.17199999999999882,9.614482751988167,9.9520235,67.15965,0.9511181,0.600529,5.49506,1168
11011-12705,1-197398,0.027036354,0.876,0.876,97.0,5.503634786334584,1,1,2,9.972,10.096,0.248,0.030119,80.829,0.12400000000000055,9.648,10.059,0.612,0.029981,80.829,0.4109999999999996,9.765970645625183,10.103511,52.003174,0.946395,0.2728001,8.31602,4288
8324-12701,1-285021,0.0274471,0.856,0.856,134.9,7.290484666920548,3,1,0,10.577,10.577,0.0,0.027108,74.911,0.0,10.582,10.582,0.001,0.019429,75.059,0.0,10.258011965837564,10.595552,85.28661,0.942533,0.354141,9.23223,1552
11830-3703,1-319477,0.025118109,0.624,0.624,105.7,4.842581098823284,1,1,0,10.215,10.215,0.0,0.038175,71.236,0.0,10.181,10.212,0.068,0.034254,74.624,0.031000000000000583,9.891681587186598,10.229222,99.05338,0.98136103,0.5586071,4.9369087,1168
11944-6101,1-248535,0.03740955,0.449,0.449,202.3,9.125626329116958,1,1,0,11.215,11.251,0.079,0.024592,47.097,0.03599999999999959,11.192,11.218,0.057,0.02462,62.628,0.0259999999999998,10.784484773377699,11.1220255,195.84113,0.9641095,0.83100456,6.655531,1040
11835-12704,1-82657,0.025866048,0.772,0.772,66.5,5.657102638969797,1,1,0,9.786,10.055,0.462,0.030564,49.748,0.26900000000000013,9.719,10.059,0.542,0.030699,49.734,0.33999999999999986,9.681887583513072,10.019428,50.65094,0.9247026,0.7265932,5.1062965,1168
11868-6102,1-272812,0.036565352,0.464,0.464,123.9,7.0174577446580075,1,1,0,10.594,11.074,0.669,0.014662,18.594,0.4800000000000004,10.589,11.082,0.679,0.014357,18.606,0.4930000000000003,10.486544499839425,10.824085,123.92931,0.97259724,0.86011213,5.3056674,1552
11952-1901,1-325830,0.0325022,0.747,0.747,84.2,8.597677946766613,1,1,2,9.096,10.693,0.975,0.035235,53.457,1.5969999999999995,10.116,10.656,0.712,0.035854,53.908,0.5400000000000009,9.746736020495117,10.084276,69.80477,0.96392953,0.94137675,0.7977796,4096
12485-12703,1-415475,0.033865802,0.793,0.793,194.2,8.848758943033435,1,1,0,11.074,11.075,0.0,0.022443,81.767,0.0009999999999994458,11.015,11.053,0.083,0.02331,81.974,0.038000000000000256,10.743031699378493,11.080572,155.60628,0.91811395,0.3332543,11.838131,1040
8651-1902,1-635348,0.0535281,0.228,0.228,177.6,5.907170624925184,1,1,0,11.181,11.231,0.109,0.036265,19.296,0.05000000000000071,11.165,11.237,0.152,0.033383,20.914,0.07200000000000095,10.807664214843491,11.145205,176.27672,1.2177843,0.747939,4.2764,1040
8651-3702,1-178844,0.0246122,0.679,0.679,95.2,5.612341001518899,1,1,0,9.747,10.228,0.669,0.029775,79.844,0.48099999999999987,10.043,10.249,0.378,0.033934,86.789,0.2060000000000013,9.840689364266611,10.17823,78.329926,0.9685173,0.568039,5.52558,1168
8651-6103,1-179208,0.0231815,0.741,0.741,104.7,7.532705967183285,3,1,2,10.404,10.453,0.107,0.022192,56.534,0.04899999999999949,10.331,10.456,0.251,0.021995,57.509,0.125,10.128551115983035,10.466092,76.691925,1.0120142,0.629818,7.21505,4112
8652-12705,1-26536,0.0310916,0.906,0.906,156.7,9.146850819959434,3,1,0,10.66,10.869,0.382,0.018715,77.866,0.20899999999999963,10.701,10.88,0.339,0.018086,77.866,0.17900000000000027,10.426296500889029,10.763837,93.07464,0.9186813,0.380928,12.239,1040
8652-1901,1-26003,0.0267021,0.446,0.446,108.0,4.0501264643117345,1,1,0,10.199,10.199,0.0,0.044028,36.616,0.0,10.201,10.201,0.0,0.043094,36.616,0.0,9.954841422669205,10.292382,113.62734,1.3547914,0.876829,2.42228,1168
8652-3701,1-26390,0.0631259,0.718,0.718,271.8,5.730778650067535,3,1,2,11.562,11.563,0.0,0.0363,46.396,0.0010000000000012221,11.56,11.574,0.031,0.033361,46.297,0.013999999999999346,10.831748231572611,11.169289,235.93332,1.0080259,0.763952,4.95816,4096
8652-3702,1-26186,0.0269276,0.688,0.688,73.9,5.909695355266002,1,1,0,9.919,10.243,0.526,0.02973,44.588,0.32399999999999984,10.158,10.234,0.159,0.029017,44.078,0.07600000000000051,9.746592946785714,10.084133,57.11724,0.9394008,0.791107,4.85452,1168
8652-3703,1-26587,0.0426293,0.465,0.465,216.3,5.807564467245921,1,1,0,11.103,11.121,0.04,0.028609,69.928,0.018000000000000682,11.091,11.117,0.056,0.029862,86.222,0.026000000000001577,10.813083700297454,11.150624,205.70729,1.2795873,0.65888,4.55039,1040
11954-12705,1-319544,0.015371988,0.767,0.767,68.7,7.2203497252040485,1,1,0,9.674,9.755,0.169,0.029143,76.458,0.0810000000000013,9.556,9.737,0.341,0.029074,76.479,0.18100000000000094,9.168562976320851,9.5061035,45.655815,0.89936185,0.3489685,10.016572,1040
12079-12705,1-35716,0.050079174,0.873,0.873,133.2,5.183585033324889,3,1,0,10.649,10.649,0.0,0.038223,71.936,0.0,10.654,10.654,0.0,0.038503,71.941,0.0,10.247824452069775,10.585365,87.28679,0.899158,0.3637816,6.497854,0
12487-6101,1-386733,0.03388847,0.54,0.54,109.2,7.421308765807175,1,1,0,10.947,11.013,0.142,0.021238,18.261,0.06600000000000072,10.936,11.011,0.159,0.021366,18.274,0.07499999999999929,10.620756434064157,10.958297,106.98897,1.0420954,0.86523783,5.5776086,1040
11758-6101,1-319587,0.03048668,0.692,0.692,161.7,4.80594749697378,1,1,0,10.651,10.689,0.084,0.022226,73.955,0.038000000000000256,10.649,10.689,0.087,0.02469,86.698,0.040000000000000924,10.486966887255438,10.824508,139.54564,0.9720538,0.842698,7.3769364,1040
12487-12704,1-386762,0.020495962,0.736,0.736,82.4,6.526371798478472,1,1,0,10.006,10.047,0.09,0.037389,77.465,0.04100000000000037,9.698,9.999,0.499,0.036489,75.156,0.30100000000000016,9.544996416746683,9.882537,65.24504,0.9102835,0.43631917,7.138702,1552
11752-1902,1-54829,0.025480585,0.49,0.49,150.3,5.494703607448823,3,1,0,10.657,10.703,0.1,0.035748,31.635,0.045999999999999375,10.626,10.726,0.204,0.035435,31.761,0.10000000000000142,10.115247016521023,10.452787,152.64987,1.1719769,0.9262133,3.5487142,1040
11954-6103,1-195601,0.032208078,0.805,0.805,104.6,6.612818846808659,1,1,2,10.241,10.462,0.399,0.029139,66.263,0.22100000000000009,10.167,10.463,0.494,0.030278,67.319,0.2959999999999994,10.043742796914145,10.381284,77.91439,0.883461,0.51375407,6.381569,4672
12068-9102,1-26985,0.056780443,0.796,0.796,177.3,8.261138553051843,1,1,2,11.208,11.301,0.193,0.026872,56.158,0.09299999999999997,11.208,11.302,0.194,0.026927,56.158,0.09399999999999942,10.7926868043827,11.130227,148.17209,0.9217446,0.59839445,7.3488026,4160
8656-12705,1-287790,0.0585413,0.803,0.803,183.2,11.780489008683933,1,1,0,11.454,11.455,0.0,0.032434,56.158,0.0009999999999994458,11.449,11.475,0.058,0.032171,56.159,0.0259999999999998,10.865728601198946,11.203269,151.08707,0.9627172,0.525765,10.9565,1040
8656-1902,1-31374,0.0379023,0.343,0.343,93.1,9.191304012575742,1,1,0,10.705,10.707,0.003,0.037605,18.209,0.002000000000000668,10.583,10.908,0.527,0.03461,18.209,0.3249999999999993,10.550516971208783,10.888058,89.28736,1.0411642,0.949584,5.91087,1040
8656-3704,1-31485,0.060319,0.075,0.075,174.0,6.487007499387446,1,1,2,11.13,11.137,0.015,0.037373,18.209,0.006999999999999673,11.112,11.132,0.043,0.03737,18.225,0.019999999999999574,10.834638749970674,11.172179,177.74763,0.9938892,0.962132,4.79964,4096
8656-6101,1-600853,0.0194424,0.578,0.578,108.4,7.168267910443773,1,1,2,10.255,10.255,0.0,0.025488,59.491,0.0,10.261,10.261,0.0,0.024677,59.491,0.0,10.030672570475327,10.368214,105.575485,1.0565449,0.652279,6.44794,4160
8657-12701,1-31639,0.0302225,0.738,0.738,86.7,7.798419192937267,1,1,2,10.236,10.315,0.167,0.025445,67.958,0.07899999999999885,10.203,10.313,0.224,0.025462,68.595,0.11000000000000121,9.696993818043202,10.034534,62.243202,0.8881763,0.479054,9.52039,4608
8657-1901,1-31801,0.0258794,0.575,0.575,130.1,2.9182157363990777,1,1,0,10.186,10.238,0.111,0.031641,60.643,0.0519999999999996,10.175,10.235,0.129,0.034378,62.092,0.05999999999999872,9.859101053293896,10.196642,126.467705,1.357354,0.732494,2.54645,1168
8657-6102,1-31587,0.0195052,0.766,0.766,70.8,5.383772190972219,1,1,0,9.671,9.847,0.333,0.034459,63.801,0.17600000000000016,9.568,9.84,0.465,0.034448,63.895,0.27200000000000024,9.340834605960318,9.678375,48.463173,0.90648496,0.582079,6.15203,1168
8657-6103,1-32034,0.0771138,0.073,0.073,239.7,7.772514285952387,1,1,0,11.519,11.595,0.158,0.022855,39.215,0.07600000000000051,11.631,11.675,0.096,0.020481,3.437,0.04400000000000048,11.078137686518112,11.415678,243.02254,0.90297705,0.680369,6.43907,1040
8657-9102,1-31996,0.0813744,0.592,0.592,96.6,9.136903301262077,1,1,2,11.172,11.172,0.0,0.035898,25.882,0.0,11.15,11.15,0.0,0.036473,25.964,0.0,10.83013232358067,11.167673,106.944954,0.87365615,0.948416,7.70458,4160
8710-12702,1-378729,0.0239561,0.292,0.292,170.4,2.530157831269626,1,1,0,10.406,10.413,0.013,0.039476,71.327,0.006999999999999673,10.399,10.4,0.0,0.03383,78.16,0.0010000000000012221,9.881482804221985,10.219024,168.66727,1.6659335,0.728306,2.0351,1168
8710-12705,1-378690,0.0219465,0.838,0.838,75.1,6.0839449406704205,1,1,0,9.867,9.867,0.0,0.04221,82.292,0.0,9.469,9.814,0.548,0.04185,81.652,0.34500000000000064,9.501794337374783,9.8393345,47.400085,0.8855262,0.253184,9.17767,1168
8710-1902,1-378687,0.0213641,0.601,0.601,192.6,1.6996215053744768,3,1,0,10.238,10.249,0.018,0.054193,54.346,0.011000000000001009,10.222,10.232,0.016,0.055009,84.745,0.009999999999999787,9.473133551462647,9.810674,192.29092,1.8059949,0.805396,1.39375,1168
8710-3701,1-378663,0.0211671,0.473,0.473,103.9,3.430058972006536,1,1,0,10.015,10.02,0.012,0.0381,86.636,0.004999999999999005,10.019,10.02,0.0,0.044049,86.636,0.0009999999999994458,9.746005651756827,10.083547,98.69617,1.0895499,0.660768,4.23976,1552
8710-3702,1-378674,0.022287,0.734,0.734,123.4,5.462675302440807,1,1,0,10.328,10.407,0.165,0.033942,79.787,0.07900000000000063,10.426,10.428,0.004,0.029105,79.787,0.002000000000000668,9.74547687456369,10.083017,98.85526,1.0272487,0.485878,5.21386,1168
8710-3703,1-378699,0.021466,0.242,0.242,111.8,4.948238385928942,1,1,2,10.21,10.279,0.147,0.03234,19.158,0.06899999999999906,10.204,10.295,0.188,0.031945,19.185,0.0909999999999993,9.999040017572913,10.33658,110.583885,0.95412993,0.880365,5.17236,4112
8710-6102,1-378688,0.0243887,0.543,0.543,95.5,7.914535337541608,1,1,2,10.281,10.452,0.325,0.024866,32.222,0.17099999999999937,10.282,10.459,0.335,0.024831,32.216,0.1769999999999996,10.262802180474184,10.600343,91.623474,1.0475757,0.865052,6.13351,4160
8710-6104,1-378660,0.0204351,0.703,0.703,60.5,6.987292750575319,1,1,0,9.643,9.871,0.41,0.060576,52.692,0.22799999999999976,9.524,9.918,0.596,0.058563,52.692,0.39400000000000013,9.465409622200953,9.80295,43.56018,0.9326876,0.695912,6.12754,1552
8710-9102,1-378670,0.0240727,0.769,0.769,77.6,5.766273377775429,1,1,0,9.657,9.996,0.542,0.038764,86.636,0.3390000000000004,10.072,10.072,0.0,0.036976,79.437,0.0,9.424035080725663,9.761576,54.328926,0.9024277,0.464344,7.25066,1168
11759-12703,1-296,0.020075804,0.809,0.809,136.4,6.0671227494367725,3,1,2,10.405,10.421,0.036,0.025831,79.683,0.016000000000000014,10.297,10.391,0.194,0.024931,79.523,0.09399999999999942,10.026483703915053,10.364024,99.00294,1.105077,0.39366588,7.087163,4160
11759-1902,1-225,0.026602052,0.714,0.714,78.9,2.874001898900443,1,1,2,9.59,9.709,0.239,0.044817,77.559,0.11899999999999977,9.578,9.711,0.265,0.045548,85.355,0.1330000000000009,9.608643683632732,9.946184,68.87789,1.0708677,0.4516902,3.6276271,4288
11823-3703,1-564585,0.09610256,0.769,0.769,192.0,6.693215447463455,1,1,2,11.424,11.442,0.04,0.049412,45.299,0.018000000000000682,11.282,11.448,0.317,0.074454,45.313,0.16600000000000037,10.987281261157104,11.324821,177.46135,0.93211806,0.8359551,5.6897774,4096
11977-6102,1-325994,0.03557827,0.143,0.143,137.1,6.816468736889813,1,1,0,10.532,10.532,0.0,0.04069,38.009,0.0,10.568,10.57,0.002,0.037597,24.122,0.002000000000000668,10.451337821704508,10.788878,145.89616,1.0257391,0.88517284,5.307354,1168
11954-3703,1-195737,0.029800797,0.7,0.7,105.1,5.828819249420609,1,1,0,10.483,10.483,0.0,0.026741,49.444,0.0,10.448,10.492,0.096,0.025836,49.353,0.04400000000000048,10.100403047051845,10.437943,88.246124,1.0414501,0.7588424,5.051653,1168
11758-6102,1-196021,0.030072605,0.864,0.864,107.8,6.186384202030052,3,1,2,10.396,10.401,0.012,0.033077,72.178,0.004999999999999005,10.381,10.396,0.034,0.03234,72.02,0.015000000000000568,9.973374684476472,10.310915,64.93215,0.9315251,0.4360241,7.378115,4224
11754-6102,1-52936,0.025375271,0.425,0.425,96.0,6.094629302114651,1,1,0,10.686,10.938,0.439,0.023984,18.297,0.25200000000000067,10.677,10.902,0.404,0.023146,18.317,0.22499999999999964,9.910535851006317,10.248076,92.57039,0.94556916,0.6801041,5.826759,1168
11827-1902,1-320796,0.02552837,0.427,0.427,85.2,4.6578816361662225,1,1,0,9.949,9.949,0.0,0.035118,18.449,0.0,9.946,9.963,0.037,0.032654,18.381,0.01699999999999946,10.14094482036536,10.478485,87.669136,1.4740505,0.9623075,3.5085707,1040
11942-3702,1-135190,0.03049852,0.559,0.559,113.6,5.590831990967289,1,1,2,10.48,10.499,0.044,0.036819,59.78,0.019000000000000128,10.461,10.504,0.094,0.036251,59.498,0.04299999999999926,10.15424973342847,10.491791,105.08324,0.93119675,0.6792144,5.108996,4288
11957-12702,1-150906,0.028289797,0.783,0.783,137.7,7.314153690750813,3,1,0,10.621,10.658,0.083,0.02185,76.182,0.036999999999999034,10.579,10.651,0.153,0.021845,77.237,0.07199999999999918,10.302985557247734,10.640526,100.71628,0.93116045,0.3692051,9.110452,1552
11754-6104,1-53025,0.051454227,0.768,0.768,156.7,5.8438121190901695,1,1,2,10.726,10.94,0.389,0.02381,57.321,0.21399999999999864,10.609,10.934,0.526,0.026153,57.382,0.3249999999999993,10.72480222679712,11.062343,127.97643,0.9207828,0.6683674,5.571332,4112
11827-3702,1-320560,0.0773578,0.223,0.223,310.1,6.179410613459923,1,1,0,11.684,11.713,0.062,0.03338,86.222,0.028999999999999915,11.67,11.711,0.086,0.044656,86.222,0.04100000000000037,11.081713530801174,11.419254,308.522,0.9610791,0.7387515,5.0972676,1040
11942-3704,1-135596,0.0707583,0.075,0.075,159.1,3.5573058027240823,1,1,0,10.809,10.881,0.15,0.034294,39.215,0.07200000000000095,10.891,10.905,0.031,0.032627,7.858,0.013999999999999346,10.745577922321287,11.083118,160.15927,1.2687267,0.80710495,3.0971944,0
11957-12704,1-151408,0.021709688,0.735,0.735,78.7,11.864988758861271,1,1,0,10.148,10.362,0.388,0.019825,63.319,0.2140000000000004,10.165,10.362,0.366,0.019826,63.253,0.19700000000000095,9.817184411534473,10.154725,55.207012,0.89763635,0.58913237,11.652595,1040
12506-12702,1-82688,0.027421713,0.485,0.485,183.1,2.5536020829344808,1,1,2,10.411,10.412,0.0,0.045046,67.35,0.0010000000000012221,10.412,10.417,0.008,0.040972,84.745,0.004999999999999005,9.760426381500286,10.097967,185.8291,1.4401841,0.8696469,1.9553332,4288
11945-6103,1-95316,0.028749062,0.696,0.696,64.4,2.253241152466602,1,1,2,9.445,9.565,0.241,0.052135,65.854,0.11999999999999922,9.519,9.584,0.139,0.05092,65.923,0.0649999999999995,9.350613815504687,9.688154,54.73216,0.9619381,0.49465242,2.7396152,4096
12485-6104,1-407685,0.037158422,0.406,0.406,219.3,9.372182880200095,3,1,0,11.263,11.306,0.093,0.026427,40.055,0.04299999999999926,11.23,11.284,0.116,0.026531,45.094,0.05400000000000027,10.76383748241754,11.101378,216.9063,0.910166,0.8744176,6.5320606,1040
12067-3701,1-26470,0.0379819,0.445,0.445,116.9,1.4495729335198646,1,1,0,9.914,9.973,0.126,0.019086,43.598,0.05900000000000105,9.938,9.972,0.075,0.0186,43.978,0.03399999999999892,10.087912750741486,10.425453,117.09398,2.358091,0.9449186,1.137633,0
11955-3703,1-195276,0.03,0.654,0.654,72.1,5.1614354700707725,1,1,0,8.419,9.965,0.972,0.030393,73.597,1.5459999999999994,8.551,9.962,0.961,0.030356,74.521,1.4109999999999996,9.268506714598923,9.606048,54.408978,0.91915977,0.43638623,5.974061,0
11979-12703,1-273213,0.03560899,0.735,0.735,103.0,11.231119828647106,1,1,0,11.134,11.134,0.0,0.019247,25.732,0.0,11.128,11.13,0.006,0.01918,25.743,0.002000000000000668,10.544873892776447,10.882415,88.26282,0.8972612,0.8741826,9.060061,1040
12069-9102,1-27571,0.057814494,0.418,0.418,225.4,7.811265140532174,1,1,0,11.45,11.485,0.075,0.029981,43.051,0.03500000000000014,11.451,11.485,0.073,0.029979,43.05,0.03399999999999892,10.941430330257278,11.278971,223.12941,0.9768589,0.8525405,5.8030457,1040
12084-3701,1-117104,0.027182266,0.595,0.595,61.4,4.145730027648873,1,1,2,9.365,9.67,0.504,0.062378,69.618,0.3049999999999997,9.128,9.636,0.689,0.062147,76.348,0.5079999999999991,9.298745471532683,9.636286,49.135754,0.87317127,0.42064264,4.8836226,4672
11827-1901,1-592801,0.026521722,0.526,0.526,152.0,3.290830948382482,1,1,0,10.306,10.361,0.116,0.018086,55.348,0.05500000000000149,10.318,10.362,0.094,0.018004,65.227,0.04400000000000048,10.261659145263042,10.599199,151.79211,3.0022478,0.9079578,1.7439579,1040
12071-3701,1-28665,0.026888033,0.309,0.309,62.3,5.934229292772144,1,1,2,9.864,9.864,0.0,0.039187,80.043,0.0,9.863,9.863,0.0,0.038779,80.043,0.0,9.762969046321707,10.10051,65.001564,0.91668165,0.96732324,4.514764,4288
12079-6104,1-35830,0.07628414,0.07,0.07,230.3,8.154743226598336,1,1,0,11.477,11.546,0.147,0.02875,84.558,0.06899999999999906,11.484,11.548,0.136,0.033027,83.041,0.06400000000000006,11.063549213844805,11.40109,233.69711,0.8876553,0.8146359,6.6910405,1040
11963-3702,1-335803,0.04431709,0.05,0.05,178.2,6.162550145870048,1,1,0,11.111,11.264,0.297,0.030899,2.738,0.1529999999999987,11.16,11.314,0.299,0.030872,2.687,0.15399999999999991,10.649425749177885,10.986966,181.77745,0.9836375,0.87404287,4.7925067,1040
11753-6104,1-78294,0.02410564,0.698,0.698,113.0,5.10550178379722,1,1,0,10.217,10.217,0.0,0.029074,71.936,0.0,9.978,10.193,0.39,0.031994,75.357,0.21499999999999986,9.763603996916212,10.101145,87.90764,0.98512274,0.4204047,6.101638,1168
11838-12703,1-2386,0.021503476,0.741,0.741,104.7,6.383963574276706,3,1,0,10.344,10.378,0.075,0.022808,49.444,0.034000000000000696,10.343,10.38,0.08,0.022814,49.429,0.03700000000000081,9.944705289709264,10.282246,88.365616,0.9749336,0.7255283,5.5068994,0
11867-1901,1-53664,0.027369028,0.599,0.599,75.8,2.343544520997869,1,1,2,9.375,9.673,0.496,0.065575,86.698,0.29800000000000004,9.762,9.762,0.0,0.064397,86.698,0.0,9.094947752395438,9.432488,67.58225,0.9853309,0.51974684,2.5843854,4608
11758-3704,1-576448,0.015097782,0.698,0.698,49.3,4.6257687413658335,1,1,0,7.814,9.387,0.973,0.038261,70.782,1.5730000000000004,9.419,9.461,0.093,0.033587,72.772,0.041999999999999815,9.184179996416356,9.521721,37.26926,1.0083687,0.55884707,4.766229,1168
11834-9102,1-70384,0.029348467,0.848,0.848,109.2,5.492423468030532,3,1,0,10.297,10.297,0.0,0.030033,82.532,0.0,10.297,10.297,0.0,0.030047,82.77,0.0,10.02946514954161,10.367005,66.94893,0.9413681,0.30575138,7.8547196,1216
11838-6102,1-1756,0.09594076,0.092,0.092,255.5,6.8312559394735155,1,1,0,11.72,11.764,0.095,0.04911,19.3,0.04399999999999871,11.608,11.724,0.233,0.049982,20.031,0.11599999999999966,11.126938989382838,11.464479,260.2779,0.9910426,0.75947994,6.2664537,1040
12087-6103,1-117543,0.04002696,0.515,0.515,164.3,7.449430944174589,1,1,0,11.165,11.165,0.0,0.039022,31.795,0.0,11.165,11.165,0.0,0.039025,31.798,0.0,10.678287850441293,11.015828,171.6621,0.8581618,0.84121954,6.3676777,1040
12491-6101,1-62047,0.05309916,0.732,0.732,162.9,7.039454858991182,1,1,0,11.138,11.141,0.006,0.033464,45.622,0.0030000000000001137,11.109,11.139,0.066,0.032486,45.235,0.02999999999999936,10.803972043305075,11.141513,133.197,0.93694377,0.7940253,6.1699543,1040
11823-12702,1-272423,0.06586271,0.926,0.926,157.2,6.594418693400294,1,1,2,11.036,11.111,0.158,0.028603,60.623,0.07500000000000107,11.017,11.112,0.195,0.028732,60.793,0.09500000000000064,10.786797545744145,11.124338,103.594345,0.8778679,0.674923,8.348411,4160
11754-3702,1-605387,0.04954435,0.459,0.459,202.1,7.565625136162713,1,1,0,11.185,11.293,0.218,0.021249,53.654,0.10799999999999876,11.19,11.291,0.206,0.021238,54.059,0.10100000000000087,10.738285069277998,11.075826,193.27354,0.9253901,0.8219878,5.3059053,1040
11838-6103,1-60931,0.021628667,0.674,0.674,71.9,11.127212831339751,1,1,2,10.55,10.55,0.0,0.021163,31.598,0.0,10.556,10.556,0.0,0.021111,31.598,0.0,9.753055227490353,10.090596,54.262558,0.90615827,0.8159573,9.323153,4160
11956-6104,1-151640,0.021758389,0.727,0.727,78.9,5.200242834622895,1,1,0,9.773,9.943,0.324,0.028291,77.018,0.16999999999999993,9.697,9.931,0.416,0.028703,79.399,0.23399999999999999,9.749635921665085,10.087176,65.28725,0.94270295,0.44478622,5.95056,1552
11980-1902,1-326001,0.035475474,0.73,0.73,138.8,2.6104193632174484,1,1,2,10.38,10.409,0.064,0.038044,86.82,0.028999999999999915,10.388,10.412,0.053,0.038061,86.82,0.02400000000000091,10.218047687218334,10.555589,122.5635,1.46137,0.43972114,3.0328143,4096
12071-12705,1-106630,0.054814097,0.573,0.573,178.6,10.458196570268768,1,1,0,11.288,11.393,0.214,0.021759,50.693,0.10500000000000043,11.261,11.408,0.288,0.021579,50.615,0.14700000000000024,10.909387787772902,11.246928,171.05566,0.9326473,0.7282216,9.035626,1040
12485-12701,1-415389,0.06763089,0.096,0.096,195.5,10.260166540901368,1,1,0,11.353,11.497,0.283,0.01742,39.215,0.14400000000000013,11.474,11.51,0.08,0.015266,20.764,0.03599999999999959,11.056119478174452,11.393661,200.27727,0.8917091,0.74837774,9.51863,1040
11953-9102,1-283673,0.07254687,0.055,0.055,244.6,7.074374021585879,1,1,2,11.638,11.818,0.34,0.031767,2.717,0.17999999999999972,11.697,11.855,0.305,0.031512,2.677,0.15800000000000125,10.893694421779829,11.2312355,248.46634,1.0204581,0.79031974,6.8329725,4160
11952-12701,1-325038,0.04584579,0.828,0.828,151.5,10.559187581270818,1,1,0,11.039,11.216,0.334,0.023985,45.367,0.1769999999999996,11.034,11.219,0.345,0.02446,45.456,0.18499999999999872,10.71059749872486,11.048138,131.42244,0.97391427,0.6001702,8.415828,1040
11832-12701,1-151205,0.017922651,0.659,0.659,73.2,8.540573886544404,1,1,0,9.755,10.018,0.455,0.03758,77.45,0.2629999999999999,10.031,10.058,0.059,0.036403,77.45,0.026999999999999247,9.045949788321547,9.383491,57.157005,0.9063488,0.4303655,10.0677595,1040
12490-6102,1-138227,0.02951742,0.567,0.567,161.1,8.220157446064048,1,1,0,10.914,10.914,0.0,0.031128,36.878,0.0,10.914,10.915,0.002,0.031154,36.938,0.0009999999999994458,10.528956915626539,10.866498,152.06912,0.947493,0.9071836,5.5803337,1088
11970-6103,1-333431,0.047951013,0.565,0.565,178.2,7.32214514673517,1,1,0,11.137,11.141,0.008,0.027172,49.82,0.0039999999999995595,11.101,11.147,0.1,0.02654,49.387,0.045999999999999375,10.683402707686064,11.020944,168.18817,0.93545425,0.78635985,5.8826966,1040
11984-6102,1-324698,0.036523577,0.698,0.698,151.3,5.897855365332314,3,1,2,10.731,10.81,0.165,0.023752,68.922,0.07900000000000063,10.72,10.824,0.212,0.022093,68.925,0.1039999999999992,10.367619083379436,10.70516,137.66393,1.0110683,0.5724508,5.82267,4288
11753-1902,1-55225,0.09970118,0.066,0.066,285.4,7.107102851047337,1,1,0,11.748,11.815,0.141,0.03923,39.215,0.06700000000000017,11.865,11.866,0.0,0.037402,3.889,0.0009999999999994458,11.22143400887682,11.558974,287.47006,1.0164567,0.9283601,6.2358546,1088
11866-12701,1-811,0.047477562,0.793,0.793,187.9,12.508943302223859,3,1,0,11.408,11.55,0.278,0.017007,45.313,0.14200000000000124,11.407,11.549,0.278,0.017012,45.313,0.14199999999999946,10.983957090794693,11.321498,154.564,0.95612276,0.81057465,10.864501,1088
11831-12703,1-195355,0.029384013,0.796,0.796,70.8,12.216534405950183,1,1,0,10.525,11.011,0.674,0.022217,25.731,0.4859999999999989,10.555,10.996,0.638,0.02242,25.745,0.4410000000000007,10.017110085715112,10.3546505,46.01747,0.87211305,0.78202087,9.911175,1152
12082-6101,1-36357,0.0492484,0.743,0.743,199.9,5.904701470215277,3,1,2,11.091,11.104,0.027,0.034318,74.139,0.0129999999999999,11.079,11.107,0.062,0.032673,74.951,0.027999999999998693,10.595708654499743,10.933249,175.17122,1.0479338,0.4839014,6.4470425,4096
11827-3703,1-197166,0.044128213,0.098,0.098,224.7,5.7863930442138605,1,1,0,11.165,11.168,0.003,0.031256,85.581,0.0030000000000001137,11.168,11.169,0.0,0.050924,85.581,0.0010000000000012221,10.668572576600106,11.006113,229.64447,1.0576892,0.78141034,4.7876678,1040
11980-6103,1-270631,0.03549979,0.484,0.484,196.9,9.387509036303694,1,1,0,11.221,11.278,0.123,0.022235,36.147,0.057000000000000384,11.207,11.287,0.167,0.021908,36.126,0.08000000000000007,10.754732860119596,11.092274,188.83862,0.9174461,0.87339836,6.3124413,1040
12506-12703,1-630772,0.025170252,0.76,0.76,84.7,8.565857087721227,1,1,0,10.178,10.345,0.32,0.024684,71.522,0.16699999999999982,10.308,10.355,0.103,0.024338,71.196,0.0470000000000006,9.571441419703849,9.908982,57.84475,0.8755177,0.49208003,9.099632,1168
12483-12703,1-590252,0.031225746,0.821,0.821,124.7,9.788136676236244,3,1,0,10.65,10.712,0.134,0.022099,73.676,0.06199999999999939,10.713,10.723,0.022,0.021965,73.705,0.010000000000001563,10.278901898624863,10.616443,82.15432,0.8852458,0.42293823,12.065503,1040
11946-3701,1-211561,0.03047918,0.449,0.449,104.9,3.897723563834091,1,1,2,10.2,10.223,0.053,0.04443,72.613,0.023000000000001464,10.195,10.224,0.064,0.044398,72.565,0.028999999999999915,9.947504105221379,10.285045,102.95264,1.104656,0.561535,3.8572702,4672
11760-3701,1-233599,0.021691838,0.597,0.597,69.0,3.0447423306901773,1,1,0,9.507,9.507,0.0,0.055465,78.111,0.0,9.314,9.464,0.292,0.055067,77.866,0.15000000000000036,9.079189823278943,9.416731,58.098278,0.93555886,0.35476306,4.1883874,1168
11758-12701,1-591746,0.029910738,0.459,0.459,175.9,16.047602112750567,3,1,2,11.327,11.328,0.0,0.021271,32.417,0.0009999999999994458,11.333,11.333,0.0,0.020965,32.429,0.0,10.74866029803572,11.086201,178.83627,0.9397319,0.8668431,12.691121,4096
11753-3703,1-606121,0.034538437,0.735,0.735,120.7,6.949580110945492,3,1,0,10.716,10.716,0.0,0.02662,59.765,0.0,10.692,10.719,0.059,0.027129,59.805,0.026999999999999247,10.349373702844249,10.686914,97.86887,0.91431445,0.74073297,6.0464787,1168
11955-9101,1-195763,0.029188674,0.228,0.228,137.1,10.131163450666952,2,1,0,10.954,11.077,0.248,0.02236,2.776,0.12299999999999933,11.036,11.193,0.303,0.022336,2.664,0.15700000000000003,10.516702555004525,10.854243,138.60165,0.8757165,0.95736367,7.4975214,1040
8722-12701,1-46349,0.0942849,0.066,0.066,217.3,9.917551295667524,1,1,0,11.601,11.709,0.22,0.041835,3.366,0.10799999999999876,11.599,11.707,0.219,0.041834,3.388,0.10800000000000054,11.153241522108555,11.490782,224.99646,0.96121895,0.812796,8.56174,1024
8722-12704,1-46358,0.0237579,0.773,0.773,85.4,11.024555962078573,1,1,0,8.718,10.496,0.983,0.023853,54.033,1.7780000000000005,9.144,10.5,0.956,0.022818,54.716,1.3559999999999999,9.690269637966125,10.02781,50.007885,0.9040765,0.68242,11.1732,1168
8722-12705,1-46428,0.0237925,0.719,0.719,82.7,10.724635210865031,1,1,0,9.863,10.503,0.771,0.019743,47.429,0.6400000000000006,10.18,10.505,0.527,0.019701,46.945,0.32500000000000107,9.925964590176434,10.263505,55.174774,0.91089743,0.72251,11.0126,1552
8722-3702,1-46076,0.110306,0.079,0.079,198.4,6.126024719145625,1,1,2,11.861,12.006,0.283,0.060169,2.592,0.14499999999999957,11.691,11.754,0.134,0.060289,2.677,0.06299999999999883,11.158941165707718,11.496482,212.00378,0.91077894,0.908863,5.9114,4160
8722-6102,1-548300,0.0721737,0.077,0.077,258.7,6.515516625024529,1,1,0,11.454,11.553,0.202,0.006611,57.672,0.0990000000000002,11.448,11.539,0.186,0.006786,84.023,0.0909999999999993,11.031771907514003,11.369312,262.44626,0.948326,0.859395,6.13749,1040
8722-6103,1-46006,0.0729028,0.378,0.378,210.2,6.552183629953629,1,1,2,11.39,11.513,0.246,0.035842,39.194,0.12299999999999933,11.379,11.492,0.229,0.035938,40.213,0.11300000000000132,10.940718145978403,11.278258,207.54211,0.93006057,0.825612,6.03073,4096
8722-6104,1-45489,0.0773827,0.199,0.199,254.3,6.9350145164182155,1,1,0,11.518,11.583,0.138,0.035216,82.135,0.0649999999999995,11.517,11.584,0.141,0.038887,84.745,0.06700000000000017,11.067606416053929,11.405147,254.9259,0.9540579,0.838811,5.43001,1040
8723-12701,1-605245,0.0388248,0.882,0.882,148.7,11.660847108909218,3,1,0,11.093,11.093,0.0,0.021773,59.729,0.0,11.091,11.093,0.006,0.021266,59.655,0.002000000000000668,10.542176611820214,10.879717,91.02643,0.89383817,0.545888,12.4476,1040
8723-12703,1-352833,0.0382468,0.85,0.85,131.2,8.971858493436015,1,1,0,10.689,10.882,0.358,0.015652,59.491,0.19299999999999962,10.849,10.886,0.081,0.014584,59.505,0.036999999999999034,10.533864803007658,10.871406,87.42161,0.8943563,0.621053,8.8053,1040
8723-12704,1-585030,0.0259413,0.688,0.688,113.9,8.728848240046192,3,1,0,10.51,10.587,0.162,0.018676,61.896,0.07699999999999996,10.38,10.58,0.369,0.018338,62.108,0.1999999999999993,10.34326873043138,10.680809,94.60446,0.9529797,0.613722,8.52472,1088
8723-12705,1-46819,0.0320651,0.81,0.81,112.0,14.264741894134655,3,1,0,11.152,11.152,0.0,0.014739,36.652,0.0,11.152,11.152,0.0,0.01472,36.657,0.0,10.64506250096203,10.982603,74.316154,0.9031153,0.829351,11.987,1040
8723-3703,1-47389,0.0320415,0.408,0.408,69.3,5.670309851424677,1,1,2,9.984,9.985,0.0,0.038384,80.043,0.0009999999999994458,9.984,9.984,0.0,0.038143,80.043,0.0,10.005755186080231,10.343296,71.27435,0.94721496,0.872507,4.49925,4288
8723-6101,1-352796,0.0258226,0.577,0.577,70.3,7.7804837089667895,1,1,0,8.53,10.274,0.982,0.032607,48.385,1.7439999999999998,10.089,10.275,0.347,0.031293,48.138,0.18599999999999994,9.642841272945065,9.980382,54.96137,0.90395415,0.732259,6.7275,1168
8723-6102,1-352786,0.0459575,0.45,0.45,219.4,6.0014233415262055,1,1,0,11.186,11.208,0.047,0.032966,86.221,0.02200000000000024,11.166,11.203,0.081,0.035632,86.221,0.036999999999999034,10.704516851903499,11.042057,208.21306,0.9760154,0.663549,5.44569,1040
8723-6104,1-47409,0.044562,0.54,0.54,131.8,4.317718543234815,1,1,0,10.63,10.647,0.038,0.040861,35.358,0.01699999999999946,10.62,10.64,0.045,0.04088,36.192,0.02000000000000135,10.355336561512381,10.692877,129.12482,1.3379394,0.902485,3.17473,16384
8723-9102,1-352827,0.0305248,0.163,0.163,251.2,9.91252607131664,1,1,0,11.29,11.351,0.126,0.006011,75.408,0.06100000000000172,11.299,11.352,0.111,0.00872,86.055,0.053000000000000824,10.693432337578672,11.0309725,252.56216,0.96428406,0.778493,7.84378,1040
12485-3701,1-415602,0.03512023,0.669,0.669,182.1,4.952840056983258,3,1,0,10.814,10.887,0.154,0.021246,50.488,0.0730000000000004,10.815,10.891,0.161,0.021122,50.423,0.07600000000000051,10.446421246546366,10.783962,169.80869,1.0957613,0.764373,4.238914,1040
12068-3701,1-551011,0.14571314,0.073,0.073,333.7,3.9431696169509003,1,1,0,11.778,11.796,0.037,0.057535,82.799,0.017999999999998906,11.793,11.795,0.0,0.059843,82.799,0.002000000000000668,11.285083174251053,11.622623,339.8674,1.0726005,0.8574501,3.8089638,1024
12078-3704,1-35530,0.023269141,0.519,0.519,157.2,5.122943058992263,1,1,0,10.504,10.642,0.271,0.01651,59.491,0.1379999999999999,10.495,10.657,0.312,0.015958,59.491,0.1620000000000008,10.125802784824856,10.463344,155.70264,1.1133147,0.82067984,4.078967,1040
12081-9101,1-603215,0.042502463,0.812,0.812,150.1,8.985419464165162,1,1,2,10.992,11.03,0.083,0.031533,83.863,0.03799999999999848,10.919,11.012,0.192,0.024348,83.863,0.09299999999999997,10.555692612806137,10.893233,114.16415,0.8631835,0.25097904,13.894797,4160
11942-1902,1-569171,0.030657746,0.398,0.398,189.0,3.0520789448271506,1,1,2,10.64,10.641,0.0,0.042734,52.28,0.0009999999999994458,10.647,10.648,0.0,0.037658,52.634,0.0009999999999994458,10.093017988986581,10.430558,189.96964,1.4108815,0.83522743,2.4489613,4288
12491-6104,1-612698,0.031147812,0.391,0.391,203.5,8.419136107340304,1,1,0,11.069,11.08,0.022,0.031611,76.212,0.010999999999999233,11.056,11.08,0.052,0.031615,75.448,0.02400000000000091,10.517946156567493,10.855487,202.27702,0.91926473,0.7843643,6.472995,1040
12066-3701,1-635804,0.027196975,0.697,0.697,128.3,5.70780479490773,1,1,0,10.448,10.631,0.343,0.017734,45.425,0.18299999999999983,10.441,10.627,0.347,0.017659,45.449,0.18599999999999994,10.22110913337513,10.55865,116.80659,1.1392623,0.7992915,4.8273478,1040
11760-1901,1-233571,0.02007114,0.649,0.649,80.1,4.238429526362603,1,1,0,9.869,9.869,0.0,0.040748,56.158,0.0,9.869,9.871,0.005,0.040728,56.159,0.002000000000000668,9.476173415751978,9.813714,69.33169,1.0494769,0.67544127,3.7760236,1040
12485-6102,1-415391,0.016239889,0.562,0.562,73.2,5.66190080434482,1,1,0,9.383,9.762,0.582,0.032104,85.603,0.37900000000000134,9.835,9.835,0.0,0.03059,79.81,0.0,9.12031097184683,9.457851,59.702534,0.94429415,0.47963405,6.3555837,1040
11941-1902,1-594515,0.028973421,0.328,0.328,185.5,3.184618693646116,2,1,0,10.677,10.685,0.017,0.023553,38.069,0.008000000000000895,10.614,10.634,0.042,0.024815,46.836,0.019999999999999574,10.123680730422683,10.461222,192.20407,1.5747714,0.87469053,2.0975735,1168
11955-9102,1-195251,0.03288055,0.301,0.301,86.3,9.09277349380911,1,1,0,10.407,10.735,0.529,0.015475,16.285,0.3279999999999994,10.369,10.783,0.614,0.014128,16.278,0.4139999999999997,10.482789845274494,10.820331,88.43795,0.9150239,0.7692107,7.7745314,1040
12490-6104,1-138169,0.02722859,0.746,0.746,64.5,6.731256441050223,1,1,0,10.264,10.295,0.069,0.062162,31.598,0.031000000000000583,10.163,10.388,0.405,0.060453,31.598,0.22499999999999964,9.632758733693645,9.9703,53.240036,0.8814848,0.8719001,5.4061217,1168
11962-3702,1-363769,0.027827235,0.212,0.212,92.5,5.274358957246679,1,1,2,10.061,10.099,0.082,0.048954,85.23,0.038000000000000256,10.075,10.098,0.051,0.055999,85.23,0.023000000000001464,9.795077422649586,10.132618,93.76251,0.953874,0.80588,4.5952077,4288
12075-1902,1-34050,0.027876662,0.529,0.529,55.4,3.4906108050589486,1,1,2,9.563,9.563,0.0,0.08135,56.333,0.0,9.559,9.559,0.0,0.083979,56.493,0.0,9.03530087169993,9.372842,48.673645,0.899272,0.5741281,3.704157,4096
12066-6103,1-26025,0.027650794,0.794,0.794,112.1,6.861987916783245,1,1,0,10.267,10.581,0.514,0.0166,62.722,0.31400000000000006,10.147,10.609,0.655,0.015413,62.716,0.46199999999999974,10.19199064070075,10.5295315,93.62081,0.92798334,0.7247779,6.047485,1552
11833-1901,1-176125,0.03049273,0.585,0.585,147.9,5.515710119049078,1,1,0,10.616,10.636,0.043,0.03773,59.854,0.019999999999999574,10.593,10.649,0.12,0.036682,59.704,0.05599999999999916,10.276068877202613,10.613609,139.08997,1.0897231,0.64803886,4.6591926,1552
12487-6104,1-386954,0.02170969,0.31,0.31,125.4,9.217300919942712,1,1,2,10.452,10.749,0.496,0.029333,12.716,0.2970000000000006,10.404,10.825,0.621,0.028087,12.686,0.4209999999999994,10.254650560447336,10.592191,127.54575,0.9454485,0.8889488,6.5119743,4160
11963-6102,1-633099,0.01956721,0.744,0.744,66.9,6.31611863559054,3,1,0,9.684,9.939,0.444,0.030655,55.216,0.2550000000000008,9.93,9.947,0.037,0.028353,55.964,0.01699999999999946,9.30807191978029,9.645613,46.95213,0.9448548,0.7028579,6.4345813,1552
11753-1901,1-55399,0.030569924,0.515,0.515,101.7,4.207823144926395,1,1,2,10.271,10.374,0.212,0.035204,41.103,0.10299999999999976,10.163,10.393,0.412,0.035781,41.216,0.23000000000000043,9.996545600085284,10.334086,95.50818,1.0634025,0.82337266,3.5648572,4288
11955-6101,1-152040,0.029738087,0.656,0.656,88.8,5.255626653968935,1,1,2,8.292,10.002,0.981,0.035975,74.149,1.7100000000000009,10.035,10.088,0.116,0.032658,77.529,0.05299999999999905,9.102273096803135,9.439814,68.49995,0.9749268,0.36431417,7.686579,4672
12084-3704,1-117084,0.03400983,0.099,0.099,174.6,6.71459238646855,1,1,0,10.891,10.904,0.027,0.031248,77.985,0.0129999999999999,10.964,10.964,0.0,0.029818,19.722,0.0,10.482022046445557,10.819563,181.50009,1.0963978,0.96564853,3.9360988,1040
12490-3703,1-613941,0.039804235,0.277,0.277,83.5,4.1488757496067645,1,1,2,10.894,10.981,0.181,0.043926,2.566,0.08699999999999974,10.37,10.37,0.001,0.044452,2.638,0.0,10.069322891700557,10.406863,87.647804,0.9301138,0.64523447,4.401472,4288
12087-3701,1-117666,0.034115326,0.662,0.662,131.8,4.4161239385304665,1,1,2,10.426,10.455,0.063,0.033011,64.091,0.028999999999999915,10.408,10.451,0.093,0.033605,66.444,0.04300000000000104,10.244042464160186,10.581583,125.51412,1.0491048,0.66810465,4.1123867,4224
10217-12705,1-459018,0.0472856,0.761,0.761,115.8,11.94936001828473,1,1,0,11.407,11.788,0.585,0.013699,18.209,0.3810000000000002,11.329,11.811,0.67,0.013558,18.216,0.4819999999999993,10.619957926466721,10.957499,89.74776,0.882187,0.888686,9.32375,1040
7979-3703,1-115403,0.0277136,0.772,0.772,65.4,3.3417184654017986,1,1,0,9.416,9.585,0.321,0.07097,77.993,0.16900000000000048,9.002,9.542,0.712,0.068704,77.979,0.5399999999999991,9.26710129655997,9.604642,45.718044,0.8719889,0.370832,4.89104,64
11754-3703,1-76488,0.05059979,0.17,0.17,196.5,5.6632289153555675,1,1,0,11.078,11.12,0.089,0.024219,80.043,0.041999999999999815,11.057,11.118,0.128,0.022268,80.042,0.06099999999999994,10.779801542379888,11.117342,203.51695,1.0483646,0.975541,3.9771566,1040
10515-6104,1-606491,0.0215624,0.683,0.683,74.4,6.182777192113534,1,1,2,9.762,9.978,0.391,0.024464,56.828,0.2159999999999993,9.762,9.979,0.392,0.02434,57.248,0.21699999999999875,9.870386345847962,10.207927,67.51032,0.94526803,0.617285,5.85399,4112
10217-12704,31-115,0.0155159,0.675,0.675,159.0,10.127313694508295,1,1,0,10.538,10.63,0.189,0.01621,59.32,0.09200000000000053,10.527,10.633,0.217,0.016061,59.777,0.10599999999999987,,-9999.0,173.87355,3.3639147,-9999.0,-9999.0,0
12484-12705,1-575186,0.05186,0.857,0.857,228.1,13.388357742987855,3,1,2,11.623,11.628,0.011,0.019583,65.154,0.005000000000000782,11.611,11.639,0.062,0.01934,65.127,0.027999999999998693,11.055103675621321,11.392644,158.95601,0.87352747,0.46091202,16.105112,4096
11824-6101,1-83393,0.028574273,0.725,0.725,223.6,8.275762662690033,3,1,0,11.12,11.126,0.01,0.022581,56.23,0.006000000000000227,11.119,11.124,0.008,0.022205,56.257,0.005000000000000782,10.519899049561221,10.85744,202.64783,1.013472,0.74183154,7.2998347,1024
11836-1901,1-1093,0.032185618,0.712,0.712,83.3,4.261909365642618,1,1,2,9.275,10.031,0.825,0.049217,75.694,0.7560000000000002,9.628,10.048,0.62,0.0493,78.107,0.41999999999999993,9.62621893275047,9.963759,61.697807,0.9409581,0.33574444,5.8834763,4096
11939-6103,1-456366,0.020677704,0.206,0.206,65.5,6.518983478374431,1,1,0,10.084,10.084,0.0,0.031692,2.697,0.0,10.182,10.182,0.0,0.030709,2.627,0.0,9.804649990596129,10.142191,66.878815,0.89085174,0.8330743,5.798976,1552
11955-1902,1-195282,0.029660922,0.559,0.559,169.1,3.5646733033857054,1,1,0,10.523,10.576,0.113,0.026008,71.806,0.053000000000000824,10.506,10.572,0.141,0.025796,73.356,0.06599999999999895,10.221107671655982,10.558648,162.99156,1.3857591,0.6493456,3.3460598,1168
11978-9102,1-634183,0.03147182,0.747,0.747,126.8,6.190619363814061,3,1,2,10.497,10.542,0.099,0.037086,78.108,0.04499999999999993,10.434,10.526,0.191,0.035988,77.916,0.09200000000000053,10.02118053036902,10.358721,91.428825,0.9697113,0.36705545,6.8479586,4672
11953-6102,1-258903,0.072509795,0.62,0.62,243.3,5.991344315875678,1,1,0,11.467,11.481,0.031,0.032569,77.301,0.013999999999999346,11.466,11.481,0.033,0.032564,77.122,0.015000000000000568,11.068725276708275,11.406266,222.89644,1.0296181,0.68364024,5.4681344,1040
12485-3703,1-415592,0.037280295,0.22,0.22,169.5,6.250410690347379,1,1,0,10.86,10.897,0.08,0.03202,70.527,0.03700000000000081,10.858,10.897,0.085,0.032456,70.528,0.0389999999999997,10.502416166884851,10.839957,173.47919,0.9527069,0.9753995,4.326173,1040
11834-9101,1-13738,0.04321273,0.785,0.785,175.1,9.246475805529741,1,1,0,11.382,11.382,0.0,0.021766,36.727,0.0,11.36,11.369,0.019,0.020504,36.798,0.009000000000000341,10.678963734930015,11.016504,145.71141,0.8657441,0.8654936,7.8045015,1040
11761-9102,1-151997,0.05382,0.107,0.107,319.0,13.991899084067118,1,1,0,11.798,11.938,0.273,0.013041,85.23,0.14000000000000057,11.78,11.935,0.298,0.01304,85.23,0.15500000000000114,11.294151237438298,11.631692,320.01788,0.89880705,0.6816449,17.65273,0
11975-9102,1-325063,0.055056237,0.707,0.707,205.4,8.171281933088276,3,1,0,11.434,11.457,0.051,0.035732,40.974,0.023000000000001464,11.432,11.454,0.048,0.035541,41.011,0.02200000000000024,10.888046376025203,11.225587,184.01698,0.93132687,0.8370191,7.082542,1040
11865-1902,1-587077,0.02829962,0.601,0.601,96.7,5.668316178030596,1,1,0,10.072,10.233,0.309,0.043253,78.603,0.16100000000000136,9.974,10.21,0.419,0.043446,86.749,0.23600000000000065,9.924408831259452,10.26195,79.71563,0.9722731,0.31696767,8.046612,1168
12511-6101,1-53288,0.028463524,0.717,0.717,97.9,5.6367920024616405,1,1,0,10.157,10.235,0.165,0.022718,63.679,0.0779999999999994,10.216,10.25,0.074,0.0222,65.051,0.034000000000000696,10.240809497385056,10.57835,82.33113,1.0668228,0.7282109,5.9249706,1552
7981-1901,1-636436,0.0637809,0.654,0.654,166.9,2.7043976422486393,1,1,0,11.011,11.012,0.0,0.040128,19.061,0.0010000000000012221,11.008,11.008,0.0,0.039052,19.343,0.0,10.891681269515475,11.229222,158.98463,1.358601,0.900929,2.93685,1040
11955-1901,1-195208,0.02932059,0.506,0.506,134.5,2.2553261358204186,1,1,2,10.207,10.208,0.0,0.061772,45.276,0.0009999999999994458,10.21,10.21,0.0,0.061773,44.567,0.0,9.608535232821007,9.946075,134.13136,1.1758208,0.83710706,1.7862724,4096
10842-6103,1-181146,0.05400469,0.471,0.471,132.7,7.581131983907583,1,1,2,11.109,11.11,0.0,0.037963,18.23,0.0009999999999994458,11.105,11.12,0.034,0.036213,18.211,0.014999999999998792,10.718590697658387,11.056131,134.63283,0.89937586,0.96365047,5.455915,4160
7979-12704,1-115398,0.02536,0.778,0.778,101.3,7.269675294433174,1,1,0,10.101,10.213,0.228,0.025182,82.092,0.11199999999999832,10.135,10.218,0.174,0.025106,84.512,0.08300000000000018,9.806740801615481,10.144281,64.748436,0.8833698,0.289208,10.9539,1168
8152-1902,1-300828,0.0274206,0.255,0.255,139.2,3.335806579364925,1,1,2,10.398,10.399,0.0,0.044345,28.018,0.0009999999999994458,10.418,10.424,0.012,0.04307,27.139,0.006000000000000227,9.863896582606602,10.201437,143.01213,1.3730063,0.913385,2.59002,4288
12514-9101,1-10166,0.08058354,0.809,0.809,182.0,8.363140249838619,3,1,0,11.475,11.475,0.0,0.029056,56.158,0.0,11.474,11.476,0.006,0.028728,56.158,0.002000000000000668,10.951707774279816,11.289248,128.60783,0.8432932,0.6604359,7.782813,1040
8314-3702,1-199775,0.0301584,0.278,0.278,79.6,4.676769595667998,1,1,2,10.137,10.137,0.0,0.042589,47.765,0.0,10.131,10.134,0.006,0.04122,48.252,0.0030000000000001137,9.905111259788317,10.242652,78.594795,0.989805,0.764885,4.08416,4288
11010-12703,1-522063,0.024559127,0.792,0.792,91.6,5.493087266280371,1,1,0,9.75,10.034,0.48,0.03269,86.844,0.2840000000000007,9.951,10.077,0.252,0.032597,86.844,0.12599999999999945,9.20818944096493,9.54573,58.343,0.9020401,0.26987952,8.157407,1168
10226-3704,1-36386,0.0405964,0.74,0.74,82.3,8.162863614600042,1,1,0,10.72,10.922,0.371,0.034072,25.735,0.20199999999999996,10.72,10.919,0.368,0.033685,25.739,0.19899999999999984,10.187709626046994,10.52525,77.23549,0.95100504,0.816957,6.19805,0
7978-12702,1-115358,0.0244441,0.709,0.709,80.9,10.890964400386524,1,1,0,10.056,10.535,0.668,0.022053,47.836,0.479000000000001,10.516,10.521,0.01,0.02135,46.429,0.005000000000000782,9.826568450985668,10.164109,58.18259,0.86034626,0.746299,9.24486,1168
10513-1902,1-54240,0.0256775,0.314,0.314,144.1,3.1389694827481125,1,1,0,10.321,10.346,0.054,0.039962,42.412,0.025000000000000355,10.311,10.327,0.036,0.040602,44.284,0.016000000000000014,9.925095922046948,10.262636,146.31378,1.4336783,0.878041,2.45058,1168
7963-6102,1-635348,0.0535281,0.251,0.251,177.3,5.799412834000304,1,1,0,11.054,11.094,0.087,0.035171,80.043,0.03999999999999915,11.099,11.099,0.0,0.031262,80.042,0.0,10.807664214843491,11.145205,177.24811,1.1639918,0.747939,4.2764,1040
10509-9101,1-576127,0.0674518,0.788,0.788,192.0,8.350198559274888,3,1,0,11.414,11.435,0.046,0.026387,60.255,0.021000000000000796,11.421,11.429,0.018,0.025682,60.414,0.008000000000000895,10.864930340640754,11.202471,145.97797,0.86041296,0.616612,8.12244,1040
11006-12701,1-456840,0.02280963,0.709,0.709,67.9,3.8869616681903625,1,1,0,9.683,9.707,0.053,0.039417,83.863,0.02400000000000091,9.516,9.663,0.287,0.038791,83.863,0.14700000000000024,9.565455832674996,9.902996,53.459194,0.97673255,0.3330258,5.2869825,1168
11866-9101,1-1033,0.012681201,0.713,0.713,73.2,7.088730685533189,1,1,0,9.346,9.67,0.526,0.046008,86.849,0.32399999999999984,9.314,9.66,0.549,0.046839,86.849,0.3460000000000001,8.811220562762477,9.148761,53.554802,0.8525963,0.19665423,12.24891,1168
11970-3704,1-333018,0.029240595,0.533,0.533,87.4,5.274112282774224,1,1,2,10.192,10.192,0.0,0.037637,64.417,0.0,10.192,10.192,0.0,0.037639,64.395,0.0,9.287485161653288,9.625026,72.01517,0.936098,0.46015224,5.912829,4672
11755-12705,1-283108,0.019768894,0.754,0.754,77.3,7.95600060534325,1,1,0,9.387,9.932,0.715,0.034642,86.834,0.5449999999999999,9.515,9.937,0.622,0.034998,86.834,0.4219999999999988,9.574604678885155,9.912146,51.2952,0.9056349,0.19194649,16.830515,1040
11943-12701,1-210864,0.030025493,0.731,0.731,71.1,13.748808003543084,1,1,0,10.736,11.217,0.67,0.021837,18.24,0.48099999999999987,10.793,11.194,0.603,0.02147,18.232,0.4010000000000016,10.15067948772402,10.48822,60.924435,0.9320776,0.91866606,9.225814,1040
12506-3702,1-82669,0.031953882,0.539,0.539,210.7,3.380218430522974,1,1,0,10.77,10.781,0.021,0.035217,86.56,0.011000000000001009,10.781,10.782,0.0,0.045719,86.56,0.0009999999999994458,10.345641812389337,10.683183,209.73846,1.8390313,0.6689632,2.7716033,1168
10222-12703,1-50666,0.0291603,0.845,0.845,81.3,4.054282188867043,1,1,2,9.839,9.927,0.184,0.049302,82.137,0.08799999999999919,9.315,9.863,0.716,0.046721,79.217,0.548,9.626018891039134,9.963559,52.231888,0.9202167,0.410177,4.86006,4672
10511-1902,1-76480,0.0261003,0.427,0.427,97.6,5.290837744750809,1,1,0,10.136,10.236,0.205,0.035076,41.588,0.10000000000000142,10.122,10.219,0.2,0.035344,41.634,0.09699999999999953,9.648711208298883,9.986252,98.8521,1.2730173,0.807183,2.20243,1168
10222-1902,1-50669,0.0296265,0.815,0.815,80.5,2.2997349214503,1,1,2,9.708,9.735,0.06,0.069272,71.936,0.026999999999999247,9.354,9.686,0.534,0.076579,71.943,0.33200000000000074,9.39467227440888,9.732213,62.813957,0.9781195,0.540929,2.72164,4672
10223-6103,1-35816,0.041764,0.099,0.099,214.0,9.579995506594111,1,1,0,11.206,11.313,0.215,0.032711,39.215,0.1070000000000011,11.365,11.409,0.094,0.03103,3.247,0.04400000000000048,10.777944911495373,11.115485,219.29027,0.91495717,0.866109,6.77357,1040
7978-12704,1-562167,0.0269077,0.814,0.814,83.5,12.418523639492705,1,1,0,10.007,10.595,0.741,0.030691,59.491,0.588000000000001,10.309,10.612,0.502,0.029993,59.508,0.3030000000000008,9.805636086870983,10.143177,49.95499,0.8741154,0.586766,10.2942,1168
8095-6104,1-42468,0.0443789,0.534,0.534,190.7,7.553103731165052,1,1,0,11.189,11.253,0.137,0.026152,37.898,0.06400000000000006,11.169,11.243,0.156,0.025309,38.65,0.07399999999999984,10.781092300448485,11.118633,185.11754,0.92878294,0.875288,5.73721,1040
11978-6103,1-294864,0.03401095,0.202,0.202,66.6,2.9694100600535256,1,1,0,9.766,9.766,0.0,0.050467,6.182,0.0,9.766,9.766,0.0,0.050466,6.186,0.0,9.879718304488588,10.217258,68.509254,1.2018775,0.9583746,2.260074,0
11749-6102,1-605750,0.023229439,0.391,0.391,78.1,7.606355540532315,1,1,0,10.042,10.193,0.293,0.026005,19.054,0.1509999999999998,10.043,10.187,0.283,0.02596,18.996,0.14400000000000013,9.365012153137911,9.702553,78.96777,0.92192626,0.9484639,6.3952093,1168
12514-3702,1-66669,0.030174786,0.077,0.077,144.5,5.614955638892943,1,1,0,10.418,10.502,0.176,0.018402,84.021,0.0840000000000014,10.416,10.504,0.181,0.018635,83.427,0.08799999999999919,10.256267659738187,10.593808,148.50992,1.0456105,0.7488041,4.7154555,1040
8091-3703,1-39805,0.0623465,0.808,0.808,175.5,7.131704815697677,1,1,2,11.121,11.259,0.272,0.031304,59.873,0.1379999999999999,11.106,11.263,0.303,0.030496,60.106,0.15700000000000003,10.780353321798303,11.117894,132.269,0.8660456,0.619452,6.86755,4224
11945-6104,1-95290,0.028986778,0.643,0.643,137.0,7.057681502707599,1,1,0,10.509,10.752,0.427,0.019607,62.716,0.24300000000000033,10.325,10.789,0.657,0.016445,62.716,0.4640000000000004,10.41370018674354,10.751241,125.432396,1.0099976,0.7078416,6.0246606,1040
7980-12701,1-115360,0.0242066,0.136,0.136,71.3,4.301480548892667,1,1,0,10.561,10.561,0.0,0.03636,2.566,0.0,10.571,10.571,0.0,0.036112,2.566,0.0,9.628989373969192,9.96653,77.64673,0.9930172,0.948728,3.19387,1168
8260-3704,1-281927,0.0236065,0.13,0.13,101.5,5.230621659465369,1,1,0,10.164,10.221,0.122,0.031873,18.22,0.057000000000000384,10.132,10.31,0.335,0.030497,18.225,0.17800000000000082,9.98597404938515,10.323515,105.16717,1.0725863,0.833548,4.29357,1040
11022-3704,1-82660,0.025753977,0.664,0.664,109.7,4.2952609279678455,1,1,0,10.166,10.17,0.01,0.039473,86.636,0.0039999999999995595,10.165,10.168,0.007,0.054094,86.636,0.0030000000000001137,9.83187680992204,10.169417,102.68531,1.0642291,0.5908271,4.3490763,1168
10505-3704,1-300680,0.0234932,0.215,0.215,52.0,3.0848852221628524,1,1,2,9.606,9.696,0.186,0.096415,36.62,0.08999999999999986,9.491,9.717,0.405,0.096654,36.696,0.22600000000000087,8.957372599298449,9.294913,49.462322,0.927723,0.759839,2.80808,4096
8087-1902,1-119362,0.0270383,0.486,0.486,146.9,3.256699248835226,1,1,0,10.41,10.419,0.02,0.040641,45.37,0.009000000000000341,10.354,10.422,0.143,0.039467,45.804,0.06800000000000139,9.97835629983921,10.315897,146.34734,1.4443741,0.851417,2.6154,1168
7965-12701,1-179631,0.0204391,0.764,0.764,85.0,11.545069214562798,1,1,0,10.252,10.401,0.29,0.018999,60.622,0.14899999999999913,10.087,10.405,0.519,0.019126,60.91,0.3179999999999996,9.891307148065167,10.2288475,56.790947,0.90763575,0.615079,10.9013,64
10497-6103,1-412397,0.0164805,0.763,0.763,53.5,5.237479910982339,1,1,0,7.497,9.408,0.988,0.057724,65.854,1.9109999999999996,7.986,9.433,0.964,0.053987,65.854,1.447,9.041503218777208,9.379044,31.121479,0.88925344,0.655819,6.31534,1552
12080-12702,1-35847,0.019781614,0.665,0.665,67.4,8.778935870516918,1,1,0,9.525,9.857,0.534,0.063465,80.829,0.33199999999999896,9.195,9.848,0.778,0.064084,82.069,0.6530000000000005,9.188672216587234,9.526213,48.44256,0.8584064,0.2501458,12.803178,1168
11745-3701,1-123109,0.026330372,0.567,0.567,93.9,4.438136293846404,1,1,0,10.087,10.174,0.183,0.029662,57.269,0.08699999999999974,10.153,10.153,0.0,0.028997,71.094,0.0,9.492702809771174,9.830243,77.92025,1.1285267,0.6013167,4.4696255,1168
7965-1902,1-635485,0.0269267,0.478,0.478,79.4,4.146221788051659,1,1,0,9.853,10.118,0.456,0.025418,17.703,0.26500000000000057,9.845,10.12,0.469,0.025209,17.706,0.2749999999999986,10.095709703047248,10.43325,79.18092,1.6026797,0.955948,3.08642,1040
10844-1901,1-77933,0.022990607,0.479,0.479,113.9,8.135587334859375,1,1,2,10.538,10.538,0.0,0.051885,80.829,0.0,10.526,10.526,0.0,0.050926,80.829,0.0,10.038265310079899,10.375806,100.08496,1.013735,0.39286682,10.844908,4112
10512-3704,1-76931,0.0711953,0.241,0.241,269.1,5.492779435066807,1,1,0,11.492,11.494,0.0,0.038915,50.411,0.0019999999999988916,11.434,11.468,0.073,0.038133,85.581,0.034000000000000696,10.950926833808264,11.288467,275.18527,1.1009446,0.778039,4.07869,1040
10507-3703,1-280716,0.0249741,0.097,0.097,142.2,5.933630326974303,1,1,0,10.531,10.619,0.183,0.023642,34.471,0.08799999999999919,10.578,10.596,0.04,0.022862,37.635,0.018000000000000682,10.069223957297053,10.406765,143.6342,1.0219839,0.884173,4.62139,1040
11942-3703,1-135554,0.029269023,0.492,0.492,189.2,6.189996525704846,1,1,0,10.905,10.906,0.0,0.030183,37.687,0.0010000000000012221,10.919,10.92,0.0,0.021065,38.105,0.0009999999999994458,10.39817901332083,10.73572,186.29941,1.1366825,0.86108476,4.196986,1040
10842-6102,1-181172,0.038214047,0.852,0.852,156.4,6.278281884966231,3,1,0,10.69,10.849,0.307,0.01409,65.854,0.1590000000000007,10.75,10.855,0.215,0.013323,65.854,0.10500000000000043,10.48657545091724,10.824116,111.47331,1.012672,0.5296352,6.200265,1552
11963-3704,1-336267,0.03383402,0.55,0.55,174.2,5.227912235267802,1,1,0,10.676,10.735,0.124,0.027633,49.755,0.058999999999999275,10.663,10.745,0.17,0.024669,48.177,0.08199999999999896,10.468233630824816,10.805775,170.07208,1.1158221,0.8331177,4.5438676,1040
11832-3701,1-576022,0.029406652,0.781,0.781,138.5,3.650246663088403,3,1,2,10.342,10.342,0.0,0.047556,81.129,0.0,10.345,10.345,0.0,0.042295,81.13,0.0,9.639050830844907,9.976591,109.57919,1.0169202,0.3262303,4.599096,4608
11761-3703,1-623768,0.029487416,0.717,0.717,96.9,4.3336621366400285,1,1,2,10.04,10.114,0.156,0.042346,75.239,0.07400000000000162,9.994,10.109,0.233,0.041107,80.307,0.11500000000000021,9.714462878267733,10.052004,81.77867,0.96601444,0.4163431,4.8914723,4608
11863-9102,1-195478,0.03137432,0.73,0.73,154.4,6.476136995243808,1,1,0,10.719,10.774,0.118,0.018987,75.839,0.054999999999999716,10.711,10.772,0.129,0.021144,77.793,0.06099999999999994,10.388256570880355,10.725798,131.6458,1.0460453,0.45419747,7.0828943,1040
12093-3701,1-40771,0.05377575,0.1,0.1,206.5,8.017385374081885,1,1,0,11.265,11.325,0.128,0.029169,47.852,0.05999999999999872,11.264,11.311,0.1,0.029282,51.008,0.0470000000000006,10.883689535652147,11.2212305,211.74315,0.9159115,0.82025117,5.2982144,1040
12510-12702,1-626493,0.021618322,0.836,0.836,94.4,9.416826411322424,3,1,0,10.274,10.379,0.214,0.02596,71.969,0.10500000000000043,10.388,10.392,0.009,0.02494,72.114,0.0039999999999995595,9.853899582835428,10.191441,54.110886,0.9062228,0.4130175,11.600674,1040
10217-3703,1-458727,0.0475661,0.512,0.512,122.5,4.168554108470098,1,1,2,10.774,10.774,0.0,0.02948,26.083,0.0,10.804,10.814,0.022,0.027917,25.835,0.009999999999999787,10.500534229566078,10.838075,121.11624,1.4357481,0.940017,3.09925,4288
10213-6103,1-44581,0.0409014,0.704,0.704,157.0,7.198417122322856,1,1,2,10.956,11.133,0.334,0.02496,41.105,0.1769999999999996,10.951,11.117,0.317,0.024458,41.119,0.16600000000000037,10.480752656132376,10.818294,142.61487,0.89144224,0.821463,6.00674,4160
10221-9102,1-584862,0.0138696,0.326,0.326,194.7,17.982009993642304,1,1,0,10.961,11.111,0.29,0.011161,48.206,0.15000000000000036,11.002,11.111,0.22,0.01106,48.619,0.10899999999999999,10.854362526780552,11.191903,185.98381,1.0041581,0.831893,17.6258,0
8148-9101,1-145806,0.0268065,0.625,0.625,84.9,8.536805967243334,1,1,0,9.999,10.356,0.561,0.023107,62.406,0.3569999999999993,10.384,10.384,0.0,0.022259,60.893,0.0,9.677572280768628,10.015113,66.65891,0.88885397,0.643081,8.03177,1168
10495-3702,1-45643,0.0395939,0.6,0.6,68.9,9.485946339017735,1,1,2,10.535,10.577,0.093,0.032745,41.103,0.041999999999999815,10.468,10.614,0.287,0.032956,41.136,0.1460000000000008,10.050093483911489,10.387634,52.25928,0.85466254,0.747485,8.32327,4672
12512-12704,1-73,0.062513076,0.082,0.082,215.9,11.673268562585418,1,1,0,11.511,11.557,0.1,0.035626,86.055,0.04600000000000115,11.495,11.556,0.131,0.046619,86.055,0.06099999999999994,11.107262217559747,11.444803,222.3533,0.94576216,0.6591049,13.053126,1024
11867-6102,1-53646,0.052195154,0.42,0.42,245.3,7.890831725442345,1,1,0,12.144,12.533,0.592,0.015059,2.566,0.38899999999999935,12.141,12.527,0.588,0.01485,2.566,0.38599999999999923,10.801430672487074,11.138971,238.96858,0.98640823,0.892715,6.130158,1040
7980-9101,1-115386,0.024189,0.108,0.108,177.5,4.316425908878329,1,1,0,10.582,10.586,0.007,0.039813,50.516,0.0039999999999995595,10.557,10.571,0.029,0.039758,78.143,0.013999999999999346,9.999774108132433,10.337315,184.12062,1.2352533,0.859917,2.74833,1040
10513-6101,1-54313,0.0249112,0.085,0.085,98.8,4.405186827118647,1,1,0,10.115,10.122,0.015,0.050681,85.23,0.006999999999999673,10.094,10.12,0.057,0.053681,81.62,0.0259999999999998,9.74386865407567,10.081409,98.73848,1.016827,0.771241,5.82465,1168
11866-6101,1-999,0.04589036,0.889,0.889,129.5,6.022606681365671,3,1,0,10.747,10.747,0.0,0.030093,72.688,0.0,10.747,10.747,0.0,0.030083,72.621,0.0,10.27642689836217,10.613968,74.224205,0.99275297,0.41256225,7.2037706,0
11945-12701,1-564482,0.030193387,0.824,0.824,100.5,9.591326147587434,1,1,0,10.511,10.528,0.038,0.026571,79.188,0.017000000000001236,10.47,10.524,0.116,0.026564,79.643,0.053999999999998494,10.04101583045848,10.378556,66.60043,0.9263139,0.28441408,13.388381,1152
12483-6104,1-404898,0.022833366,0.787,0.787,74.3,5.612556634384013,1,1,0,9.839,9.839,0.0,0.047299,80.829,0.0,9.672,9.818,0.284,0.047098,80.829,0.14599999999999902,9.481344291952702,9.818885,44.631435,0.90804344,0.25778762,8.8582535,1168
11952-1902,1-325800,0.034389183,0.53,0.53,211.8,5.330672265266843,1,1,2,10.97,10.971,0.0,0.038023,66.189,0.0009999999999994458,10.965,10.966,0.0,0.035064,86.055,0.0009999999999994458,10.359102404526423,10.696643,208.28882,1.38329,0.7171273,3.67541,4288
11759-12702,1-606022,0.025249595,0.783,0.783,121.9,8.157127509094824,3,1,0,10.555,10.555,0.0,0.023012,80.829,0.0,10.501,10.542,0.091,0.022984,80.829,0.04100000000000037,10.191771083872023,10.529312,83.0182,0.9993132,0.2930063,11.516982,1552
11958-12701,1-627411,0.023857025,0.87,0.87,118.6,8.45579912999219,3,1,0,10.506,10.507,0.002,0.023609,75.118,0.0009999999999994458,10.506,10.509,0.007,0.023518,75.159,0.0030000000000001137,10.063505766285926,10.401047,67.24115,0.92947185,0.35263678,10.601206,1040
12506-9101,1-559752,0.02877515,0.607,0.607,120.6,4.277747125972195,1,1,0,10.33,10.331,0.002,0.039327,37.741,0.0009999999999994458,10.256,10.343,0.18,0.044248,37.874,0.08699999999999974,10.003648728687454,10.341189,119.63061,1.082069,0.84958017,3.5351145,1216
11833-9102,1-175928,0.029377164,0.826,0.826,134.0,8.141254583210126,3,1,0,10.772,10.773,0.0,0.026084,74.949,0.0009999999999994458,10.776,10.776,0.0,0.025539,74.947,0.0,10.23230032659781,10.569841,95.39019,0.9197584,0.4636909,8.305176,1168
11867-12705,1-53622,0.01640724,0.774,0.774,63.3,9.665797225140274,1,1,0,9.148,10.036,0.87,0.027333,56.374,0.8879999999999999,9.419,10.027,0.753,0.027434,56.628,0.6079999999999988,9.318217461272198,9.655758,40.73422,0.892184,0.6128116,9.415394,1040
11975-6103,1-272772,0.11259447,0.547,0.547,139.1,6.807879265009919,1,1,2,11.133,11.133,0.0,0.046566,65.806,0.0,11.13,11.13,0.0,0.042063,85.847,0.0,10.926079371809,11.26362,137.85464,0.8683331,0.8953406,6.150136,4160
11863-6104,1-195405,0.03141752,0.225,0.225,189.2,9.739887661900394,1,1,0,11.073,11.132,0.126,0.02333,38.003,0.058999999999999275,11.048,11.093,0.096,0.023469,45.934,0.04499999999999993,10.588136432465669,10.925677,194.28375,0.9415767,0.86066383,6.665623,1040
11982-3704,1-96434,0.028545173,0.722,0.722,157.1,6.4699012430850615,3,1,0,10.685,10.686,0.0,0.027023,60.05,0.0009999999999994458,10.684,10.685,0.001,0.027022,60.042,0.0010000000000012221,10.407439736482498,10.744981,142.84805,1.0420011,0.7059626,5.8093405,1040
12506-9102,1-83058,0.027975187,0.523,0.523,141.0,3.744204615444362,3,1,0,10.443,10.466,0.049,0.037068,45.828,0.022999999999999687,10.44,10.45,0.02,0.035066,46.115,0.009999999999999787,9.94395087882049,10.281491,138.60873,1.1978774,0.83002967,3.095172,1168
12514-12701,1-66655,0.029017197,0.847,0.847,93.1,10.255484936872483,1,1,0,8.739,10.528,0.984,0.01437,68.922,1.7889999999999997,9.075,10.528,0.965,0.014473,68.922,1.4530000000000012,9.935925891148546,10.273466,53.811714,0.89928705,0.54405814,10.5121,1168
10517-3704,1-78439,0.0290504,0.809,0.809,119.9,5.486941305397366,1,1,0,10.32,10.433,0.227,0.026684,59.491,0.11299999999999955,10.426,10.437,0.025,0.026035,59.491,0.010999999999999233,10.10583025253438,10.443371,92.85463,1.0155265,0.639751,5.05666,1168
10214-3702,1-153317,0.0336851,0.643,0.643,196.4,5.580195486908892,1,1,0,10.97,10.971,0.0,0.027192,64.527,0.0009999999999994458,10.976,10.976,0.0,0.025858,64.331,0.0,10.363704093194816,10.701244,182.05736,0.9743655,0.679511,5.04224,1168
11006-6102,1-591101,0.024525953,0.313,0.313,105.2,5.37889417062494,1,1,0,10.236,10.237,0.0,0.035366,27.376,0.0009999999999994458,10.227,10.235,0.016,0.03643,59.601,0.007999999999999119,9.98193230588824,10.319473,105.86472,0.9884215,0.8033392,4.7971077,1040
10518-12705,1-607996,0.0458089,0.838,0.838,163.4,15.159800549810313,3,1,0,11.308,11.53,0.4,0.012379,52.693,0.22199999999999953,11.458,11.528,0.149,0.011938,52.707,0.07000000000000028,10.892874518467794,11.230415,92.807465,0.9046894,0.678863,14.7377,1088
7979-6102,1-115435,0.0261702,0.696,0.696,100.3,6.031031292494614,1,1,0,10.158,10.289,0.262,0.027966,81.589,0.13100000000000023,10.061,10.272,0.385,0.027761,84.489,0.2110000000000003,9.98904024865572,10.326581,83.27036,0.979738,0.37674,6.32291,1168
11984-12703,1-324942,0.022363279,0.599,0.599,63.7,8.987142760216052,1,1,0,8.428,9.955,0.97,0.044216,64.639,1.5269999999999992,8.783,9.948,0.932,0.044229,66.336,1.165000000000001,9.153335535015204,9.490876,46.733227,0.8917899,0.57568955,10.490892,1168
11761-12704,1-195293,0.03285506,0.786,0.786,115.1,11.137091449553875,3,1,0,10.754,10.885,0.26,0.016484,56.426,0.13100000000000023,10.552,10.894,0.544,0.016443,56.627,0.3420000000000005,10.413251804590843,10.7507925,76.48654,0.9337886,0.6649151,10.288766,1040
11977-12703,1-326068,0.031386465,0.837,0.837,120.8,12.001695295586835,1,1,0,10.807,10.938,0.259,0.031839,41.296,0.13100000000000023,10.793,10.929,0.268,0.035952,41.431,0.136000000000001,10.389132934908357,10.726673,111.81409,0.89520645,0.6463377,10.465837,1040
11828-6101,1-61862,0.035520546,0.035,0.035,201.5,8.399915624556638,1,1,0,11.119,11.177,0.124,0.01625,80.043,0.05799999999999983,11.178,11.184,0.012,0.015806,80.034,0.005999999999998451,10.625558652891158,10.9630995,204.84427,1.0082827,0.9085189,6.2139077,1040
11943-6103,1-569170,0.026695514,0.376,0.376,137.0,4.038467542644167,1,1,0,10.587,10.628,0.089,0.039591,18.398,0.04100000000000037,10.555,10.606,0.111,0.037757,18.49,0.051000000000000156,9.951129697547564,10.288671,143.88663,1.1627542,0.89845204,2.880019,1168
11943-6101,1-210735,0.032885488,0.555,0.555,224.8,4.978693009297903,1,1,0,10.942,10.955,0.024,0.033394,55.884,0.0129999999999999,10.91,10.935,0.052,0.033598,71.208,0.025000000000000355,10.364182035422012,10.701723,227.25749,1.5564613,0.7803567,3.2184017,1040
11982-6103,1-96398,0.10282615,0.085,0.085,288.7,4.900622437111243,1,1,0,11.608,11.719,0.224,0.038099,20.845,0.11099999999999888,11.556,11.724,0.32,0.036857,18.785,0.16800000000000104,11.121530693284774,11.459071,290.99124,0.9866605,0.8800563,5.692098,1040
12074-12704,1-551344,0.044405818,0.845,0.845,144.6,8.593300509667701,1,1,2,10.738,10.964,0.406,0.022403,62.996,0.22600000000000087,10.628,10.965,0.539,0.023217,63.009,0.33699999999999974,10.577470888858754,10.915011,101.907875,0.8917855,0.5578566,8.540085,4288
11830-3704,1-234244,0.025183031,0.685,0.685,88.8,9.548350255716105,1,1,0,10.541,10.541,0.0,0.039709,83.308,0.0,10.082,10.452,0.573,0.037773,83.308,0.3699999999999992,10.031554483845714,10.369095,68.1224,0.9523603,0.18053658,16.51816,1552
11962-1901,1-363685,0.0555539,0.224,0.224,230.7,9.469346081094967,3,1,0,11.46,11.487,0.058,0.033156,21.771,0.026999999999999247,11.487,11.488,0.0,0.032633,21.205,0.0009999999999994458,10.791009788727031,11.128551,237.11479,1.1146972,0.9768161,3.5680754,1040
11761-12703,1-195331,0.030132258,0.88,0.88,124.6,13.241332250480932,3,1,0,10.99,10.99,0.0,0.018036,56.198,0.0,10.978,10.992,0.031,0.018467,56.253,0.014000000000001123,10.282730910746055,10.620272,66.99267,0.8743249,0.62835586,12.474472,1040
11755-9102,1-282627,0.038534224,0.793,0.793,108.1,8.44663958690413,1,1,2,10.429,10.836,0.608,0.022949,52.692,0.40700000000000003,9.856,10.852,0.899,0.021534,52.692,0.9960000000000004,10.351096641540668,10.688637,75.79455,0.88826525,0.73736763,7.5264907,4288
11865-12702,1-2430,0.021645864,0.794,0.794,94.7,9.243763387513438,3,1,0,10.347,10.347,0.0,0.024194,78.081,0.0,10.348,10.348,0.0,0.024238,78.313,0.0,9.763085065079359,10.100626,62.462067,0.9018022,0.3227526,12.327419,1040
11943-6102,1-210769,0.029280039,0.706,0.706,98.0,3.3338956834721087,1,1,2,10.086,10.12,0.076,0.041663,59.491,0.03399999999999892,10.041,10.121,0.167,0.043817,59.789,0.08000000000000007,9.738804618366203,10.076345,89.70175,1.1311955,0.69505584,3.096706,4608
11952-9101,1-325544,0.07935485,0.062,0.062,266.0,7.059285558585773,1,1,0,11.577,11.606,0.061,0.025529,39.215,0.028999999999999915,11.694,11.695,0.0,0.02255,3.282,0.0009999999999994458,11.071981552386124,11.409522,273.13303,0.9238075,0.83063966,7.056559,1040
11963-3701,1-593898,0.042782996,0.099,0.099,283.4,7.972520948938516,1,1,0,11.402,11.487,0.173,0.017906,84.023,0.08500000000000085,11.4,11.488,0.179,0.019567,84.021,0.08799999999999919,10.87664415812749,11.214185,285.31186,0.96641856,0.9145987,6.3894377,1040
11755-6103,1-575788,0.03067344,0.73,0.73,101.5,6.2352241057565525,1,1,2,10.312,10.446,0.265,0.037095,41.647,0.13400000000000034,10.321,10.455,0.265,0.036227,41.729,0.13400000000000034,10.120502200890794,10.458043,92.77518,0.8917788,0.7494701,5.427391,4224
11828-3701,1-80532,0.04192768,0.583,0.583,194.1,6.145420405755991,1,1,0,11.045,11.132,0.18,0.018374,46.318,0.08699999999999974,11.049,11.129,0.167,0.018344,46.414,0.08000000000000007,10.609735131981973,10.947276,183.95888,1.110845,0.803098,4.63408,1040
12074-12702,1-33510,0.015174053,0.734,0.734,70.9,5.7075274926659185,1,1,2,9.43,9.56,0.259,0.031126,85.144,0.13000000000000078,9.202,9.527,0.527,0.029388,86.843,0.3249999999999993,9.23149737011645,9.569038,51.02747,0.9259326,0.25569338,8.787143,4096
12510-12701,1-10862,0.021240542,0.765,0.765,81.5,11.705786015945046,1,1,0,10.33,10.33,0.0,0.031403,69.063,0.0,10.006,10.342,0.539,0.031427,69.347,0.3360000000000003,9.57980323085508,9.917344,49.756138,0.90204597,0.4135094,14.214889,1040
12067-6102,1-26462,0.052349173,0.279,0.279,187.0,7.439370243086771,1,1,0,11.27,11.27,0.0,0.034398,34.509,0.0,11.268,11.268,0.0,0.025562,35.103,0.0,10.805217148784841,11.142757,190.63031,0.888657,0.7828731,6.7313137,1040
11761-6102,1-152039,0.029939506,0.577,0.577,84.4,8.302149511782577,1,1,0,10.136,10.694,0.723,0.016531,32.528,0.5580000000000016,9.91,10.727,0.848,0.016347,32.491,0.8170000000000002,10.184791250305638,10.522332,71.50813,0.9271659,0.8919397,6.647705,1552
11942-6104,1-135440,0.04862262,0.866,0.866,140.6,6.837391728866439,3,1,0,10.862,10.864,0.005,0.031517,69.491,0.002000000000000668,10.851,10.859,0.018,0.030462,69.199,0.007999999999999119,10.406376258686565,10.7439165,88.67232,0.92165494,0.44182637,8.249521,0
11957-3701,1-176122,0.030629454,0.593,0.593,223.4,4.722768136697154,1,1,0,10.909,10.967,0.122,0.017094,84.294,0.05799999999999983,10.884,10.958,0.155,0.027084,86.636,0.07399999999999984,10.447773935828701,10.785315,206.84567,1.3351061,0.57032293,4.224082,1040
11980-9102,1-324740,0.030852808,0.791,0.791,83.3,5.643495357360058,1,1,2,10.165,10.165,0.0,0.063358,86.789,0.0,10.179,10.179,0.0,0.063665,86.789,0.0,9.5773091969219,9.91485,59.199074,0.87320185,0.30943492,7.2931,4096
12071-6104,1-28715,0.041851643,0.238,0.238,193.2,8.056495575090661,1,1,0,11.148,11.154,0.01,0.02275,39.215,0.006000000000000227,11.326,11.342,0.034,0.022657,2.81,0.016000000000000014,10.981713485221608,11.319254,199.34293,1.0359145,0.8746778,5.5568843,1040
12506-1901,1-82714,0.026108038,0.498,0.498,149.9,2.810526727816709,1,1,0,10.335,10.336,0.0,0.043315,63.173,0.0009999999999994458,10.336,10.337,0.0,0.043461,67.748,0.0009999999999994458,9.950341386259963,10.287882,148.83505,1.4257882,0.790014,2.3321462,1168
11758-12705,1-591782,0.029760635,0.202,0.202,257.7,11.421095514253789,1,1,2,11.33,11.394,0.134,0.011483,84.76,0.06400000000000006,11.321,11.394,0.151,0.012118,85.23,0.0730000000000004,10.86351378873264,11.201055,260.78442,0.96197444,0.8167085,9.0011835,4096
11946-12701,1-211515,0.031012801,0.788,0.788,117.6,6.76259249392583,3,1,0,10.43,10.522,0.19,0.026803,71.975,0.09200000000000053,10.229,10.498,0.462,0.02356,71.958,0.26900000000000013,10.269296350053626,10.606837,86.440544,0.9951879,0.44583702,7.8810544,1168
11760-3704,1-233420,0.03148617,0.268,0.268,207.9,5.360390006816693,1,1,0,10.916,10.932,0.033,0.032328,63.841,0.016000000000000014,10.931,10.932,0.0,0.031532,61.375,0.0010000000000012221,10.354711957973901,10.692252,211.18808,1.1509151,0.8816933,3.9686055,1040
11871-6103,1-455636,0.021350514,0.684,0.684,74.8,6.372489643663027,1,1,0,10.05,10.151,0.208,0.025418,49.479,0.10099999999999909,10.026,10.155,0.258,0.02539,49.457,0.12899999999999956,9.799479604827013,10.13702,59.26548,0.8967353,0.71448195,5.9828663,1040
11977-3703,1-325672,0.0634129,0.273,0.273,226.9,9.108785399598556,2,1,0,11.419,11.432,0.028,0.040357,60.947,0.0129999999999999,11.411,11.423,0.026,0.04164,85.847,0.012000000000000455,10.883527572346281,11.221068,230.51218,1.0026796,0.7911065,4.648101,1040
11757-12704,1-272819,0.051353477,0.857,0.857,203.7,12.753161193743681,1,1,0,11.364,11.546,0.342,0.021202,59.491,0.1819999999999986,11.357,11.563,0.376,0.021197,59.495,0.2060000000000013,10.865632804519342,11.203174,175.64244,0.9172701,0.5071046,14.024224,1040
11828-6104,1-80877,0.05670003,0.061,0.061,213.9,8.341608437794822,1,1,0,11.285,11.358,0.153,0.024556,80.0,0.0730000000000004,11.292,11.359,0.142,0.025461,79.999,0.06700000000000017,10.903531114649132,11.241072,221.19435,0.94595313,0.8850364,7.550798,1040
11865-1901,1-2386,0.021503476,0.654,0.654,103.3,6.375062962810304,1,1,0,10.242,10.339,0.199,0.035827,52.692,0.09699999999999953,10.094,10.392,0.496,0.034475,52.692,0.29800000000000004,9.944705289709264,10.282246,89.90744,0.99657434,0.7255283,5.5068994,0
11958-3703,1-144889,0.024379117,0.781,0.781,80.0,3.0980878602928015,1,1,0,9.713,9.755,0.091,0.054397,75.558,0.04200000000000159,9.509,9.718,0.381,0.054597,74.911,0.20899999999999963,9.372423994103453,9.709965,59.480854,0.9242988,0.44313893,3.818605,1168
8951-12701,1-456488,0.0243892,0.864,0.864,117.2,6.542158627912018,3,1,0,10.364,10.394,0.067,0.030757,78.014,0.02999999999999936,10.33,10.388,0.125,0.030772,78.018,0.05799999999999983,10.012086047114328,10.349627,74.15362,0.9492276,0.316226,8.9756,1040
8951-12702,1-456404,0.0252136,0.82,0.82,129.6,7.848161328198826,1,1,0,10.522,10.631,0.221,0.021438,74.911,0.10899999999999999,10.556,10.634,0.165,0.018667,74.911,0.07800000000000118,10.256950942299387,10.594492,96.84128,0.92306155,0.474975,8.4386,1040
8951-1902,1-456322,0.025776,0.462,0.462,58.0,2.7298978624797154,1,1,2,9.373,9.618,0.432,0.040211,42.503,0.245000000000001,9.585,9.625,0.088,0.037592,41.186,0.03999999999999915,9.402240742226462,9.739781,55.96233,0.9438816,0.847794,2.30998,4672
8951-3701,1-456539,0.0236565,0.311,0.311,149.7,5.0434530417922705,1,1,0,10.552,10.553,0.0,0.034238,32.564,0.0010000000000012221,10.556,10.557,0.0,0.030464,32.862,0.0010000000000012221,10.066534634783418,10.404076,153.23999,1.1078387,0.884009,3.87312,1040
8951-3703,1-623722,0.0276761,0.352,0.352,138.8,7.791296974632257,1,1,0,10.469,10.55,0.17,0.037122,78.16,0.0810000000000013,10.461,10.55,0.185,0.04242,86.56,0.08900000000000041,10.002485723106178,10.340026,129.30011,0.93331075,0.713194,5.2572,1168
8951-6101,1-456510,0.0252572,0.648,0.648,112.8,8.731383149360223,1,1,0,10.467,10.706,0.423,0.017074,41.526,0.238999999999999,10.46,10.72,0.45,0.016747,41.502,0.2599999999999998,10.155845958080517,10.493386,106.40886,0.95809984,0.74044,6.74502,1040
8951-6102,1-456804,0.0206278,0.789,0.789,85.9,5.2599269047564485,3,1,0,9.781,9.983,0.373,0.029703,67.803,0.20199999999999996,9.73,9.985,0.444,0.029835,68.435,0.254999999999999,9.691640143073498,10.029181,64.56381,0.9521208,0.495408,5.62249,1552
8951-6103,1-456407,0.0229913,0.722,0.722,62.9,4.1906846204781685,1,1,0,9.464,9.657,0.359,0.056159,86.529,0.19299999999999962,9.602,9.685,0.174,0.056613,86.789,0.08300000000000018,9.321770291744434,9.659311,44.79748,0.9130579,0.327781,6.06503,1168
8951-9102,1-456995,0.019282,0.843,0.843,89.2,8.149598715994946,3,1,0,10.08,10.251,0.326,0.030855,63.053,0.17099999999999937,10.151,10.239,0.183,0.028622,63.251,0.08800000000000097,9.705929535396086,10.04347,63.068947,0.91350776,0.586921,8.04374,1040
11761-12702,1-195359,0.030047078,0.801,0.801,91.3,9.942038612426664,1,1,0,10.53,10.634,0.212,0.023933,49.614,0.10400000000000098,10.486,10.641,0.301,0.023976,49.724,0.15499999999999936,10.070984962693757,10.408525,58.79414,0.8637824,0.68785304,8.940681,1216
11755-12703,1-258538,0.024192015,0.784,0.784,90.7,8.615932867948317,1,1,0,10.088,10.44,0.555,0.019508,59.491,0.3520000000000003,10.255,10.434,0.338,0.019081,59.491,0.1789999999999985,9.924457413668042,10.261998,59.362843,0.89171296,0.62350327,8.397394,1040
11957-3702,1-151266,0.030019931,0.581,0.581,231.1,5.871542920804231,1,1,0,10.978,11.097,0.238,0.012577,59.48,0.11899999999999977,11.036,11.091,0.117,0.012519,75.199,0.054999999999999716,10.521633001953239,10.859174,213.86041,1.2263263,0.6777685,4.3989406,1040
11982-12701,1-96353,0.01933222,0.729,0.729,113.5,11.792247838434784,1,1,2,10.268,10.523,0.444,0.025121,80.184,0.254999999999999,10.027,10.497,0.66,0.024858,86.789,0.47000000000000064,10.225891621257352,10.563433,85.52303,0.9594799,0.17304073,27.493017,4096
12071-9101,1-106663,0.015748328,0.773,0.773,78.7,6.586398915946974,1,1,2,9.806,9.897,0.189,0.034657,85.608,0.09100000000000108,9.797,9.897,0.205,0.034757,85.608,0.09999999999999964,9.397621067322042,9.735162,57.04681,0.91363925,0.34264588,7.854441,4672
12506-1902,1-82684,0.02740041,0.107,0.107,163.3,2.5906974076382765,1,1,0,10.386,10.418,0.068,0.046933,13.773,0.03200000000000003,10.385,10.418,0.072,0.046682,13.773,0.032999999999999474,9.937867894601382,10.275409,164.73277,1.288358,0.83804476,2.6047783,1168
10846-6101,1-1655,0.0964704,0.408,0.408,193.6,4.108779095397305,1,1,0,11.215,11.269,0.117,0.029726,18.237,0.05400000000000027,11.283,11.291,0.017,0.029284,18.234,0.008000000000000895,10.940493574298259,11.278034,192.333,1.2861958,0.96170247,2.6718738,0
8093-3704,1-40992,0.0236139,0.332,0.332,174.9,4.347367114373479,1,1,0,10.594,10.596,0.0,0.030216,65.708,0.002000000000000668,10.58,10.581,0.0,0.037897,75.226,0.0009999999999994458,10.153253728763753,10.490794,176.83238,1.3381734,0.676102,3.87641,1040
11945-6102,1-95208,0.029649038,0.783,0.783,109.9,5.922773824034276,1,1,2,10.182,10.431,0.437,0.02392,66.691,0.24899999999999878,10.14,10.425,0.481,0.022483,67.943,0.28500000000000014,10.036363846965472,10.373904,80.73755,0.9438076,0.4347911,7.2918205,4288
7981-12703,1-596957,0.0367255,0.567,0.567,250.3,9.902385146709443,3,1,0,10.966,10.974,0.018,0.021502,74.911,0.008000000000000895,10.939,10.974,0.076,0.021508,74.92,0.03500000000000014,10.723094293800262,11.060635,204.74255,0.911963,0.317396,12.4261,1040
11831-12704,1-152301,0.02393095,0.681,0.681,74.5,14.979861780202318,1,1,0,10.05,10.472,0.622,0.022624,52.692,0.4219999999999988,10.279,10.493,0.39,0.021053,52.875,0.2140000000000004,9.97775551333228,10.315296,52.923588,0.91081065,0.77313626,13.4382925,1040
8324-9102,1-234431,0.0268201,0.585,0.585,71.3,6.3527778977308165,1,1,2,10.041,10.041,0.0,0.049354,70.086,0.0,10.035,10.035,0.0,0.048937,70.47,0.0,9.578013099793225,9.915554,63.135784,0.88605034,0.475253,7.07641,4288
8314-12704,1-594358,0.0322991,0.807,0.807,109.2,12.3328056653616,3,1,2,10.75,10.81,0.13,0.025103,66.879,0.0600000000000005,10.78,10.802,0.049,0.024336,66.854,0.02200000000000024,10.148984961739359,10.486526,66.78365,0.87426746,0.493591,12.4347,4288
11830-6101,1-234251,0.055749785,0.804,0.804,101.5,8.857878169712002,1,1,0,10.767,10.896,0.257,0.032794,45.259,0.12900000000000134,10.782,10.954,0.328,0.02979,45.327,0.1720000000000006,10.443005777674024,10.780546,70.34235,0.96848744,0.8144816,7.5982494,0
11832-6103,1-176237,0.0179892,0.755,0.755,70.9,4.796454651422357,1,1,0,7.799,9.609,0.985,0.029619,85.731,1.8099999999999996,8.646,9.622,0.894,0.034286,86.82,0.9759999999999991,9.32493242243741,9.662473,48.707127,0.8795589,0.32568645,6.6090593,1552
11943-12704,1-211106,0.029342895,0.667,0.667,56.0,2.7574151563289098,1,1,2,9.506,9.541,0.078,0.080518,77.752,0.03500000000000014,9.568,9.568,0.0,0.076283,86.636,0.0,9.173853810791424,9.5113945,48.695995,0.9281436,0.4874332,3.3437726,4096
11957-6103,1-151307,0.028595239,0.753,0.753,82.4,4.131576701845482,1,1,2,9.08,9.913,0.853,0.038199,86.839,0.8330000000000002,9.872,10.0,0.255,0.04691,86.839,0.1280000000000001,9.674583213538881,10.012124,62.006424,0.9001142,0.36435097,5.5110755,4672
12506-6101,1-82375,0.028731426,0.815,0.815,59.3,3.90602808659656,1,1,2,7.636,9.524,0.987,0.046652,77.866,1.887999999999999,7.981,9.559,0.974,0.036699,86.789,1.5779999999999994,9.405271346959102,9.742812,32.879955,0.9318578,0.32145095,5.892712,4672
11761-12705,1-195337,0.027664695,0.397,0.397,222.5,17.41847480736737,1,1,2,11.513,11.513,0.0,0.016772,64.511,0.0,11.499,11.5,0.0,0.016288,65.508,0.0009999999999994458,10.786698799781433,11.124239,207.34093,0.91472346,0.45913494,23.989359,4160
11828-12703,1-80655,0.026269756,0.745,0.745,85.0,13.798483810232447,1,1,0,9.876,10.714,0.855,0.021578,56.158,0.838000000000001,10.407,10.678,0.464,0.021978,56.158,0.2710000000000008,9.806768613918699,10.144309,59.363914,0.8733852,0.5999182,13.361445,1552
11943-12705,1-210792,0.025913814,0.581,0.581,167.0,3.11123425097788,3,1,0,10.435,10.446,0.024,0.037168,61.175,0.010999999999999233,10.435,10.445,0.02,0.037147,61.49,0.009999999999999787,9.865690835333861,10.203232,166.54276,1.4470601,0.8248498,2.1350205,1168
12506-6102,1-82382,0.033575296,0.659,0.659,167.3,6.917959040727774,1,1,0,10.845,10.861,0.035,0.026003,61.377,0.016000000000000014,10.828,10.858,0.064,0.025473,60.345,0.030000000000001137,10.567392396263884,10.904933,154.37392,0.99391484,0.6459145,6.5233264,1040
12066-3703,1-26172,0.027504824,0.765,0.765,129.9,4.831185628971324,1,1,0,10.405,10.405,0.0,0.035969,81.808,0.0,10.376,10.401,0.055,0.035942,81.808,0.025000000000000355,9.999127756223647,10.336668,107.68409,1.0508251,0.47479498,5.2379293,1168
11871-1902,1-456420,0.02713395,0.765,0.765,87.1,3.538550172981999,1,1,2,9.932,9.992,0.128,0.047082,77.866,0.0600000000000005,9.989,10.005,0.036,0.046728,78.429,0.016000000000000014,9.561017654578935,9.898559,70.87437,1.0143595,0.48787844,3.5497384,4288
11975-3702,1-325492,0.035956103,0.709,0.709,172.1,6.410712762349216,3,1,0,10.921,10.922,0.0,0.032028,62.243,0.0010000000000012221,10.917,10.925,0.016,0.030913,62.501,0.008000000000000895,10.510138956162455,10.847679,149.05586,0.9717176,0.6741039,5.786068,1552
11943-6104,1-211277,0.030457934,0.746,0.746,138.1,3.973394459924223,3,1,0,10.468,10.504,0.079,0.022058,65.694,0.03599999999999959,10.464,10.497,0.073,0.021679,65.664,0.032999999999999474,10.285155524577997,10.622696,125.585815,1.5052937,0.7105248,3.4999495,1552
8981-12701,1-404012,0.144796,0.103,0.103,247.8,4.477310788206902,1,1,0,11.502,11.554,0.111,0.056093,84.023,0.0519999999999996,11.567,11.568,0.0,0.054365,84.023,0.0009999999999994458,11.261679116017255,11.599219,243.58568,0.9150597,0.596017,11.0461,1024
8981-12703,1-404032,0.0226256,0.792,0.792,133.2,8.343647594973925,1,1,2,10.468,10.578,0.222,0.015178,71.936,0.10999999999999943,10.447,10.577,0.258,0.016446,72.844,0.13000000000000078,10.253551222589586,10.591092,108.054535,0.9494127,0.49398,8.93269,4096
8981-1902,1-404060,0.0223856,0.643,0.643,61.1,2.7816854307321,1,1,0,9.381,9.48,0.204,0.041339,86.636,0.0990000000000002,9.495,9.508,0.03,0.041548,86.636,0.0129999999999999,9.077244322745349,9.414785,54.85664,1.0389094,0.538724,3.07009,1168
8981-6101,1-401864,0.0333242,0.825,0.825,134.3,6.9679782702933,1,1,0,10.424,10.705,0.476,0.01847,57.545,0.2810000000000006,10.368,10.704,0.539,0.019017,57.529,0.3360000000000003,10.450125886731954,10.787666,99.87713,1.0148373,0.628662,6.62927,1552
8981-9101,1-401876,0.040838,0.79,0.79,167.7,6.205223367999543,3,1,2,10.862,10.914,0.113,0.025113,64.512,0.0519999999999996,10.849,10.915,0.141,0.024974,64.626,0.06599999999999895,10.36149929923499,10.699039,136.81137,0.895703,0.563156,6.61898,4224
12490-1902,1-138283,0.02291369,0.577,0.577,106.1,1.7089863716270872,1,1,0,9.755,9.756,0.0,0.066614,70.037,0.0009999999999994458,9.717,9.749,0.068,0.069872,63.061,0.03200000000000003,9.500340725930402,9.837881,105.11701,1.0313195,0.7481297,1.466826,1168
10495-3704,1-548285,0.125906,0.162,0.162,282.6,5.978513163715577,1,1,2,11.685,11.741,0.118,0.027933,84.023,0.05599999999999916,11.682,11.739,0.122,0.028166,84.023,0.057000000000000384,11.193230375153401,11.530771,275.6499,1.0831046,0.846024,4.59232,4112
8240-12701,1-72781,0.023536,0.588,0.588,99.6,3.1344614555638333,1,1,0,10.122,10.204,0.171,0.03399,31.735,0.08200000000000074,10.15,10.172,0.049,0.026865,31.79,0.02200000000000024,9.633729963507342,9.971271,95.76545,1.112729,0.885424,2.43764,1168
10499-1902,1-299973,0.0272848,0.576,0.576,79.8,16.58975908231781,1,1,0,9.444,10.946,0.969,0.028981,68.038,1.501999999999999,10.322,10.988,0.784,0.029259,67.506,0.6660000000000004,9.989034013099257,10.326574,61.214863,0.8987699,0.416014,18.3771,1040
10226-12703,1-36587,0.0229049,0.543,0.543,119.6,3.0865304585531828,1,1,0,10.098,10.1,0.004,0.04443,73.507,0.0019999999999988916,10.09,10.098,0.016,0.044476,86.357,0.008000000000000895,9.68080491422608,10.018346,114.09912,1.2696064,0.617736,2.92983,1168
10214-12703,1-153608,0.033019,0.775,0.775,177.6,11.466038580410569,1,1,0,11.023,11.144,0.243,0.018469,56.456,0.12100000000000044,11.132,11.17,0.083,0.016324,57.914,0.038000000000000256,10.773893908601714,11.111435,141.772,0.90631497,0.685023,10.369,1040
12485-3702,1-415550,0.0338089,0.186,0.186,62.8,4.269200766693044,1,1,0,9.903,9.903,0.0,0.053987,8.101,0.0,9.903,9.903,0.0,0.053983,8.102,0.0,9.694767568392646,10.032309,65.02328,0.94064593,0.74803156,3.7960598,0
10509-1901,1-173724,0.0268255,0.51,0.51,81.0,3.7556311062855356,1,1,0,9.954,9.988,0.074,0.041443,41.424,0.03399999999999892,9.736,9.981,0.432,0.04376,41.456,0.24499999999999922,9.725070801902737,10.062612,78.86871,1.0660807,0.880337,3.00284,1168
7979-3702,1-115399,0.0246661,0.752,0.752,74.0,4.922781278432114,1,1,0,9.841,10.012,0.325,0.034193,52.592,0.17100000000000115,9.956,9.983,0.06,0.031155,53.232,0.027000000000001023,9.591007810957503,9.928549,65.81927,0.93264604,0.719898,4.38509,1168
10502-3701,1-230672,0.025602,0.435,0.435,161.0,4.396971465671644,1,1,0,10.473,10.525,0.111,0.01903,74.055,0.0519999999999996,10.461,10.521,0.128,0.019788,86.222,0.0600000000000005,10.252998580156891,10.590539,156.88448,2.3769858,0.750956,2.44469,1040
11006-12704,1-456643,0.028093284,0.545,0.545,111.4,6.024424895356807,1,1,0,10.408,10.544,0.268,0.020501,41.557,0.136000000000001,10.43,10.524,0.194,0.019037,41.369,0.09399999999999942,10.112681834031576,10.450222,110.02621,1.0143955,0.8595713,4.40304,1168
10514-6102,1-55037,0.14451,0.308,0.308,259.3,6.013276523012298,1,1,0,11.777,11.829,0.112,0.066726,51.132,0.05200000000000138,11.754,11.811,0.124,0.067613,55.194,0.057000000000000384,11.253279836991277,11.59082,257.27576,0.92280513,0.836591,5.86566,1024
11941-6104,1-135035,0.028412743,0.817,0.817,61.0,4.7736444071665955,1,1,2,8.172,9.763,0.974,0.033533,74.604,1.5909999999999993,9.464,9.801,0.539,0.033054,74.604,0.33699999999999974,9.486862164077735,9.824403,31.070896,0.9055321,0.41437754,6.0955615,4672
8310-1901,1-519907,0.029801,0.339,0.339,114.2,2.2770196120287087,1,1,2,10.057,10.076,0.042,0.048215,79.429,0.019000000000000128,10.087,10.087,0.0,0.04606,82.737,0.0,9.77248306996137,10.1100235,108.36414,1.0962906,0.445566,2.71815,4160
11979-12704,1-270321,0.030252028,0.797,0.797,97.4,9.552631134220102,3,1,0,10.507,10.648,0.276,0.021117,53.305,0.14100000000000001,10.307,10.654,0.55,0.020581,53.276,0.34699999999999953,10.12329166064126,10.460833,60.910336,0.91275084,0.68025935,9.679956,1168
8152-12703,1-232137,0.0163379,0.784,0.784,76.0,9.196689874657054,1,1,0,8.946,10.045,0.92,0.045301,67.8,1.0990000000000002,9.71,10.05,0.543,0.045815,69.842,0.33999999999999986,9.00062493420922,9.338165,48.07287,0.8800431,0.506399,9.56989,1040
8075-1902,1-638093,0.0359976,0.518,0.518,126.5,8.122913174632933,1,1,0,10.672,10.807,0.268,0.036712,73.918,0.1349999999999998,10.617,10.795,0.335,0.037473,78.734,0.17799999999999905,10.489732137568238,10.827272,111.00432,0.9281932,0.443137,10.2559,1552
7961-12705,1-547565,0.0500907,0.856,0.856,148.8,12.79204392875459,1,1,0,11.049,11.253,0.374,0.024209,56.314,0.20400000000000063,10.993,11.28,0.484,0.024081,56.344,0.28699999999999903,10.728235248100242,11.065776,99.315155,0.91490984,0.746964,12.9719,1040
10222-12701,1-50542,0.0167549,0.674,0.674,130.4,7.808221203462549,1,1,2,10.511,10.511,0.0,0.023147,80.829,0.0,10.505,10.515,0.022,0.02228,81.235,0.009999999999999787,10.123247126608419,10.460788,111.92077,0.9615509,0.485338,9.4475,4096
12069-6104,1-106338,0.059041668,0.226,0.226,271.2,7.4091111600128725,1,1,0,11.5,11.502,0.0,0.013192,78.306,0.002000000000000668,11.498,11.502,0.006,0.013869,85.23,0.004000000000001336,10.953678356557889,11.291219,276.27548,0.9611888,0.85343957,6.086268,1040
8986-12702,1-164077,0.0461951,0.384,0.384,214.8,11.319211720790724,1,1,0,11.494,11.553,0.126,0.027938,77.092,0.05900000000000105,11.45,11.543,0.191,0.027451,86.22,0.09299999999999997,10.815832008416793,11.153373,205.49837,0.8576511,0.726963,10.123,1040
8986-12705,1-164063,0.0229217,0.649,0.649,88.9,6.762526594811909,1,1,0,10.024,10.13,0.217,0.024685,80.949,0.10600000000000165,9.939,10.113,0.331,0.024415,80.838,0.1739999999999995,9.892776132706347,10.230317,66.64924,0.9435746,0.309407,9.65242,1552
8986-3701,1-145900,0.0228323,0.487,0.487,55.5,5.717763015831698,1,1,0,9.864,9.954,0.186,0.084292,41.103,0.08999999999999986,9.099,9.905,0.844,0.076722,45.515,0.8059999999999992,8.93768485768071,9.275226,43.981068,0.87264013,0.749518,5.21916,1168
8986-3702,1-146129,0.0140163,0.516,0.516,56.6,5.0302455277685425,1,1,0,7.849,9.461,0.976,0.029507,85.578,1.612,9.297,9.527,0.41,0.028914,69.814,0.22999999999999865,9.048562208405055,9.386103,49.141125,0.9122787,0.761593,4.3366,1040
8986-6101,1-163987,0.02647,0.777,0.777,110.1,7.226969704480107,3,1,0,10.423,10.571,0.288,0.020181,52.697,0.1479999999999997,10.305,10.576,0.464,0.020007,53.074,0.2710000000000008,10.130542822921672,10.468083,78.19224,0.9822904,0.660448,6.44256,1040
8986-6102,1-163980,0.0221811,0.071,0.071,256.7,13.39844342136786,1,1,0,11.347,11.398,0.107,0.017675,38.752,0.051000000000000156,11.204,11.345,0.274,0.01654,55.996,0.14100000000000001,10.83891454468305,11.1764555,256.90543,0.96017015,0.845838,10.7946,0
8986-9101,1-164021,0.0213166,0.717,0.717,92.5,6.4788637822499915,1,1,0,9.984,10.223,0.422,0.020672,71.508,0.23900000000000077,9.869,10.209,0.543,0.019628,72.87,0.33999999999999986,9.832724090626701,10.170264,74.46368,0.86974514,0.543045,6.88154,1552
12484-6102,1-402704,0.0324317,0.477,0.477,206.4,7.886079815563113,3,1,0,11.088,11.242,0.297,0.018221,25.732,0.1540000000000017,11.058,11.303,0.43,0.016421,25.734,0.245000000000001,10.609778054549238,10.947319,204.74792,0.9825295,0.9304104,6.071137,1040
11760-6104,1-233576,0.1031,0.074,0.074,279.6,6.807292734623359,1,1,0,11.641,11.734,0.191,0.035721,39.215,0.09299999999999997,11.712,11.745,0.071,0.032197,39.215,0.032999999999999474,11.124508137379559,11.462049,282.78452,0.97127545,0.8498808,5.4106345,1040
11975-3704,1-270445,0.057,0.589,0.589,135.4,5.3022274408716115,1,1,0,10.823,10.852,0.065,0.035346,46.574,0.028999999999999915,10.841,10.841,0.0,0.034124,48.348,0.0,10.520860923252194,10.858401,129.41493,1.0589843,0.84287786,4.129884,0
11863-6102,1-622417,0.08328671,0.115,0.115,267.9,7.184852702725715,1,1,0,11.552,11.655,0.21,0.024556,39.215,0.10299999999999976,11.697,11.896,0.366,0.024613,2.81,0.19900000000000162,11.08094927426274,11.418489,269.7319,0.9575258,0.886626,6.498814,1040
12073-6104,1-32633,0.043977357,0.384,0.384,195.3,4.914237726155494,1,1,2,10.989,11.046,0.121,0.027361,56.103,0.05699999999999861,10.99,11.027,0.081,0.028209,69.645,0.036999999999999034,10.53784788343736,10.875388,188.6925,0.9426994,0.8316999,5.5572886,4288
12506-6104,1-83063,0.027103499,0.666,0.666,185.3,5.181175287811998,3,1,0,10.704,10.709,0.009,0.035614,53.001,0.004999999999999005,10.691,10.708,0.035,0.032669,55.83,0.01699999999999946,10.086848812945542,10.42439,188.82367,1.3625501,0.81319284,2.894351,1040
8988-3701,1-399194,0.0234757,0.523,0.523,58.6,4.3906151655504635,1,1,2,9.004,9.512,0.689,0.057784,86.82,0.5080000000000009,9.593,9.593,0.0,0.058583,86.82,0.0,8.96213910331494,9.29968,49.579277,0.8896788,0.32846,6.08491,4160
11831-3703,1-152243,0.053066943,0.509,0.509,263.3,6.42723805215678,1,1,0,11.361,11.419,0.122,0.027515,62.483,0.05799999999999983,11.35,11.4,0.106,0.028285,76.329,0.05000000000000071,10.785475384704657,11.123016,254.61992,1.0200104,0.69108987,5.1122327,1040
7993-6104,1-42221,0.0609492,0.804,0.804,138.3,5.4321243912381885,1,1,0,10.776,10.856,0.169,0.049373,46.446,0.08000000000000007,10.738,10.872,0.265,0.048271,46.037,0.13400000000000034,10.422599687687265,10.76014,126.40096,0.9604185,0.697319,4.76767,32
11835-12705,1-70173,0.078521565,0.889,0.889,200.7,10.536305435935304,1,1,0,11.533,11.552,0.042,0.027251,65.854,0.019000000000000128,11.62,11.62,0.0,0.01342,65.854,0.0,11.054992838675972,11.392533,119.986176,0.9226899,0.6182613,9.640963,1040
11022-12703,1-83138,0.027511748,0.709,0.709,65.5,10.332752996038465,1,1,0,9.955,10.553,0.748,0.026581,37.171,0.5980000000000008,10.118,10.523,0.606,0.026508,37.149,0.40499999999999936,9.772643127062176,10.110184,44.878777,0.8805737,0.8115552,8.631795,1168
7979-12705,1-115232,0.0274572,0.846,0.846,72.4,4.447860800767742,1,1,2,9.472,9.73,0.448,0.07373,85.928,0.2580000000000009,9.406,9.723,0.518,0.072567,86.518,0.31700000000000017,9.255957185291196,9.593498,48.59235,0.870835,0.208043,7.37933,4672
10226-3703,1-36392,0.0200054,0.783,0.783,101.4,4.987347142168734,3,1,0,10.071,10.105,0.076,0.033287,79.38,0.034000000000000696,10.0,10.087,0.183,0.032698,79.204,0.08699999999999974,9.817126887637835,10.154668,78.76727,1.0862997,0.458416,5.28279,1040
11742-3703,1-584896,0.02881331,0.245,0.245,239.5,8.49429520263747,1,1,0,11.15,11.206,0.118,0.015701,85.553,0.05599999999999916,11.138,11.207,0.144,0.029511,85.553,0.06900000000000084,10.588495666585374,10.926036,243.15843,1.2024313,0.806426,4.7727113,1024
10515-9102,1-78580,0.0344907,0.867,0.867,147.6,7.391433883402373,3,1,0,10.808,10.809,0.0,0.021757,66.324,0.0009999999999994458,10.758,10.8,0.092,0.02337,66.1,0.04200000000000159,10.35574644136096,10.693287,94.25642,0.9520177,0.527075,7.31349,1168
8248-1901,1-482004,0.0299609,0.63,0.63,110.3,4.0627041092952325,1,1,2,10.22,10.456,0.419,0.02033,42.093,0.23599999999999888,10.229,10.453,0.402,0.020306,42.076,0.2240000000000002,10.045276025493795,10.382816,103.20929,1.1184552,0.84932,3.3708,4224
12488-9101,1-386400,0.042549588,0.814,0.814,113.5,7.303504020439173,3,1,2,10.708,10.708,0.0,0.024302,58.956,0.0,10.705,10.713,0.017,0.023933,59.011,0.007999999999999119,10.064709507666402,10.40225,77.118225,0.87877077,0.59547544,7.2171273,4608
7963-1901,1-178916,0.0856007,0.141,0.141,219.1,3.206758692804232,1,1,0,11.084,11.184,0.204,0.016253,19.777,0.09999999999999964,11.083,11.184,0.204,0.016254,19.786,0.10099999999999909,10.996098195155158,11.333639,217.94789,1.1729484,0.868488,3.52619,64
10499-3701,1-299468,0.0210047,0.106,0.106,257.7,13.290862027080685,1,1,0,11.204,11.323,0.236,0.001699,85.581,0.11899999999999977,11.191,11.331,0.272,0.003516,85.581,0.1399999999999988,10.743291778864641,11.0808325,256.55588,1.0350919,0.7945,11.0448,0
10842-1902,58-44,0.09174,0.318,0.318,82.5,2.484113264514671,1,1,0,10.523,10.606,0.173,0.079126,31.598,0.08300000000000018,10.446,10.545,0.205,0.077266,32.285,0.0990000000000002,,-9999.0,76.189735,1.0043939,-9999.0,-9999.0,0
8324-1901,1-285062,0.0269767,0.34,0.34,131.2,3.719194912985755,1,1,0,10.319,10.319,0.0,0.040666,33.075,0.0,10.319,10.319,0.0,0.032825,34.033,0.0,10.059964585786684,10.397505,138.31807,1.5893986,0.887822,2.40312,1168
10492-12702,1-380097,0.0271824,0.611,0.611,83.8,6.267307177299703,1,1,0,10.23,10.413,0.344,0.024565,32.361,0.18299999999999983,10.239,10.409,0.325,0.02453,32.349,0.16999999999999993,10.013667072268099,10.351208,76.97454,0.91649413,0.743907,5.39162,1168
11004-3702,1-457248,0.019592488,0.672,0.672,80.0,4.492952263992063,1,1,0,9.755,9.87,0.232,0.039905,78.325,0.11499999999999844,9.837,9.889,0.112,0.03991,83.416,0.0519999999999996,9.069724914006112,9.407266,64.55252,0.92757803,0.4924658,5.032405,1168
7979-1901,1-115212,0.121102,0.104,0.104,253.1,4.228685238719458,1,1,0,11.646,11.839,0.359,0.031648,2.748,0.19299999999999962,11.644,11.837,0.357,0.031647,2.751,0.19299999999999962,11.157160488533824,11.494701,255.69379,1.0875523,0.819923,3.61425,64
8328-3703,1-575756,0.125048,0.153,0.153,303.2,6.951343561314634,1,1,0,11.835,12.045,0.383,0.063498,18.984,0.20999999999999908,11.667,11.944,0.471,0.064391,18.731,0.277000000000001,11.257484178589236,11.595025,270.24838,0.93393695,0.711746,9.40393,1024
10220-6103,1-604951,0.0384967,0.815,0.815,155.3,6.456319031115779,3,1,0,10.803,10.858,0.118,0.024588,62.716,0.054999999999999716,10.802,10.861,0.127,0.024739,62.717,0.05900000000000105,10.535710488564254,10.873251,122.29496,0.9576676,0.569648,6.09871,1552
10843-6102,1-944,0.0650453,0.043,0.043,234.2,7.394667582822326,1,1,0,11.416,11.47,0.115,0.029964,39.215,0.05400000000000027,11.522,11.536,0.03,0.02859,3.625,0.013999999999999346,10.888685576188516,11.226226,240.45996,0.9148289,0.9145523,5.601734,1040
12518-3702,1-2739,0.03203462,0.112,0.112,131.1,5.429432899948632,1,1,0,10.519,10.567,0.105,0.030738,39.215,0.04800000000000004,10.627,10.671,0.095,0.030729,3.259,0.04399999999999871,10.385282934509352,10.722823,133.19342,0.9949802,0.9102142,4.2526917,1040
12066-6101,1-26020,0.027417462,0.592,0.592,138.1,8.162908332585392,1,1,0,10.719,10.757,0.082,0.022554,48.004,0.038000000000000256,10.717,10.757,0.087,0.022557,48.009,0.03999999999999915,10.418701470045136,10.756242,130.60913,1.1721029,0.7913683,5.3599515,1088
10495-6101,1-548290,0.0520024,0.693,0.693,195.3,11.998613907677463,3,1,0,11.513,11.514,0.0,0.033085,41.257,0.0009999999999994458,11.519,11.52,0.001,0.031115,41.252,0.0009999999999994458,10.805005793024174,11.142547,182.40742,1.0237021,0.845295,6.79471,1040
11979-9102,1-273041,0.031599846,0.82,0.82,138.7,7.564411705950132,3,1,0,10.752,10.753,0.001,0.022195,59.633,0.0009999999999994458,10.759,10.759,0.001,0.019707,59.557,0.0,10.429203495369682,10.766744,91.738556,1.0772086,0.53826916,7.4799614,1040
10513-1901,1-53985,0.0174873,0.483,0.483,74.3,6.79354221233467,1,1,2,9.915,10.139,0.403,0.038167,32.398,0.2240000000000002,9.867,10.119,0.44,0.038311,32.924,0.2519999999999989,9.668563885040273,10.006104,70.928,0.95322406,0.88154,5.61009,4160
7993-12704,1-42230,0.0410693,0.254,0.254,171.8,13.56906526248818,1,1,0,12.046,12.046,0.0,0.031127,2.566,0.0,12.035,12.035,0.0,0.028048,2.566,0.0,10.856061533521473,11.193603,185.77318,0.9180491,0.842349,11.6578,1040
8260-6101,1-281126,0.0228806,0.718,0.718,100.6,4.474329756442128,1,1,0,9.85,10.013,0.313,0.028498,71.936,0.16300000000000026,10.06,10.061,0.001,0.027212,82.754,0.0009999999999994458,9.570681845201577,9.908222,72.190186,1.11281,0.394219,5.5716,1168
8091-3701,1-39811,0.0782507,0.106,0.106,257.3,6.7819673886864535,1,1,0,11.506,11.59,0.175,0.031745,62.413,0.08399999999999963,11.505,11.581,0.158,0.034863,84.378,0.07599999999999874,11.058247562614435,11.395788,258.39862,1.0187272,0.844756,7.57525,1040
11749-3702,1-387445,0.061941385,0.106,0.106,237.4,8.116269555800123,1,1,0,11.433,11.514,0.17,0.033148,79.622,0.08099999999999952,11.43,11.514,0.174,0.033114,49.938,0.08399999999999963,10.868589428194504,11.20613,239.6186,0.9212863,0.89767313,5.2980204,1040
8994-12701,1-148581,0.0248189,0.848,0.848,111.7,9.17508605080994,1,1,0,10.599,10.699,0.206,0.022458,52.8,0.09999999999999964,10.69,10.69,0.0,0.021378,52.892,0.0,10.099300726233462,10.436841,68.47411,0.886519,0.713303,8.39936,1040
8994-12703,1-186604,0.0251477,0.755,0.755,90.5,8.487304071975926,3,1,0,10.15,10.378,0.408,0.021589,65.036,0.22799999999999976,10.071,10.376,0.504,0.021491,65.583,0.3049999999999997,9.980506497829673,10.318048,63.382725,0.88508964,0.549524,8.715,1040
8994-12704,1-148547,0.0249866,0.751,0.751,71.4,7.878822860629879,1,1,0,10.137,10.137,0.0,0.099015,86.843,0.0,9.975,10.109,0.265,0.101036,86.843,0.13400000000000034,9.685049001594958,10.02259,51.46724,0.8548942,0.189716,16.8024,1168
8994-12705,1-148691,0.0319433,0.791,0.791,127.4,10.69150638271418,1,1,0,10.814,10.841,0.06,0.024681,72.407,0.026999999999999247,10.853,10.856,0.007,0.022148,73.136,0.0030000000000001137,10.347376858038134,10.684917,91.71064,0.87638676,0.468778,12.8688,1040
8994-1902,1-148756,0.026039,0.634,0.634,92.2,3.2722772206692974,1,1,0,9.863,9.972,0.221,0.029889,79.969,0.10899999999999999,9.842,9.965,0.247,0.03181,86.698,0.12299999999999933,9.890129714658979,10.227671,85.11637,1.082634,0.493023,3.64836,1168
10515-12704,1-78377,0.0296548,0.575,0.575,69.0,12.720008473223935,1,1,0,10.15,10.889,0.818,0.032354,26.152,0.738999999999999,10.416,10.834,0.617,0.032101,26.043,0.41799999999999926,9.809126550856712,10.1466675,53.750984,0.85806537,0.887214,10.6284,1168
8248-12702,1-585474,0.0275925,0.844,0.844,117.9,9.702567785620307,3,1,0,10.638,10.643,0.011,0.024819,77.868,0.005000000000000782,10.64,10.644,0.009,0.024003,77.87,0.0039999999999995595,9.992245028285883,10.329785,68.73563,0.872615,0.270953,13.7156,1040
8310-12702,1-494684,0.0255917,0.629,0.629,94.7,7.2472161549391165,1,1,0,10.254,10.352,0.203,0.044903,82.302,0.09800000000000075,10.383,10.383,0.0,0.042654,82.302,0.0,9.71181566186188,10.049356,78.82803,0.87064314,0.513016,7.82651,1168
11978-3704,1-294599,0.022505593,0.173,0.173,102.8,4.866115171489433,1,1,0,10.059,10.121,0.133,0.035536,44.327,0.062000000000001165,10.087,10.087,0.0,0.03519,69.632,0.0,9.783348170211575,10.120889,103.50201,1.0075543,0.8454055,4.0293994,1040
8095-6102,1-558603,0.0240713,0.625,0.625,94.1,4.638004561540711,3,1,0,10.093,10.159,0.141,0.030264,57.319,0.06600000000000072,10.152,10.158,0.013,0.029728,58.219,0.006000000000000227,9.796869774947387,10.134411,79.84739,1.0745218,0.639123,4.3609,1168
11939-6102,1-456513,0.02343068,0.644,0.644,73.9,5.956510383132614,1,1,0,9.902,9.913,0.026,0.040057,81.476,0.011000000000001009,9.812,9.894,0.173,0.037539,83.635,0.08200000000000074,9.737348085944427,10.074888,66.0979,0.9082925,0.52896166,6.4033327,1168
8157-1901,1-41760,0.0269651,0.576,0.576,138.2,4.238752918773577,3,1,0,10.454,10.491,0.08,0.035652,51.582,0.036999999999999034,10.432,10.5,0.145,0.03526,51.471,0.06799999999999962,10.121231455149621,10.458772,134.8703,1.4399381,0.82719,3.07884,1168
8260-6102,1-281886,0.0533765,0.716,0.716,222.5,5.361236415419272,3,1,2,11.149,11.219,0.148,0.018203,76.032,0.07000000000000028,11.15,11.221,0.148,0.018387,76.033,0.07099999999999973,10.719898648512524,11.057439,206.20468,1.033565,0.511863,5.87452,4160
10220-1901,1-153127,0.0175908,0.236,0.236,109.7,3.278398543894684,1,1,0,10.019,10.019,0.0,0.04292,45.285,0.0,10.01,10.01,0.0,0.044305,46.828,0.0,9.492831601897251,9.830372,109.27394,1.225961,0.800838,2.45927,1552
7993-6103,1-42197,0.0253933,0.583,0.583,108.9,6.272182629132047,1,1,0,10.387,10.588,0.37,0.022839,36.884,0.20099999999999874,10.384,10.584,0.368,0.022924,36.943,0.1999999999999993,9.972643391341768,10.3101845,102.50528,0.9123874,0.798303,5.33279,1552
10226-9102,1-36420,0.0543646,0.483,0.483,223.7,7.530501011783438,3,1,0,11.341,11.342,0.0,0.031821,64.609,0.0010000000000012221,11.322,11.341,0.041,0.031626,66.013,0.019000000000000128,10.862918123299103,11.200459,221.55876,0.8883402,0.631857,7.34558,1040
10843-3704,1-762,0.061398733,0.351,0.351,281.8,5.7663462261891265,1,1,0,11.52,11.553,0.069,0.037623,52.732,0.03300000000000125,11.487,11.544,0.119,0.036647,56.642,0.057000000000000384,10.881835096359314,11.219376,273.9884,0.9954236,0.76741153,4.9575934,1040
7980-3704,1-115380,0.0240186,0.744,0.744,117.3,4.350147793462142,1,1,0,10.227,10.276,0.108,0.031984,83.534,0.04899999999999949,10.131,10.254,0.245,0.026708,85.322,0.12299999999999933,10.058748588475257,10.396289,102.220055,1.0727487,0.470589,4.74883,1040
11944-6104,1-200602,0.030852746,0.276,0.276,132.1,11.203881414827979,1,1,0,10.852,10.884,0.07,0.026088,27.484,0.03200000000000003,10.842,10.879,0.08,0.026096,27.723,0.036999999999999034,10.507081368537483,10.844622,134.1309,0.9405931,0.9202961,6.234849,1040
10516-3702,1-60715,0.0225089,0.785,0.785,92.7,4.475930777256815,3,1,0,10.023,10.027,0.009,0.038332,75.261,0.0039999999999995595,9.796,9.987,0.356,0.036185,75.114,0.19100000000000072,9.649393280049168,9.986934,67.687836,1.0070268,0.453329,5.24894,1168
11752-9101,1-54471,0.07409183,0.107,0.107,234.0,7.094831357985515,1,1,2,11.454,11.474,0.043,0.04861,39.215,0.019999999999999574,11.591,11.592,0.0,0.041164,3.024,0.0010000000000012221,10.913989706040924,11.251531,241.76738,0.91020226,0.70441186,7.6493587,4240
12512-9102,1-92,0.021608172,0.678,0.678,147.6,7.901881776767153,3,1,2,10.54,10.673,0.262,0.012487,65.854,0.1330000000000009,10.517,10.663,0.283,0.017794,67.113,0.1460000000000008,10.287713003907113,10.625254,132.70688,0.94972515,0.5679686,7.8177795,4096
8092-12703,1-40833,0.0382805,0.087,0.087,147.1,11.757701696659046,1,1,0,11.033,11.055,0.05,0.033085,86.468,0.02200000000000024,11.035,11.049,0.033,0.048351,86.468,0.013999999999999346,10.625280546640674,10.962821,153.0546,0.8913708,0.550796,14.2457,1040
10222-3703,1-50622,0.0306595,0.058,0.058,199.7,6.291607210598368,1,1,0,10.921,10.987,0.139,0.021709,17.239,0.06600000000000072,10.919,10.988,0.145,0.021756,16.616,0.06899999999999906,10.459718086536373,10.797258,202.4435,1.1193064,0.759309,4.94874,1040
8157-12704,1-41749,0.0256849,0.562,0.562,57.7,9.206446552426733,1,1,2,9.118,9.93,0.846,0.04913,59.555,0.8119999999999994,9.656,10.002,0.548,0.044837,59.548,0.3460000000000001,9.625001541278028,9.962543,37.79783,0.8699958,0.83343,8.65332,4112
8998-12701,1-173385,0.0290835,0.79,0.79,137.9,10.03035799426423,1,1,0,10.759,10.759,0.0,0.035229,82.751,0.0,10.223,10.708,0.673,0.036093,86.145,0.48499999999999943,10.088377099567147,10.425918,91.767235,0.900251,0.444898,13.5089,1168
8998-12702,1-173605,0.0280432,0.741,0.741,129.4,9.211311061662737,1,1,0,10.69,10.731,0.09,0.028358,75.871,0.04100000000000037,10.656,10.729,0.154,0.028311,76.798,0.07299999999999862,10.187585578156224,10.525126,100.950035,0.90361774,0.418738,11.2204,1552
8998-12704,1-173652,0.0219195,0.668,0.668,72.7,13.46013219920291,1,1,0,8.998,10.557,0.972,0.020464,47.006,1.559000000000001,10.187,10.525,0.541,0.019945,46.036,0.33800000000000097,9.573207063797565,9.910748,51.871532,0.8861115,0.738214,10.936,1040
8998-12705,1-173641,0.0728894,0.785,0.785,127.6,10.402615949501513,1,1,0,11.623,11.623,0.0,0.019406,25.754,0.0,11.258,11.693,0.632,0.022578,25.869,0.4350000000000005,10.8082683797535,11.145809,92.16633,0.87452114,0.864806,9.0877,1040
8998-1901,1-173446,0.0217231,0.642,0.642,95.9,4.272089048058,1,1,0,10.013,10.033,0.046,0.033135,65.255,0.019999999999999574,10.032,10.032,0.0,0.031926,66.024,0.0,9.827456510950695,10.164997,91.03421,1.0975193,0.709282,3.5434,1552
8998-3702,1-173625,0.0223692,0.633,0.633,143.8,5.869259958560443,1,1,0,10.444,10.5,0.119,0.021748,51.952,0.05599999999999916,10.401,10.496,0.196,0.02084,51.434,0.09500000000000064,10.069523801351856,10.407064,136.32532,1.0996301,0.802784,4.17798,1040
8998-3703,1-173626,0.0216862,0.63,0.63,76.7,3.270616205871158,1,1,0,9.776,9.788,0.027,0.039446,69.583,0.012000000000000455,9.772,9.789,0.038,0.039518,69.986,0.01699999999999946,9.596645470039084,9.934186,68.68999,1.2797141,0.533434,3.19551,1168
8998-6101,1-173583,0.0280561,0.3,0.3,206.6,7.733995452924854,1,1,0,10.972,10.995,0.048,0.026504,86.055,0.022999999999999687,10.957,10.996,0.083,0.026639,86.055,0.0389999999999997,10.357730985522357,10.6952715,204.17639,1.052595,0.822818,5.42368,1040
8998-6102,1-173444,0.0215017,0.775,0.775,72.3,4.639816933838133,1,1,0,9.79,9.79,0.0,0.042776,79.06,0.0,9.751,9.773,0.05,0.041216,78.42,0.02200000000000024,9.434795572138592,9.772336,53.82291,0.92175573,0.345589,6.35879,1168
7979-12702,1-115158,0.0280532,0.68,0.68,104.8,6.668851850992615,1,1,0,10.347,10.618,0.464,0.019958,41.103,0.2710000000000008,10.316,10.643,0.529,0.019083,41.104,0.32699999999999996,10.180151691109671,10.517693,94.46442,0.8906355,0.705299,7.50601,1168
8088-12702,1-120663,0.0183028,0.567,0.567,66.0,6.437398088041294,1,1,0,9.436,9.688,0.44,0.039384,84.772,0.25200000000000067,9.753,9.753,0.0,0.041268,86.739,0.0,8.858040663210883,9.195581,52.41273,0.85726756,0.342607,9.33458,1168
10509-3704,1-278191,0.0360398,0.868,0.868,151.9,5.938419660842856,1,1,0,10.752,10.752,0.0,0.031652,67.741,0.0,10.754,10.755,0.0,0.030275,67.741,0.0010000000000012221,10.276431931038628,10.613973,95.84078,0.9789119,0.458372,6.63559,0
11979-6101,1-270298,0.048409414,0.747,0.747,153.8,6.726912957469107,1,1,2,10.978,11.046,0.143,0.027241,49.405,0.06799999999999962,10.924,11.051,0.252,0.028207,49.41,0.12700000000000067,10.612195625063256,10.949737,127.10898,1.0134166,0.7134752,5.8903403,4288
12069-3704,1-106251,0.053198155,0.362,0.362,255.4,5.785442431531537,3,1,0,11.344,11.353,0.018,0.032644,85.847,0.009000000000000341,11.342,11.351,0.017,0.051563,85.847,0.009000000000000341,10.93088151425687,11.268422,256.82956,1.2790219,0.79287606,4.1269956,1040
10213-1901,1-72595,0.0241983,0.201,0.201,134.5,6.03677422242934,1,1,0,10.397,10.398,0.0,0.037692,85.23,0.0009999999999994458,10.405,10.405,0.0,0.037817,47.014,0.0,10.114997741001279,10.4525385,145.24144,1.3333666,0.923325,3.23689,1040
8096-12704,1-580933,0.0159811,0.778,0.778,71.4,8.157762570595715,1,1,0,8.203,9.779,0.973,0.034554,86.789,1.5760000000000005,9.371,9.809,0.635,0.035243,86.789,0.43799999999999883,9.279817461217709,9.617358,43.517452,0.8867582,0.248658,14.6396,1552
11835-9102,1-83002,0.027665034,0.567,0.567,129.6,5.755556309355627,3,1,0,10.519,10.543,0.055,0.026649,54.07,0.023999999999999133,10.524,10.538,0.032,0.026151,54.501,0.014000000000001123,10.183972660883361,10.521513,121.53622,1.0353854,0.75370085,4.7656426,1040
10516-1902,1-60719,0.0226473,0.444,0.444,54.6,4.112927878534101,1,1,0,9.669,9.669,0.0,0.041265,37.06,0.0,9.494,9.65,0.301,0.044137,36.943,0.15600000000000058,9.498030584901596,9.835571,51.40394,1.1136451,0.796248,3.47505,1168
9001-1901,1-148918,0.0224909,0.057,0.057,94.4,2.374963342192929,1,1,0,9.776,9.81,0.075,0.053705,30.069,0.034000000000000696,9.677,9.771,0.194,0.055651,80.043,0.0940000000000012,9.425454331658361,9.762995,95.07913,1.0708357,0.949854,1.71833,1168
9001-1902,1-149329,0.0262379,0.199,0.199,81.5,4.8072676720099246,1,1,0,10.016,10.029,0.029,0.044607,41.103,0.0129999999999999,9.989,10.027,0.082,0.045921,41.623,0.03799999999999848,9.813020914725191,10.150561,81.72397,0.9812347,0.93697,3.42847,1168
9001-3701,1-148907,0.0223736,0.685,0.685,59.7,4.110479058088185,1,1,0,9.441,9.683,0.426,0.043601,59.491,0.2419999999999991,9.707,9.709,0.005,0.042039,62.038,0.0019999999999988916,9.38437133760099,9.721912,48.21855,0.8905275,0.610934,4.11234,1168
9001-3703,1-149116,0.0258805,0.537,0.537,140.8,5.540664298373414,1,1,0,10.55,10.653,0.209,0.026106,37.263,0.10299999999999976,10.529,10.631,0.208,0.02676,38.006,0.10200000000000031,10.099397463374235,10.436938,138.5088,0.9853275,0.857734,4.51666,1040
9001-3704,1-149228,0.0276285,0.607,0.607,132.9,6.739973094016533,3,1,0,10.643,10.676,0.071,0.026112,46.255,0.032999999999999474,10.657,10.675,0.04,0.025936,46.841,0.018000000000000682,10.349316388770106,10.686857,120.907585,1.0955498,0.782937,4.92941,1040
9001-6104,1-149323,0.0262639,0.342,0.342,73.3,12.25310417404274,1,1,0,11.012,11.012,0.0,0.028307,2.566,0.0,11.029,11.029,0.0,0.027946,2.566,0.0,10.033516234279684,10.371057,81.16398,0.9288122,0.635879,6.29069,1040
9001-9101,1-148921,0.0226711,0.734,0.734,75.5,6.399810011686068,1,1,0,9.227,9.957,0.814,0.038883,78.086,0.7300000000000004,9.934,10.024,0.187,0.04052,86.636,0.08999999999999986,9.613369229961569,9.95091,57.50245,0.88318527,0.503011,7.34514,1168
11757-3703,1-270242,0.057412736,0.457,0.457,208.4,6.683201963064512,3,1,0,11.285,11.354,0.146,0.024205,37.533,0.06899999999999906,11.262,11.331,0.145,0.02406,42.325,0.06899999999999906,10.882429927725145,11.219971,202.82178,0.95680153,0.88307196,4.8657794,1040
11830-12704,1-576544,0.029725833,0.753,0.753,167.9,11.247023907971673,3,1,0,11.029,11.043,0.031,0.020836,71.945,0.013999999999999346,11.005,11.04,0.076,0.020394,71.936,0.034999999999998366,10.698324162756684,11.035865,124.91689,0.93021697,0.49487013,14.977041,1024
10517-6102,1-586066,0.0298407,0.769,0.769,142.5,4.72960811908053,3,1,0,10.606,10.607,0.0,0.022438,64.028,0.0009999999999994458,10.605,10.606,0.002,0.022504,64.048,0.0009999999999994458,10.190894515202341,10.528435,118.78964,1.1342517,0.685839,4.31113,1168
11747-6103,1-230825,0.07899565,0.122,0.122,265.1,7.9180256772397986,1,1,0,11.589,11.672,0.172,0.003716,82.799,0.08300000000000018,11.601,11.671,0.148,0.003678,82.652,0.06999999999999851,11.075662253097704,11.413203,265.94623,0.9727236,0.83945453,5.811633,1040
12506-12701,1-82432,0.030030238,0.744,0.744,138.3,9.91199438353441,1,1,0,10.93,10.931,0.002,0.019719,66.241,0.0009999999999994458,10.903,10.937,0.075,0.019697,66.354,0.03399999999999892,10.471582605590223,10.809123,106.30154,0.9285483,0.6327283,9.358866,1040
11942-12701,1-210355,0.03307382,0.878,0.878,135.7,8.73511962644219,3,1,0,10.796,10.796,0.0,0.027214,77.866,0.0,10.797,10.797,0.0,0.027217,77.866,0.0,10.348821268963436,10.686362,86.15579,0.94838977,0.35236293,10.990931,1168
10498-3702,1-299570,0.0965892,0.172,0.172,260.5,6.34594624576658,1,1,2,11.442,11.518,0.159,0.037299,82.799,0.07600000000000051,11.442,11.522,0.167,0.039864,82.799,0.08000000000000007,10.990864751955158,11.328405,260.48914,0.9739202,0.892252,6.98533,4224
8087-6101,1-118970,0.116453,0.873,0.873,262.3,4.8507110910280415,3,1,0,11.631,11.632,0.0,0.061541,71.936,0.0009999999999994458,11.631,11.632,0.001,0.061607,71.936,0.0009999999999994458,11.183634213369915,11.521174,199.1999,0.9353818,0.466397,5.46455,1040
10500-1901,1-300464,0.0489584,0.623,0.623,117.6,11.10248941239044,1,1,0,10.979,11.0,0.048,0.038104,36.707,0.021000000000000796,11.083,11.09,0.018,0.026871,36.72,0.006999999999999673,10.605986665820632,10.943527,96.491684,0.9037971,0.898207,8.88056,1040
8091-6101,1-39766,0.0390731,0.79,0.79,136.2,9.910331990939593,1,1,0,10.795,11.158,0.567,0.017075,45.267,0.36299999999999955,10.779,11.173,0.596,0.01684,45.258,0.39400000000000013,10.68168073807881,11.019221,110.98351,0.9830699,0.80024,8.08074,1040
10220-9101,1-201969,0.0363553,0.784,0.784,119.3,7.783818856393735,1,1,2,10.639,10.803,0.314,0.022841,45.489,0.16400000000000148,10.629,10.803,0.33,0.023812,45.612,0.17400000000000126,10.250110029922435,10.58765,101.44734,0.87494266,0.734429,7.19938,4288
11834-12705,1-549301,0.0423918,0.851,0.851,146.4,13.655053859393565,3,1,0,11.21,11.21,0.0,0.023465,56.158,0.0,11.215,11.215,0.0,0.024,56.158,0.0,10.66919057271309,11.006731,109.64086,0.89144135,0.60723513,12.310813,1040
11954-1901,1-195235,0.023667818,0.594,0.594,108.0,3.863432422594557,1,1,0,10.107,10.113,0.012,0.039043,52.728,0.006000000000000227,10.047,10.132,0.176,0.040307,53.861,0.08499999999999908,9.834842711663999,10.172383,102.20276,1.5860178,0.74345106,3.359072,1168
11983-1901,1-22648,0.034344655,0.517,0.517,102.2,2.3149042113959006,1,1,2,10.001,10.047,0.1,0.049043,75.898,0.04600000000000115,9.992,10.045,0.114,0.049059,76.916,0.05299999999999905,9.868194590232926,10.205735,96.87964,1.1027766,0.5633772,2.4657323,4608
12094-12703,1-40566,0.04693133,0.101,0.101,205.3,13.572421208275905,1,1,0,11.432,11.444,0.028,0.025527,84.023,0.012000000000000455,11.443,11.443,0.0,0.025273,84.023,0.0,10.978479259914765,11.31602,217.11382,0.8722439,0.8756429,7.34514,1040
8075-3703,1-119871,0.0200168,0.619,0.619,75.1,4.781756759691399,1,1,0,9.773,9.957,0.345,0.023958,54.557,0.18400000000000105,9.957,9.97,0.03,0.022449,54.731,0.0129999999999999,9.622435777843085,9.959976,62.688007,1.0380595,0.667237,4.43391,1040
7979-12701,1-115365,0.0253792,0.836,0.836,147.9,8.705848017601324,3,1,0,10.711,10.711,0.0,0.022338,75.282,0.0,10.695,10.703,0.017,0.019321,74.992,0.007999999999999119,10.325706497548769,10.663247,96.73783,0.96364844,0.399246,10.6316,1088
8148-1902,1-201354,0.0272139,0.624,0.624,88.6,7.88732960223298,3,1,0,10.155,10.517,0.565,0.030364,66.547,0.3620000000000001,9.835,10.499,0.783,0.030206,68.111,0.6639999999999997,10.11098679033578,10.448527,76.85154,1.085394,0.995612,1.0863,1040
8310-12705,1-495360,0.0206257,0.754,0.754,83.8,5.248862133612155,1,1,0,8.024,9.831,0.984,0.026151,83.863,1.8070000000000004,9.769,9.953,0.346,0.021654,84.045,0.18399999999999928,9.00999873004806,9.347539,51.411247,0.9390398,0.407376,5.98558,1168
10837-1902,1-3327,0.02219553,0.632,0.632,80.5,4.4403081366294,1,1,0,9.628,9.846,0.396,0.054147,86.789,0.21799999999999997,9.881,9.881,0.0,0.061325,86.789,0.0,9.494317660466502,9.831859,64.33233,0.9763131,0.26986614,6.934818,1168
10508-12702,1-150962,0.029423,0.775,0.775,99.4,9.388355189387942,1,1,0,10.533,10.533,0.0,0.023124,70.068,0.0,10.338,10.519,0.339,0.022385,70.673,0.18100000000000094,10.188197016558755,10.525738,71.0573,0.85658956,0.470037,10.198,1168
8245-12702,1-567244,0.0343052,0.775,0.775,166.1,11.63686172974137,1,1,0,10.995,11.305,0.51,0.007944,45.22,0.3100000000000005,11.015,11.303,0.484,0.008375,45.285,0.28800000000000026,10.641911159621342,10.979452,144.96968,0.88246626,0.627567,9.21382,1040
10497-3702,1-605013,0.0157002,0.519,0.519,250.3,8.576259977127556,1,1,0,10.995,11.01,0.027,0.02548,85.073,0.015000000000000568,10.916,10.994,0.157,0.030453,86.841,0.0779999999999994,10.599853608885827,10.937394,227.53302,1.3053396,0.44589,9.06247,0
10513-3703,1-54115,0.0172364,0.721,0.721,51.1,3.7807045393700354,1,1,0,7.664,9.305,0.977,0.046466,69.778,1.641,7.932,9.287,0.956,0.046987,76.546,1.3550000000000004,8.949123492540519,9.286664,38.357212,0.8973007,0.522545,4.18299,1168
10503-12705,1-560323,0.0677152,0.089,0.089,255.7,8.135851193744626,1,1,0,11.532,11.548,0.034,0.037692,75.751,0.016000000000000014,11.544,11.546,0.0,0.055704,86.055,0.0019999999999988916,11.040444098362677,11.377985,263.4207,0.9436165,0.648019,11.1724,1040
11952-6102,1-325871,0.035815705,0.114,0.114,141.3,6.533982880406705,1,1,2,10.769,10.769,0.0,0.033339,69.549,0.0,10.758,10.759,0.0,0.050642,85.581,0.0010000000000012221,10.360129811482231,10.69767,142.69696,0.9802476,0.7005573,6.510801,4224
11828-9102,1-80572,0.022022404,0.716,0.716,87.1,5.456963221102203,1,1,0,9.875,9.985,0.224,0.030355,78.061,0.10999999999999943,9.708,9.96,0.441,0.030105,81.798,0.25200000000000067,9.35772077087865,9.695261,65.32238,0.9761876,0.3535906,7.257752,1168
11865-3701,1-2333,0.022747563,0.52,0.52,77.6,4.329133997063406,1,1,0,9.688,9.804,0.234,0.046482,66.607,0.11599999999999966,9.731,9.809,0.163,0.046465,66.814,0.0779999999999994,8.80831814870996,9.145859,64.71381,0.9178064,0.49249962,5.0177464,1168
11958-6101,1-144470,0.032426596,0.738,0.738,174.1,6.2096384943932845,3,1,0,10.836,10.884,0.104,0.024505,65.964,0.04800000000000004,10.838,10.889,0.109,0.024113,65.907,0.051000000000000156,10.478031031142004,10.815572,156.87543,1.0506288,0.6176044,5.762667,1040
12510-3703,1-549479,0.08599179,0.23,0.23,235.4,9.215023731387227,1,1,0,11.569,11.667,0.2,0.040513,38.181,0.09799999999999898,11.619,11.675,0.12,0.041192,16.056,0.05600000000000094,11.03217928878001,11.3697195,240.86975,0.9680599,0.9556278,4.5079374,1040
9030-12703,1-269313,0.0479144,0.27,0.27,186.5,5.918221660534306,1,1,0,11.005,11.007,0.003,0.024092,50.799,0.0019999999999988916,10.999,11.005,0.013,0.024186,84.023,0.006000000000000227,10.705561824013122,11.043102,189.00153,1.0370343,0.572313,13.6195,1168
9030-1902,1-297172,0.0241177,0.753,0.753,81.9,3.0769399824468757,1,1,0,9.763,9.814,0.109,0.034047,83.207,0.051000000000000156,9.774,9.816,0.093,0.034041,83.188,0.04200000000000159,9.766457464116556,10.103998,69.034355,1.400496,0.434422,3.52693,1168
9030-3701,1-633722,0.0472344,0.347,0.347,176.2,6.559644496349016,1,1,0,10.96,11.054,0.193,0.028076,82.799,0.09399999999999942,11.001,11.056,0.117,0.026089,82.793,0.054999999999999716,10.707739603048942,11.04528,175.20403,1.2998036,0.849854,3.51434,1040
9030-3703,1-561331,0.0494999,0.46,0.46,243.8,5.607532110332407,1,1,0,11.278,11.311,0.071,0.029855,48.488,0.032999999999999474,11.267,11.309,0.089,0.029687,50.002,0.041999999999999815,10.86395658645432,11.201497,230.55081,0.9551301,0.66832,6.78269,1040
9030-3704,1-269099,0.0320821,0.656,0.656,232.1,5.902093229234771,3,1,0,11.046,11.06,0.029,0.028931,69.484,0.014000000000001123,11.034,11.062,0.059,0.026547,69.316,0.027999999999998693,10.572811214812331,10.910352,219.16838,1.6468984,0.640677,4.3396,1040
8248-3701,1-481320,0.0274752,0.664,0.664,84.8,4.329268961404437,1,1,2,9.984,10.032,0.104,0.043448,68.941,0.04800000000000004,9.859,10.012,0.296,0.043274,65.521,0.15300000000000047,9.72111700344658,10.058658,74.28676,0.9557341,0.609361,4.23336,4288
11978-6101,1-294376,0.031223914,0.828,0.828,106.9,6.3960626586350955,1,1,2,10.042,10.509,0.659,0.027376,57.087,0.4670000000000005,10.013,10.505,0.678,0.027932,57.562,0.4920000000000009,10.169671054893739,10.507212,83.12207,1.0702958,0.5644825,5.159275,4288
10507-6104,1-174945,0.0322098,0.586,0.586,264.5,8.504123584172772,1,1,0,11.339,11.373,0.073,0.018907,62.519,0.03399999999999892,11.324,11.37,0.097,0.018301,66.398,0.045999999999999375,10.777457272687794,11.114998,244.50224,1.0053247,0.701494,6.78072,1040
11823-6103,1-543413,0.07255161,0.084,0.084,205.2,7.629100761214663,1,1,2,11.341,11.414,0.155,0.037685,39.215,0.0730000000000004,11.517,11.589,0.151,0.036891,2.903,0.07200000000000095,10.855050567547645,11.192591,210.09285,0.90267587,0.913411,6.071291,4096
10517-3703,1-78688,0.0135006,0.506,0.506,54.6,6.0825236921217245,1,1,2,9.442,9.632,0.355,0.02443,51.078,0.1899999999999995,9.529,9.62,0.189,0.024002,50.541,0.0909999999999993,9.482692113466127,9.820232,50.35996,0.97439593,0.836188,4.80007,4672
9032-12704,1-268986,0.0296086,0.688,0.688,81.8,7.888935468378614,1,1,2,10.259,10.262,0.007,0.046518,77.602,0.0030000000000001137,10.134,10.242,0.22,0.046459,77.136,0.10800000000000054,9.691404218387014,10.028945,63.396656,0.89927197,0.466996,8.64356,4608
9032-1902,1-269003,0.0144316,0.074,0.074,55.4,4.12863761172835,1,1,2,9.405,9.479,0.155,0.038075,16.44,0.07399999999999984,9.487,9.493,0.013,0.037055,16.086,0.006000000000000227,9.329820779959224,9.667361,56.27187,1.1432117,0.975791,3.10157,4096
9032-3701,1-633476,0.0318999,0.087,0.087,195.1,8.225062442310879,1,1,0,11.052,11.053,0.0,0.010707,23.149,0.0010000000000012221,11.054,11.055,0.0,0.010714,19.844,0.0009999999999994458,10.579136244187843,10.9166765,197.356,0.9307209,0.812047,7.4534,1040
9032-6101,1-268785,0.0477336,0.522,0.522,140.6,7.338069811528105,1,1,0,10.984,11.024,0.086,0.025935,31.598,0.03999999999999915,10.995,11.012,0.037,0.025339,31.598,0.017000000000001236,10.776718613517529,11.114259,134.733,0.99157506,0.902942,5.42071,1040
9032-9102,1-633719,0.0220129,0.802,0.802,89.9,5.322231131987661,1,1,0,9.881,10.007,0.252,0.031376,85.415,0.12599999999999945,9.851,10.001,0.291,0.031351,85.558,0.14999999999999858,9.282628909295648,9.62017,57.799744,0.94369924,0.297115,7.48815,1168
8087-9101,1-119212,0.0416444,0.416,0.416,212.2,9.620259212989284,1,1,0,11.319,11.502,0.343,0.021023,33.362,0.18299999999999983,11.338,11.478,0.275,0.020701,33.783,0.14000000000000057,10.824237811459627,11.161778,202.72443,0.8807759,0.863859,6.99828,1040
11022-6102,1-83113,0.02709519,0.553,0.553,72.1,5.998789200929936,1,1,0,9.946,9.999,0.115,0.040088,58.213,0.053000000000000824,9.936,9.995,0.127,0.04309,60.096,0.058999999999999275,9.81333441810849,10.150875,66.9912,0.95463115,0.6639712,6.1710024,1168
12514-12702,1-67044,0.034554448,0.781,0.781,145.1,10.64903972925933,3,1,0,11.118,11.119,0.004,0.018627,49.144,0.0009999999999994458,11.129,11.137,0.019,0.017927,49.126,0.008000000000000895,10.557531562616486,10.895072,105.28874,0.8818847,0.69380873,9.40455,1040
8088-6104,1-120779,0.115972,0.17,0.17,282.8,6.370976211622978,1,1,0,11.894,11.898,0.008,0.058755,18.984,0.0039999999999995595,11.824,11.868,0.095,0.060997,19.05,0.04400000000000048,11.244415676993407,11.581956,290.36194,0.9747605,0.936689,5.32329,1024
10494-3703,1-379877,0.0318774,0.573,0.573,166.9,4.351677887261678,3,1,0,10.679,10.746,0.142,0.025686,41.797,0.06700000000000017,10.684,10.764,0.167,0.024778,41.627,0.08000000000000007,10.316601397093544,10.654142,161.00662,1.2124771,0.875517,3.73381,1168
10500-12703,1-300461,0.0142289,0.71,0.71,144.6,5.389679329540672,3,1,0,10.265,10.311,0.098,0.015698,82.348,0.045999999999999375,10.254,10.312,0.124,0.015271,84.199,0.05799999999999983,10.111501108387221,10.449041,130.65622,1.4226054,0.483755,5.48554,0
10218-3704,1-412176,0.0286968,0.546,0.546,77.4,6.381389833309385,1,1,0,10.34,10.523,0.344,0.02575,25.878,0.18299999999999983,10.334,10.525,0.356,0.025747,25.884,0.19100000000000072,10.116375261179705,10.453916,71.396065,1.0824586,0.807075,5.25166,1168
12484-12702,1-409473,0.023734346,0.789,0.789,91.5,5.092072310498631,1,1,0,9.673,9.87,0.365,0.033964,86.205,0.19699999999999918,9.723,9.874,0.294,0.034873,86.842,0.1509999999999998,9.642470614172051,9.980011,65.13406,0.8893936,0.21312003,9.060943,1168
10520-9102,1-79606,0.0454099,0.765,0.765,170.9,10.651742268178007,1,1,0,11.109,11.222,0.229,0.021336,76.429,0.11299999999999955,11.225,11.242,0.037,0.020636,76.429,0.017000000000001236,10.76002570692045,11.097567,140.97542,0.90044826,0.718763,9.20533,1040
10508-6102,1-151019,0.0853738,0.107,0.107,223.0,7.242146331808168,1,1,0,11.482,11.582,0.206,0.033904,4.321,0.10000000000000142,11.577,11.765,0.352,0.034071,2.822,0.1880000000000006,11.06072805109286,11.398269,226.28204,0.9195898,0.958756,5.87604,1040
10505-1902,1-567457,0.0212653,0.869,0.869,81.1,3.2391714212275065,1,1,0,9.52,9.8,0.475,0.010637,86.789,0.28000000000000114,9.674,9.824,0.291,0.009011,81.851,0.15000000000000036,9.366110900286822,9.703651,68.23619,1.1729953,0.434202,3.01745,1168
11745-6101,1-123217,0.045546692,0.857,0.857,128.7,5.6524652410540055,1,1,0,10.664,10.731,0.142,0.034438,56.14,0.06700000000000017,10.693,10.732,0.086,0.033976,56.14,0.0389999999999997,10.313148691143063,10.650689,97.55178,1.0114033,0.6522669,4.9959364,0
8327-3702,1-286081,0.0366213,0.195,0.195,109.8,8.214108374995993,1,1,0,10.539,10.539,0.0,0.028801,80.043,0.0,10.539,10.539,0.0,0.028711,80.043,0.0,10.541704023284288,10.879245,117.03991,0.9159391,0.957916,5.28781,1040
11834-3704,1-14136,0.1412096,0.073,0.073,298.4,4.985637540362083,1,1,0,11.888,12.275,0.589,0.023449,2.64,0.38700000000000045,11.775,12.044,0.461,0.02348,2.846,0.26900000000000013,11.300986759496192,11.638527,299.17563,1.0202734,0.90456444,4.6673694,1024
11939-1902,1-456771,0.023879517,0.291,0.291,64.5,3.0866383758050877,1,1,2,9.666,9.666,0.0,0.059063,34.671,0.0,9.62,9.62,0.0,0.053909,82.799,0.0,9.273332853785687,9.610873,64.84529,1.0075047,0.90798426,2.4530125,4288
10222-3702,1-50577,0.033001,0.426,0.426,186.5,6.273383459988021,1,1,0,10.918,10.958,0.086,0.026268,51.009,0.040000000000000924,10.907,10.94,0.072,0.026753,84.023,0.032999999999999474,10.516959545768517,10.8545,185.18373,1.0702747,0.917435,4.38661,1040
8087-12704,1-637857,0.0261811,0.663,0.663,74.5,10.42690464562866,1,1,0,8.89,10.543,0.978,0.020302,46.357,1.6529999999999987,9.307,10.543,0.942,0.020099,46.449,1.2359999999999989,9.774702322467663,10.112243,53.007786,0.86665684,0.786943,8.74594,1168
11016-12703,1-197191,0.046122026,0.815,0.815,170.5,9.691515874440569,1,1,0,11.093,11.285,0.356,0.017065,49.06,0.19200000000000017,11.083,11.301,0.394,0.015587,49.06,0.21799999999999997,10.644586254028953,10.982127,151.84296,0.8833165,0.6956888,8.554897,1040
8310-3702,1-495856,0.0219802,0.778,0.778,64.5,4.898663474623913,1,1,0,9.275,9.808,0.707,0.044028,62.24,0.5329999999999995,9.114,9.781,0.785,0.045383,66.871,0.6669999999999998,9.357795774309212,9.695336,47.941124,0.8821704,0.579239,5.10784,1168
10513-12704,1-54539,0.0243202,0.508,0.508,195.0,8.234268560035474,3,1,2,10.936,10.938,0.0,0.02017,68.828,0.002000000000000668,10.924,10.932,0.014,0.021756,71.525,0.008000000000000895,10.472166753941066,10.809708,188.96524,0.9768733,0.541305,8.53813,4096
11823-9102,1-550868,0.09894046,0.124,0.124,156.9,5.645391805847872,1,1,0,11.152,11.153,0.0,0.037119,55.151,0.0010000000000012221,11.152,11.153,0.0,0.03711,55.151,0.0010000000000012221,11.18014248359846,11.517683,160.87598,0.91736114,0.8073686,7.6194987,1040
11010-12701,1-518572,0.034459487,0.25,0.25,195.2,10.072079042955064,1,1,0,11.137,11.201,0.136,0.006424,66.755,0.06400000000000006,11.178,11.199,0.045,0.006247,84.742,0.02099999999999902,10.743529284023712,11.08107,195.5338,0.9433638,0.8404268,7.5960746,1040
10509-12702,1-278113,0.0357975,0.789,0.789,167.0,9.08974316002197,3,1,0,11.133,11.133,0.0,0.022261,65.854,0.0,11.135,11.137,0.004,0.022134,65.854,0.002000000000000668,10.54968483915307,10.887225,130.10788,0.89468926,0.601891,8.77987,1040
11955-3702,1-195268,0.02875188,0.755,0.755,126.1,3.1915098277841527,3,1,0,10.153,10.189,0.079,0.023128,72.093,0.03599999999999959,10.134,10.186,0.113,0.022344,71.996,0.0519999999999996,10.194588540236731,10.532129,119.9701,2.0894024,0.64674586,2.8395927,1552
8152-3703,1-232087,0.0276642,0.28,0.28,133.0,5.295684317162077,1,1,0,10.48,10.488,0.017,0.034045,62.716,0.007999999999999119,10.435,10.5,0.138,0.038791,63.333,0.0649999999999995,9.958099718938326,10.29564,128.3845,1.0020524,0.595971,5.06028,1168
7965-6101,1-179597,0.0439849,0.39,0.39,142.2,4.508829422855155,1,1,0,10.651,10.691,0.087,0.027217,41.22,0.040000000000000924,10.661,10.683,0.049,0.027114,45.778,0.02200000000000024,10.641139832939267,10.978681,142.48892,1.5562721,0.867587,3.11233,16
7981-12704,1-636425,0.0236902,0.812,0.812,85.7,6.456096482787262,1,1,0,9.824,10.12,0.493,0.027813,86.268,0.2959999999999994,10.17,10.195,0.054,0.025311,84.524,0.025000000000000355,9.667192297996522,10.004733,53.983234,0.91097915,0.285965,9.1122,1168
10514-1901,1-77742,0.0235589,0.309,0.309,84.3,5.016918012549039,1,1,0,10.004,10.004,0.0,0.040471,22.76,0.0,9.996,9.996,0.0,0.040488,23.362,0.0,9.888711221153633,10.226252,86.98677,1.2303214,0.888709,3.47971,1040
8248-3704,1-482580,0.0254989,0.377,0.377,123.3,3.412943141253677,1,1,0,10.269,10.318,0.105,0.020359,26.16,0.04899999999999949,10.228,10.312,0.174,0.020771,26.229,0.08399999999999963,10.307033685445145,10.644574,124.73654,1.8541492,0.988321,2.3699,1024
7978-9102,1-115353,0.0237248,0.751,0.751,81.1,11.629992826228149,1,1,0,10.251,10.551,0.498,0.024245,50.347,0.3000000000000007,10.403,10.535,0.261,0.024022,50.218,0.13199999999999967,9.80852290449976,10.146064,55.652386,0.8885393,0.706248,8.13411,1168
8324-12702,1-284982,0.0297499,0.745,0.745,118.5,12.625569978970619,3,1,0,11.093,11.093,0.0,0.019681,31.667,0.0,11.071,11.096,0.057,0.019117,31.698,0.025000000000000355,10.497873281821343,10.835414,102.899254,0.85251766,0.896998,9.89293,1040
10839-6102,1-52814,0.05209065,0.065,0.065,216.7,8.538438738651955,1,1,0,11.3,11.356,0.119,0.023416,78.804,0.05599999999999916,11.3,11.356,0.119,0.023991,78.804,0.05599999999999916,10.88156997707786,11.2191105,219.98984,0.9358491,0.9498847,6.138457,1040
8096-12702,1-558599,0.0170457,0.642,0.642,58.1,7.323159260613712,1,1,0,9.409,9.721,0.513,0.038962,65.223,0.3119999999999994,9.289,9.704,0.615,0.038297,67.995,0.4150000000000009,9.382548322758733,9.720089,46.856453,0.8937348,0.481886,8.53753,1552
8093-12703,1-41257,0.0366698,0.759,0.759,112.1,9.92473654843419,1,1,0,10.703,10.703,0.0,0.029501,61.434,0.0,10.688,10.7,0.027,0.029409,60.847,0.011999999999998678,10.530330351224274,10.867871,102.625916,0.8713555,0.640204,9.60944,1040
11758-3702,1-319368,0.030425321,0.726,0.726,85.5,13.224939178235486,3,1,0,10.63,11.005,0.578,0.02655,41.434,0.375,10.268,11.015,0.821,0.025065,41.993,0.7469999999999999,10.078249699383964,10.415791,55.306988,0.86487025,0.7734008,11.011979,1168
10220-9102,1-136333,0.0173655,0.585,0.585,62.1,6.708582749446158,1,1,0,9.214,9.675,0.654,0.029867,86.698,0.4610000000000003,9.744,9.744,0.0,0.029323,86.698,0.0,9.088625059360618,9.426166,48.883343,0.9276318,0.42379,7.55413,1168
9040-12701,1-296690,0.0318513,0.61,0.61,142.0,10.926556735015216,1,1,0,10.963,10.985,0.05,0.156967,86.732,0.02200000000000024,10.732,10.942,0.384,0.15441,86.732,0.21000000000000085,10.352874906859126,10.690415,124.395065,0.9232893,0.494925,12.5789,1552
9040-12703,1-296644,0.0252229,0.811,0.811,82.8,6.44664542024207,1,1,0,9.15,9.888,0.817,0.046424,86.071,0.7379999999999995,9.452,9.896,0.64,0.046881,86.797,0.44400000000000084,9.496848037302433,9.834389,49.44188,0.88908607,0.168844,13.3493,1168
9040-3701,1-269740,0.0944109,0.069,0.069,271.9,6.76997733039858,1,1,0,11.686,11.752,0.139,0.029757,24.637,0.06600000000000072,11.686,11.754,0.144,0.029884,24.131,0.06799999999999962,11.204993121998692,11.542534,274.78552,0.94638705,0.948474,5.19267,1040
9040-3702,1-296812,0.0302827,0.107,0.107,96.4,5.887914990798079,1,1,2,10.229,10.262,0.074,0.038915,80.043,0.03300000000000125,10.209,10.274,0.139,0.040464,33.755,0.0649999999999995,10.100198171834132,10.437738,98.715485,0.9184287,0.906029,4.59991,4288
9040-6101,1-633819,0.0328064,0.75,0.75,157.7,7.1252947575855705,3,1,0,10.853,10.976,0.247,0.020757,56.158,0.12300000000000111,10.883,10.965,0.172,0.020336,56.158,0.08200000000000074,10.502822994219365,10.8403635,126.03043,0.9876462,0.720823,6.3193,1040
9040-6102,1-296659,0.0659793,0.775,0.775,113.6,5.340819442422189,3,1,0,11.044,11.087,0.093,0.034015,31.669,0.04299999999999926,11.042,11.103,0.131,0.033722,31.64,0.06099999999999994,10.578192080540257,10.915732,89.96854,0.93669254,0.874161,4.41173,0
9040-6103,1-633805,0.0320558,0.722,0.722,166.6,5.5922861678960105,3,1,0,10.706,10.753,0.101,0.017582,80.073,0.0470000000000006,10.704,10.753,0.106,0.017732,80.073,0.04899999999999949,10.484287023910698,10.821828,148.071,1.0471487,0.440218,6.31306,1040
9040-6104,1-296599,0.0332612,0.741,0.741,119.0,7.110512363841339,3,1,0,10.75,10.783,0.074,0.023222,41.127,0.032999999999999474,10.745,10.788,0.094,0.02313,41.103,0.04300000000000104,10.462363552487883,10.799904,93.89763,0.97283596,0.803185,5.86787,1040
12483-9101,1-405457,0.021839406,0.788,0.788,100.8,6.809982887030612,3,1,2,10.209,10.264,0.118,0.024723,74.631,0.054999999999999716,10.031,10.238,0.379,0.023259,74.72,0.20699999999999896,9.96808695301493,10.305628,70.03345,0.94586974,0.3992238,8.157549,4112
12082-3704,1-36351,0.037341516,0.54,0.54,142.2,5.557523441182624,1,1,0,10.708,10.909,0.371,0.016779,31.924,0.2010000000000005,10.707,10.909,0.371,0.016776,31.925,0.20199999999999996,10.591602932037773,10.929144,138.43321,1.2196455,0.90946776,4.1275496,1040
11830-1901,1-152337,0.0257783,0.361,0.361,155.3,2.2818704687299767,1,1,0,10.237,10.238,0.0,0.053334,23.723,0.0009999999999994458,10.228,10.232,0.007,0.051087,25.736,0.0039999999999995595,9.70515763236288,10.042698,160.15291,1.3925529,0.86558694,1.7135589,1168
12075-12703,1-34149,0.017370166,0.734,0.734,70.0,4.9636488741862586,1,1,0,9.888,9.888,0.0,0.036064,49.06,0.0,9.872,9.895,0.052,0.035929,49.061,0.022999999999999687,9.433683126334541,9.771224,57.92139,0.91020423,0.7849399,4.187958,1552
12094-1902,1-39922,0.0384713,0.257,0.257,77.9,2.1428825832483285,1,1,0,9.739,9.768,0.065,0.055044,86.558,0.028999999999999915,9.779,9.779,0.0,0.053231,81.455,0.0,9.711932220400573,10.049473,77.880714,1.1555989,0.7419923,1.8377514,0
11760-9101,1-233444,0.038748458,0.646,0.646,199.7,9.12833121717286,3,1,0,11.224,11.294,0.149,0.018812,47.859,0.07000000000000028,11.2,11.304,0.213,0.01932,47.974,0.10400000000000098,10.794743111038246,11.132284,179.09532,0.91203094,0.7373311,7.291519,1040
12079-6101,1-35362,0.042000726,0.819,0.819,192.3,4.868278858023303,3,1,0,10.907,10.945,0.084,0.024234,79.496,0.038000000000000256,10.848,10.93,0.171,0.020712,79.465,0.08199999999999896,10.59166766814942,10.929209,146.90802,1.0571543,0.39539558,5.9782453,1168
11758-1902,1-196390,0.030108688,0.689,0.689,63.6,3.099254674538097,1,1,2,9.78,9.94,0.309,0.042359,37.15,0.16000000000000014,9.811,9.914,0.21,0.041249,37.364,0.10299999999999976,9.510435122482477,9.847976,58.033737,1.1044221,0.9252695,2.539588,4096
11871-6101,1-455687,0.023638437,0.609,0.609,132.0,6.792507614913835,1,1,0,10.518,10.605,0.18,0.030897,42.156,0.08699999999999974,10.501,10.588,0.181,0.032687,43.07,0.08699999999999974,10.1198033952867,10.457344,123.93406,0.987705,0.83359885,5.953943,1040
11944-12703,1-200614,0.016200878,0.727,0.727,70.2,4.070109693911086,1,1,0,9.546,9.558,0.027,0.039683,84.72,0.012000000000000455,9.468,9.537,0.145,0.039618,84.583,0.06900000000000084,9.040768510998426,9.378309,54.288227,0.97324526,0.3359988,5.5372987,1168
11958-6102,1-144455,0.02263881,0.581,0.581,65.4,5.375847204149082,1,1,0,9.375,9.783,0.609,0.034904,71.936,0.4079999999999995,8.913,9.763,0.859,0.034526,71.936,0.8499999999999996,9.328558320639194,9.666099,54.38322,0.9146654,0.57808614,5.532141,1168
7993-9102,1-42070,0.060711,0.063,0.063,208.2,8.135723130661003,1,1,0,11.23,11.384,0.297,0.043484,57.276,0.15399999999999991,11.353,11.401,0.104,0.045912,19.2,0.04800000000000004,10.873428725936561,11.210969,212.37584,0.9255497,0.902908,8.16665,1040
8157-9102,1-41922,0.023996,0.737,0.737,91.1,6.330182630412836,1,1,0,9.172,10.064,0.872,0.034116,79.51,0.8919999999999995,8.834,10.055,0.94,0.033994,79.186,1.221,9.317591200762081,9.655131,49.363544,0.9105477,0.385369,7.79056,1168
12487-3704,1-386996,0.034089517,0.247,0.247,73.4,1.4821358514840433,1,1,0,9.594,9.67,0.159,0.072856,3.482,0.07600000000000051,9.829,10.011,0.343,0.072815,2.627,0.1819999999999986,9.351423925240699,9.688965,73.18356,1.1238736,0.9909063,1.5142018,0
8148-6104,1-146104,0.0216744,0.697,0.697,111.9,5.648226132654416,1,1,0,10.185,10.28,0.195,0.026705,81.401,0.09499999999999886,10.26,10.294,0.076,0.025077,81.401,0.034000000000000696,9.86199653619357,10.199537,90.05872,0.9921743,0.523096,5.75632,1552
8321-12703,1-401670,0.0218876,0.796,0.796,84.2,8.32855744394782,1,1,0,9.773,10.174,0.603,0.028583,66.126,0.4009999999999998,9.52,10.167,0.775,0.028352,66.678,0.6470000000000002,9.628483953505341,9.966024,50.614014,0.8581314,0.478534,10.6187,1168
10513-6103,1-54129,0.0242536,0.674,0.674,83.7,5.273208532051534,1,1,0,8.421,9.917,0.968,0.037331,84.21,1.4960000000000004,10.016,10.016,0.0,0.037329,86.636,0.0,9.14764850377469,9.485189,62.82171,0.8792147,0.419014,6.55721,1168
10503-12704,1-80003,0.0282565,0.755,0.755,96.3,8.925603807268057,1,1,0,10.497,10.497,0.0,0.02458,80.059,0.0,10.354,10.468,0.23,0.023534,79.391,0.11400000000000077,10.026884480188448,10.364425,65.947426,0.9067329,0.493725,11.8859,1168
10512-6101,1-77016,0.0270548,0.642,0.642,207.4,6.162355977517361,1,1,0,10.891,10.948,0.121,0.017285,86.749,0.057000000000000384,10.867,10.94,0.153,0.018454,86.749,0.07299999999999862,10.368829646195804,10.70637,187.46397,1.1838975,0.542665,5.42602,1024
8157-12701,1-42158,0.0258266,0.649,0.649,52.6,14.104084897351939,1,1,0,9.403,11.084,0.979,0.019755,18.248,1.6809999999999992,9.71,11.074,0.957,0.019695,18.238,1.363999999999999,10.097215648752153,10.434756,41.8045,0.9286667,0.906509,12.2857,1040
10214-6104,1-153723,0.0236042,0.701,0.701,74.0,6.779722406685394,1,1,0,8.165,9.933,0.983,0.052356,76.668,1.7680000000000007,10.043,10.043,0.0,0.049973,77.177,0.0,9.322262722010782,9.659803,43.68123,0.8887525,0.434171,7.92704,1168
11939-6101,1-456766,0.023982897,0.59,0.59,59.4,7.1279846506252325,1,1,0,9.782,10.22,0.635,0.03219,32.824,0.4380000000000006,10.07,10.145,0.158,0.031924,32.631,0.07499999999999929,9.618765544299654,9.956306,51.533108,0.9135554,0.8834119,5.9577637,1168
12488-3703,1-386892,0.022652347,0.705,0.705,92.4,4.509702778147146,1,1,0,9.86,10.094,0.417,0.012125,58.676,0.23399999999999999,9.801,10.095,0.491,0.012017,58.375,0.2940000000000005,9.877761258235227,10.2153015,82.29065,1.022929,0.6584765,4.110898,1040
10842-12704,1-605818,0.02798166,0.802,0.802,124.5,10.387328474692877,3,1,0,10.798,10.798,0.0,0.021913,59.602,0.0,10.807,10.807,0.001,0.019456,59.524,0.0,10.30054413933514,10.638084,95.73249,0.89216626,0.5728766,9.877955,1040
7963-12703,1-179210,0.0483153,0.851,0.851,110.4,6.26161024012535,3,1,0,10.642,10.642,0.0,0.045153,72.434,0.0,10.624,10.645,0.047,0.046513,72.466,0.02099999999999902,10.182805398702065,10.520346,78.47794,0.9244375,0.451901,6.95177,32
11826-1902,1-401122,0.023292966,0.627,0.627,60.8,3.0283019781765654,1,1,0,9.229,9.522,0.49,0.04555,67.694,0.29300000000000104,9.108,9.503,0.597,0.045311,71.807,0.3949999999999996,9.27433691261617,9.611877,53.362366,1.0792084,0.4598935,3.54091,1168
10507-6101,1-280180,0.0334189,0.369,0.369,177.8,6.931594705504214,1,1,0,10.951,10.952,0.0,0.018857,55.671,0.0009999999999994458,10.907,10.94,0.072,0.019464,86.055,0.032999999999999474,10.642779986367342,10.980321,174.87303,1.0268102,0.744769,6.27381,1040
9046-12702,1-296414,0.032099,0.781,0.781,126.0,10.581247647087519,1,1,0,10.519,11.053,0.708,0.011393,41.121,0.5340000000000007,10.313,11.112,0.841,0.00989,41.108,0.7989999999999995,10.37764859664849,10.715189,104.30329,0.86812335,0.821112,8.44419,1040
9046-1901,1-633776,0.0326322,0.594,0.594,191.5,3.9754909633451216,1,1,0,10.756,10.81,0.115,0.021726,86.789,0.05400000000000027,10.781,10.811,0.063,0.02607,86.789,0.02999999999999936,10.36688782372249,10.704429,182.04106,1.5632222,0.534862,3.51426,1168
9046-3702,1-633824,0.0324335,0.65,0.65,171.8,5.118577686149733,3,1,0,10.757,10.78,0.051,0.025814,64.468,0.022999999999999687,10.751,10.781,0.066,0.025743,64.417,0.030000000000001137,10.42478856355533,10.762329,163.73647,1.1590463,0.692936,4.55871,1040
9046-6101,1-295644,0.103684,0.585,0.585,125.0,8.464974965858776,1,1,2,11.322,11.323,0.001,0.053327,19.953,0.0010000000000012221,11.284,11.296,0.027,0.044967,20.244,0.011999999999998678,11.07599197639684,11.413532,137.84705,1.049132,0.914386,7.09542,4112
9046-6103,1-296277,0.0490673,0.758,0.758,130.1,10.043029048855514,1,1,0,11.012,11.383,0.574,0.02002,31.598,0.37099999999999866,10.984,11.43,0.642,0.019175,31.598,0.44599999999999973,10.632278070773342,10.969819,116.118454,0.90191996,0.899363,7.89795,1040
8079-12701,1-36893,0.0234908,0.601,0.601,94.2,8.877837394027827,1,1,0,10.285,10.343,0.125,0.051529,86.789,0.05799999999999983,10.354,10.354,0.0,0.052712,86.789,0.0,9.763186069093827,10.100727,79.17309,0.90668,0.386091,12.1658,1168
8324-1902,1-284505,0.0288013,0.289,0.289,106.2,3.9153175374341322,1,1,2,10.172,10.193,0.047,0.049006,72.279,0.02099999999999902,10.15,10.186,0.079,0.048641,86.222,0.03599999999999959,9.80023510139004,10.137775,106.669495,1.0172068,0.668011,3.57297,4224
10512-1901,1-76995,0.0273639,0.354,0.354,78.8,3.6084093364239314,1,1,0,9.937,9.937,0.0,0.045959,41.743,0.0,9.932,9.932,0.0,0.045055,42.219,0.0,9.823305304023098,10.160846,78.10608,1.0501349,0.883334,3.44559,1168
10514-3701,1-54979,0.0189364,0.686,0.686,72.7,4.511409599098767,1,1,0,9.457,9.672,0.39,0.047406,81.527,0.21499999999999986,8.958,9.637,0.791,0.04726,81.904,0.6790000000000003,9.147416597222579,9.484957,52.52865,0.90906996,0.357029,5.83562,1168
8321-3702,1-404141,0.0185466,0.591,0.591,49.5,3.5963473555906966,1,1,0,9.245,9.307,0.133,0.05378,75.386,0.062000000000001165,9.218,9.298,0.168,0.054719,86.636,0.08000000000000007,9.054743246789933,9.392283,43.329315,0.87511647,0.491815,5.24938,1168
10213-12704,1-72607,0.079918,0.216,0.216,259.6,5.077690195085307,1,1,0,11.482,11.492,0.021,0.052909,84.023,0.010000000000001563,11.462,11.487,0.055,0.048868,83.764,0.025000000000000355,11.037912317182307,11.375453,262.39194,0.95165753,0.652623,9.2888,1040
8314-12705,1-248848,0.031146,0.801,0.801,145.5,9.263588845726032,3,1,0,10.9,10.909,0.022,0.026515,80.829,0.009000000000000341,10.905,10.91,0.013,0.026588,80.829,0.005000000000000782,10.338019987655315,10.675561,106.880035,0.9293074,0.416549,9.89972,1552
8240-6104,1-122990,0.0244658,0.61,0.61,83.4,6.402552094704819,1,1,0,10.131,10.194,0.136,0.025456,56.784,0.06300000000000061,10.062,10.194,0.262,0.025366,56.158,0.13200000000000145,9.820840932221762,10.158381,69.57916,0.9693022,0.661828,5.87279,1040
10508-12704,1-150938,0.013393,0.686,0.686,63.9,8.104542514055245,1,1,0,8.461,9.676,0.939,0.034055,81.902,1.2149999999999999,9.596,9.732,0.269,0.033054,82.2,0.13599999999999923,8.89135846247437,9.228899,41.194927,0.89360636,0.259429,12.8553,1168
12082-6102,1-36361,0.04921451,0.703,0.703,122.7,8.480819729760842,3,1,0,11.17,11.279,0.221,0.020203,25.8,0.10899999999999999,11.175,11.288,0.23,0.019849,25.79,0.11299999999999955,10.763715640840624,11.101256,107.521286,0.9558131,0.9054983,6.5955215,1040
8097-12701,1-558624,0.0734909,0.873,0.873,159.7,4.650437064348547,1,1,2,10.949,10.991,0.092,0.156994,85.706,0.041999999999999815,10.732,10.929,0.364,0.148499,86.767,0.19700000000000095,10.643748685459526,10.981289,136.61844,0.9420616,0.554404,22.9087,4096
8245-3704,1-462964,0.0312831,0.576,0.576,206.5,3.5443189444719767,1,1,0,10.689,10.71,0.043,0.034756,75.922,0.021000000000000796,10.707,10.715,0.015,0.051585,86.636,0.007999999999999119,10.21254714728286,10.550088,200.27098,1.4691845,0.616565,2.921,1216
10222-6101,1-582721,0.0300342,0.694,0.694,165.0,10.420999407176309,1,1,2,11.054,11.061,0.015,0.020236,49.183,0.006999999999999673,10.9,11.075,0.331,0.027097,49.213,0.17499999999999893,10.70372545559798,11.041266,129.45547,1.0323247,0.757468,8.63384,4160
12078-12703,1-603098,0.023279563,0.699,0.699,130.2,14.855426937178246,1,1,2,10.92,10.92,0.0,0.014985,66.342,0.0,10.811,10.914,0.211,0.014941,65.643,0.10299999999999976,10.437433190010033,10.774974,92.68695,0.87616307,0.6131989,15.919632,4096
11831-9101,1-576580,0.025753928,0.802,0.802,80.8,5.580114482739451,1,1,0,10.01,10.06,0.11,0.031526,66.211,0.05000000000000071,10.075,10.075,0.0,0.030653,67.156,0.0,9.63793470335461,9.975475,50.78686,0.85166687,0.49708658,7.0669255,1168
11823-6104,1-324358,0.053551488,0.162,0.162,252.7,8.647740529471296,1,1,0,11.471,11.475,0.006,0.020349,42.085,0.0039999999999995595,11.456,11.474,0.039,0.019997,73.27,0.018000000000000682,10.839469499670756,11.177011,256.5238,0.9263748,0.87698317,6.814492,1040
12078-12701,1-603032,0.028058961,0.827,0.827,125.6,7.492590636857618,1,1,2,10.582,10.582,0.0,0.038619,85.354,0.0,10.576,10.576,0.0,0.038048,85.061,0.0,9.850661689421182,10.188202,81.41857,0.9143945,0.21144187,11.5286,4224
11014-9101,1-455722,0.022977835,0.766,0.766,120.0,4.220191265201817,1,1,0,10.296,10.319,0.052,0.031039,85.409,0.023000000000001464,10.296,10.319,0.051,0.031037,85.345,0.023000000000001464,9.86579414968959,10.203335,98.19852,1.0641176,0.43913403,4.6725464,1040
11824-1902,1-83455,0.027556676,0.431,0.431,170.8,4.654479240092795,1,1,0,10.675,10.676,0.0,0.037114,46.992,0.0009999999999994458,10.664,10.665,0.0,0.026755,50.59,0.0009999999999994458,10.213992220112523,10.551533,171.69872,1.2982576,0.8229155,3.6869183,1040
12514-6103,1-66643,0.029350435,0.303,0.303,82.8,4.716891693513418,1,1,2,10.767,11.129,0.565,0.037287,2.566,0.3620000000000001,10.766,11.127,0.563,0.037122,2.566,0.36100000000000065,9.973329476515183,10.31087,84.22507,0.9652124,0.8475944,4.1027565,4288
10838-3703,1-301609,0.022045365,0.154,0.154,132.2,7.301877553262986,1,1,0,10.485,10.486,0.0,0.045286,80.043,0.0010000000000012221,10.485,10.486,0.0,0.046122,80.043,0.0010000000000012221,9.789540806000403,10.127082,137.85544,0.9671131,0.96481264,4.1885552,1040
8075-12701,1-638130,0.0362278,0.823,0.823,122.9,9.51614650771736,1,1,0,10.693,10.882,0.352,0.014262,59.568,0.18900000000000006,10.641,10.886,0.431,0.014173,59.562,0.24499999999999922,10.40998888519064,10.747529,80.75113,0.92565536,0.672517,8.96535,1552
8089-3704,1-39056,0.141558,0.272,0.272,314.1,4.59807631915836,1,1,0,11.808,11.834,0.057,0.051329,56.709,0.0259999999999998,11.832,11.833,0.0,0.049448,85.847,0.0009999999999994458,11.299742577677547,11.637283,310.4548,1.10853,0.799867,4.52849,1024
10501-9102,1-605544,0.0536605,0.169,0.169,206.6,8.522855032915258,1,1,0,11.291,11.339,0.103,0.019411,46.725,0.04800000000000004,11.272,11.319,0.103,0.01945,84.023,0.0470000000000006,10.830518098117203,11.168058,209.80504,0.88011,0.875185,6.86204,1040
12518-3704,1-2880,0.018817492,0.654,0.654,59.8,4.742019604824091,1,1,0,9.616,9.657,0.091,0.042026,59.674,0.04100000000000037,9.588,9.663,0.159,0.042026,59.805,0.07500000000000107,9.107074231412069,9.444614,49.276928,0.9631859,0.5889475,4.8546605,1168
11979-12702,1-273092,0.033734854,0.421,0.421,187.9,11.982386813894605,1,1,0,11.191,11.319,0.255,0.017791,49.414,0.1280000000000001,11.197,11.317,0.241,0.017783,49.439,0.120000000000001,10.687409339863322,11.02495,177.88377,0.90645444,0.8010086,9.316246,1040
11011-1901,1-197406,0.026975604,0.582,0.582,201.9,2.7408490519493416,1,1,0,10.535,10.566,0.064,0.041262,50.169,0.031000000000000583,10.503,10.574,0.147,0.046521,51.392,0.07099999999999973,9.982397476761903,10.319938,198.31541,1.728832,0.772578,2.3173237,1168
11022-12702,1-82900,0.022782382,0.346,0.346,64.7,4.3668737672454725,1,1,0,9.208,9.596,0.591,0.053449,78.829,0.3879999999999999,9.21,9.584,0.577,0.053791,86.636,0.3739999999999988,8.655823829155343,8.993364,58.77904,0.88750005,0.3234959,6.00411,1168
11743-12701,1-458686,0.029437074,0.853,0.853,99.1,3.986323756742912,1,1,2,10.006,10.006,0.0,0.042826,86.841,0.0,9.525,9.936,0.612,0.045133,86.756,0.4109999999999996,9.630820718546904,9.968361,60.25001,0.94094384,0.28575796,6.088042,4672
7980-12703,1-115405,0.0264081,0.659,0.659,61.9,2.506197725981933,1,1,0,9.349,9.467,0.238,0.069985,74.911,0.11800000000000033,9.167,9.456,0.485,0.075577,74.912,0.2889999999999997,9.341978288726455,9.679519,50.02224,0.9082182,0.442384,2.89761,64
8093-3702,1-563951,0.0378424,0.206,0.206,125.9,6.959990769425863,2,1,2,10.733,10.733,0.0,0.033184,35.251,0.0,10.707,10.708,0.0,0.034858,41.398,0.0009999999999994458,10.513772768997061,10.851314,134.96266,0.9775918,0.94411,4.53811,4112
10517-9102,1-78858,0.0230007,0.66,0.66,84.4,7.444367359097596,1,1,0,10.163,10.244,0.171,0.029364,49.824,0.08099999999999952,10.145,10.251,0.217,0.028351,49.884,0.10599999999999987,9.877922216272186,10.215463,75.75513,0.9139172,0.715064,6.96047,1040
8321-6101,1-404179,0.0199005,0.718,0.718,69.8,6.460023652381415,1,1,0,10.027,10.097,0.149,0.047246,49.06,0.07000000000000028,10.062,10.094,0.072,0.045423,49.061,0.03200000000000003,9.452825656384219,9.790366,59.780704,0.9304982,0.764544,6.10165,1168
9086-12701,1-318397,0.0319227,0.824,0.824,136.1,11.264315741041887,3,1,0,10.886,10.886,0.0,0.022187,75.021,0.0,10.882,10.883,0.002,0.021202,74.929,0.0009999999999994458,10.570279014130444,10.90782,90.53832,0.9289696,0.308176,13.9261,1040
9086-3702,1-317878,0.0323173,0.567,0.567,47.1,4.633737058128079,1,1,2,9.626,9.93,0.503,0.105967,36.621,0.30400000000000027,9.598,9.926,0.53,0.105984,36.715,0.3279999999999994,9.465656430277392,9.803197,39.624203,0.89341116,0.790961,5.01572,4096
9086-9101,1-265548,0.0415687,0.41,0.41,198.4,10.114504588911636,1,1,0,11.402,11.402,0.0,0.028197,26.368,0.0,11.418,11.419,0.0,0.024351,26.017,0.0010000000000012221,10.803701508230729,11.141242,197.18884,0.9043264,0.917944,7.39315,1040
9087-12704,1-633593,0.0297888,0.797,0.797,104.6,9.006215278497233,1,1,0,9.826,10.667,0.856,0.019478,62.716,0.8409999999999993,9.052,10.675,0.976,0.015883,62.716,1.623000000000001,10.073809963990994,10.41135,71.95531,0.9172675,0.633124,8.71547,1168
9087-12705,1-446131,0.031368,0.849,0.849,107.9,12.039366926500712,1,1,0,9.756,10.791,0.908,0.009432,65.854,1.0350000000000001,9.276,10.782,0.969,0.00888,65.854,1.5060000000000002,10.391735871238279,10.729277,62.371788,0.94026506,0.594852,11.6465,1040
9087-1901,1-376195,0.0315204,0.674,0.674,216.0,3.956552020244242,1,1,0,10.841,10.859,0.036,0.038958,50.241,0.018000000000000682,10.826,10.86,0.072,0.038104,52.037,0.03399999999999892,10.24530534142278,10.582846,211.24486,1.2858964,0.756482,3.15553,1216
9087-1902,1-376323,0.032331,0.643,0.643,79.1,2.6675497522037586,1,1,2,9.807,9.869,0.133,0.061579,62.114,0.06199999999999939,9.672,9.856,0.344,0.060336,61.145,0.18399999999999928,9.474101117054179,9.811642,72.079254,1.024357,0.653941,2.73352,4096
9087-3703,1-376341,0.0530958,0.161,0.161,196.8,6.9799663686907625,1,1,0,11.142,11.206,0.135,0.027771,48.783,0.06400000000000006,11.131,11.189,0.123,0.028074,82.799,0.05799999999999983,10.802011845183937,11.139552,200.32259,0.97764724,0.877304,5.01709,1040
9087-3704,1-633628,0.0309415,0.706,0.706,161.0,4.2530061969262585,1,1,2,10.523,10.603,0.167,0.024839,74.631,0.08000000000000007,10.467,10.596,0.256,0.022995,74.647,0.12899999999999956,10.167098655268717,10.50464,145.68501,1.2122228,0.516198,4.05387,4288
9087-6103,1-376166,0.056294,0.104,0.104,225.1,9.420414681590994,1,1,0,11.474,11.491,0.038,0.036394,80.043,0.01699999999999946,11.493,11.494,0.0,0.03973,79.733,0.0009999999999994458,10.796355049334952,11.133896,232.29079,0.9736837,0.878602,5.79574,1040
9087-6104,1-376179,0.0323013,0.119,0.119,94.1,5.851583512005584,1,1,0,10.281,10.405,0.248,0.035058,22.948,0.12399999999999878,10.277,10.4,0.246,0.035006,23.28,0.12300000000000111,10.324658955039112,10.6622,93.743965,1.0032101,0.866742,5.45834,1168
9087-9101,1-376071,0.0508901,0.784,0.784,144.7,9.169605301865355,1,1,0,10.938,11.283,0.548,0.014988,49.06,0.34499999999999886,10.83,11.301,0.662,0.015027,49.108,0.4710000000000001,10.667545405744695,11.005086,106.55735,0.9222901,0.808484,6.97618,1040
9087-9102,1-317951,0.0323611,0.877,0.877,92.3,4.874900364205888,3,1,2,9.969,10.092,0.248,0.040876,77.866,0.12300000000000111,9.96,10.089,0.258,0.042854,77.868,0.12899999999999956,9.806199652506761,10.143741,53.63338,0.9590684,0.307995,6.97069,4160
10514-1902,1-55065,0.0602988,0.064,0.064,209.5,9.316232270122358,1,1,0,11.212,11.32,0.219,0.02155,39.215,0.10800000000000054,11.308,11.395,0.18,0.020179,5.662,0.08699999999999974,10.90885213739683,11.246393,218.7707,1.3963524,0.38999,3.164,1040
12518-6103,1-2604,0.0225078,0.79,0.79,75.1,5.951163752624491,1,1,0,9.737,10.084,0.55,0.03667,60.08,0.34699999999999953,9.781,10.084,0.503,0.036607,60.287,0.30299999999999905,9.390985807141924,9.728526,49.134365,0.90803087,0.5918299,6.101475,1168
10511-12705,1-585278,0.0271388,0.818,0.818,124.2,11.984256456214826,3,1,0,10.851,10.862,0.024,0.018574,63.589,0.010999999999999233,10.735,10.857,0.244,0.01787,63.558,0.12199999999999989,10.24769591637086,10.585237,79.73569,0.8782452,0.574145,11.5376,1024
9089-12702,1-318105,0.0337829,0.809,0.809,107.7,9.41585133030468,1,1,0,10.612,10.683,0.151,0.018907,63.013,0.07099999999999973,10.335,10.669,0.536,0.018264,62.793,0.33399999999999963,10.323002386435634,10.660543,70.104355,0.8911996,0.566707,9.46371,1040
9089-12704,1-318089,0.0317812,0.881,0.881,160.4,9.121982078152843,1,1,0,10.679,10.849,0.324,0.016504,74.825,0.16999999999999993,10.863,10.892,0.064,0.013418,75.95,0.028999999999999915,10.471523468562069,10.809064,107.41639,0.9229324,0.432892,9.90101,1552
9089-1902,1-317862,0.106423,0.092,0.092,235.3,6.848147671953835,1,1,2,11.529,11.584,0.116,0.063865,38.944,0.054999999999999716,11.51,11.557,0.101,0.063862,54.269,0.0470000000000006,11.113843118937487,11.451384,241.87846,0.96974146,0.768452,10.0945,4096
9089-3701,1-376321,0.0306011,0.751,0.751,136.2,4.059829699756933,1,1,0,10.302,10.45,0.288,0.014567,66.677,0.1479999999999997,10.256,10.452,0.363,0.016862,68.198,0.19599999999999973,10.194655846102375,10.532196,114.45322,1.1881279,0.558225,4.08059,1216
9089-3703,1-318069,0.0264813,0.384,0.384,76.6,4.462728279064692,1,1,0,9.935,10.059,0.247,0.03323,49.55,0.12399999999999878,10.058,10.058,0.0,0.032104,57.289,0.0,9.729031888212342,10.066572,70.36504,1.0399966,0.764158,3.95337,1168
9089-3704,1-376348,0.0300115,0.843,0.843,85.1,3.3779372224527027,1,1,2,9.844,9.914,0.149,0.063152,75.048,0.07000000000000028,9.785,9.902,0.237,0.063023,74.918,0.1169999999999991,9.602343276065806,9.939884,60.811954,0.9754066,0.443615,4.66663,4672
9089-6101,1-376025,0.0296921,0.844,0.844,113.3,6.832425873301227,3,1,2,10.522,10.522,0.0,0.032559,62.716,0.0,10.524,10.524,0.0,0.032545,62.716,0.0,10.045311240939338,10.382852,74.76187,0.9928329,0.557086,6.80354,4288
9089-6104,1-317809,0.0485758,0.823,0.823,188.5,7.511168946287381,1,1,0,11.04,11.12,0.166,0.022887,56.225,0.08000000000000007,11.027,11.128,0.206,0.022758,56.324,0.10100000000000087,10.78069742350281,11.118238,157.3243,0.92418545,0.643452,7.2149,1040
9090-12703,1-269177,0.0301551,0.78,0.78,108.9,8.283421136170626,1,1,2,10.187,10.515,0.53,0.038495,82.002,0.3280000000000012,10.187,10.503,0.517,0.041382,86.789,0.3160000000000007,10.062371366143578,10.399912,84.12926,0.8892237,0.324982,11.564,4288
9090-12704,1-296849,0.025046,0.796,0.796,88.3,12.212197187184376,3,1,0,10.442,10.76,0.519,0.018989,41.61,0.3179999999999996,10.402,10.771,0.573,0.018984,41.572,0.36900000000000155,9.999124448937279,10.336665,57.871662,0.8769475,0.799256,10.2526,1040
9090-12705,1-633755,0.0528193,0.826,0.826,199.1,10.168096055538678,3,1,0,11.384,11.384,0.0,0.037237,65.854,0.0,11.388,11.388,0.0,0.036837,65.854,0.0,10.804779153282382,11.14232,186.04294,0.93700755,0.628591,9.5254,1040
9090-1902,1-296716,0.0249458,0.814,0.814,82.5,3.0336411076250065,1,1,2,9.747,9.808,0.13,0.049267,86.132,0.06099999999999994,9.831,9.831,0.0,0.048692,85.093,0.0,9.463451007573578,9.800992,63.94737,1.011532,0.426119,3.55669,4240
9090-3701,1-296733,0.0460252,0.715,0.715,117.1,3.194096520632064,1,1,0,10.451,10.481,0.067,0.038484,43.606,0.02999999999999936,10.469,10.469,0.0,0.03662,43.54,0.0,10.246833282002038,10.584373,113.94644,1.5812169,0.915669,2.50117,0
9090-3703,1-269135,0.0323729,0.669,0.669,94.2,6.069775721905047,1,1,2,10.501,10.653,0.295,0.027682,31.876,0.15200000000000102,10.48,10.677,0.364,0.026757,31.839,0.19699999999999918,10.135333048741819,10.472874,84.54588,0.9349118,0.898822,4.92349,4288
9090-6104,1-269084,0.0321605,0.56,0.56,142.8,6.631264698467424,1,1,0,10.696,10.761,0.14,0.036304,45.297,0.0649999999999995,10.698,10.773,0.158,0.035983,45.317,0.07499999999999929,10.381596961406283,10.719137,141.55725,0.99089706,0.847081,5.40515,1168
9090-9102,1-296801,0.0531379,0.062,0.062,199.8,10.273708247665546,1,1,0,11.381,11.395,0.03,0.030201,54.451,0.013999999999999346,11.381,11.395,0.03,0.030192,54.451,0.013999999999999346,10.958432954040184,11.295974,204.13065,0.88626164,0.865061,8.18958,1040
9091-12703,1-264729,0.03303,0.823,0.823,87.1,5.120828974327465,1,1,2,9.983,10.131,0.289,0.041667,83.863,0.1479999999999997,10.122,10.162,0.089,0.046201,86.843,0.040000000000000924,9.84048499540419,10.178025,62.55227,0.90397584,0.279325,7.63165,4672
9091-12704,1-633683,0.0655344,0.855,0.855,186.7,6.334742852742733,1,1,2,11.09,11.12,0.067,0.029118,83.447,0.02999999999999936,10.835,11.061,0.405,0.028024,83.447,0.2259999999999991,10.760196983830859,11.097737,129.42197,0.9416794,0.396463,7.86539,4672
9091-1902,1-265713,0.0307347,0.567,0.567,216.2,4.335655738964515,1,1,0,10.802,10.857,0.115,0.019578,68.748,0.054999999999999716,10.775,10.848,0.152,0.019695,74.361,0.0730000000000004,10.278108537687919,10.615649,205.69873,1.5446221,0.720711,3.54515,1552
9091-3702,1-317791,0.0878464,0.102,0.102,219.4,3.1824634052806426,1,1,0,11.158,11.212,0.115,0.043483,77.127,0.05400000000000027,11.199,11.225,0.057,0.044178,76.798,0.0259999999999998,10.580581736034087,10.918122,221.90302,1.0496376,0.802568,2.66743,0
9091-6102,1-633545,0.0487173,0.063,0.063,213.5,9.141779043290306,1,1,0,11.373,11.525,0.294,0.022419,21.58,0.15200000000000102,11.406,11.49,0.176,0.021445,22.134,0.08399999999999963,10.885785693719017,11.223327,219.25293,0.9366176,0.93575,5.85054,1040
9091-6104,1-265783,0.0318757,0.869,0.869,124.4,7.537924318593518,3,1,0,10.646,10.646,0.0,0.028723,65.854,0.0,10.648,10.65,0.005,0.028431,65.854,0.002000000000000668,10.25898190012332,10.596522,75.885635,0.92458516,0.441537,8.29147,1168
9091-9101,1-265247,0.0240567,0.708,0.708,81.8,5.881725472402078,1,1,0,9.949,9.949,0.0,0.030398,81.199,0.0,9.936,9.944,0.018,0.030085,80.69,0.008000000000000895,9.561895273320019,9.899436,60.068058,0.91258514,0.295515,8.24851,1168
9092-12705,1-633549,0.03315,0.664,0.664,221.7,12.195450166107074,1,1,2,11.486,11.512,0.057,0.018479,65.561,0.0259999999999998,11.467,11.499,0.069,0.017601,65.517,0.03200000000000003,10.87761492021286,11.215156,193.43439,0.9259459,0.680273,11.09,4096
9092-3702,1-375992,0.04104,0.831,0.831,96.3,4.131376998867371,3,1,0,10.098,10.255,0.304,0.038505,71.952,0.15700000000000003,10.033,10.258,0.404,0.038529,71.954,0.22499999999999964,9.842364568063102,10.179905,64.97818,0.926934,0.463248,4.70654,0
9092-3703,1-317471,0.0446581,0.111,0.111,221.1,7.36075406087203,1,1,0,11.157,11.257,0.204,0.010944,39.215,0.09999999999999964,11.21,11.291,0.169,0.010965,5.089,0.08099999999999952,10.729430470705495,11.066971,227.20958,1.0221633,0.87811,4.92037,1040
9092-3704,1-317540,0.0317239,0.476,0.476,177.7,7.048831823431217,1,1,0,11.014,11.043,0.065,0.019975,35.491,0.028999999999999915,10.985,11.035,0.108,0.019511,36.418,0.05000000000000071,10.439850380035331,10.777391,173.50877,1.0542855,0.89726,4.55267,1040
9092-6104,1-559150,0.086101,0.075,0.075,274.1,5.523663535267028,1,1,0,11.574,11.576,0.0,0.040315,86.355,0.002000000000000668,11.574,11.576,0.0,0.050533,86.355,0.002000000000000668,11.03302144468291,11.370562,281.5577,0.9645829,0.770827,5.56306,1040
9092-9101,34-30,0.0196654,0.812,0.812,70.7,4.996219934300424,3,1,0,9.714,9.714,0.0,0.040058,79.662,0.0,9.709,9.709,0.0,0.040008,79.27,0.0,,-9999.0,45.129974,0.95606995,-9999.0,-9999.0,0
9092-9102,1-317938,0.0326306,0.885,0.885,112.6,6.826276680851429,3,1,2,10.495,10.512,0.038,0.033549,71.936,0.017000000000001236,10.527,10.528,0.001,0.030801,71.936,0.0010000000000012221,10.105816637433685,10.443357,65.61819,0.91603005,0.442944,7.71968,4672
9093-12703,1-296766,0.0501824,0.063,0.063,223.1,9.06606395424832,1,1,0,11.39,11.447,0.121,0.00498,84.745,0.05699999999999861,11.403,11.446,0.092,0.00546,84.745,0.04299999999999926,10.917417276318202,11.254958,225.78392,0.8909055,0.64574,10.3599,1040
9093-3704,1-296702,0.0319094,0.543,0.543,136.2,5.934319907871537,1,1,0,10.65,10.775,0.249,0.026211,32.337,0.125,10.65,10.775,0.25,0.026176,32.337,0.125,10.372910162735351,10.710451,132.56342,1.0169928,0.917596,4.5571,1040
9093-6102,1-296732,0.0342831,0.863,0.863,136.6,5.408850666987775,3,1,2,10.526,10.592,0.142,0.029182,74.911,0.06600000000000072,10.475,10.587,0.227,0.02831,74.911,0.1120000000000001,10.237727168712519,10.575268,89.67804,1.0011243,0.385677,6.59937,4288
9093-9102,1-297192,0.0233876,0.656,0.656,63.3,6.125064848710371,1,1,0,9.534,9.829,0.493,0.037516,74.911,0.29499999999999993,9.31,9.8,0.677,0.036638,75.107,0.4900000000000002,9.122831648038247,9.460372,51.395386,0.9039885,0.446464,6.92373,1168
9094-1901,1-264755,0.0311294,0.508,0.508,213.1,3.127288274906945,1,1,2,10.685,10.729,0.092,0.028524,76.199,0.04399999999999871,10.676,10.727,0.106,0.025886,77.519,0.051000000000000156,10.217462887001272,10.555003,215.58093,1.3345219,0.682746,2.7875,4224
9094-3702,1-559157,0.0797037,0.053,0.053,225.7,5.7064605174122365,1,1,0,11.31,11.39,0.166,0.018032,80.043,0.08000000000000007,11.312,11.391,0.166,0.018552,80.043,0.07900000000000063,11.039295118084311,11.376836,228.94753,0.9113379,0.68078,6.71414,1040
9094-3703,1-265378,0.0312392,0.222,0.222,235.5,9.052559905702687,1,1,0,11.153,11.243,0.184,0.016195,80.043,0.08999999999999986,11.156,11.244,0.182,0.017741,80.043,0.08799999999999919,10.656043552248992,10.993585,237.32144,0.9727107,0.920007,5.79772,1040
9094-6101,1-264784,0.0315587,0.751,0.751,134.6,5.368489676866745,1,1,2,10.518,10.545,0.06,0.035823,82.926,0.026999999999999247,10.467,10.534,0.143,0.035728,80.76,0.06700000000000017,10.1713431695729,10.508883,105.59489,0.9695108,0.554115,6.6707,4288
9094-6103,1-264815,0.0916427,0.088,0.088,269.8,6.382431503732995,1,1,0,11.585,11.664,0.165,0.031872,82.799,0.07899999999999885,11.675,11.676,0.0,0.035539,82.799,0.0009999999999994458,11.070433171832798,11.407974,274.86935,0.9351004,0.857697,5.57415,1040
9094-9101,1-317695,0.0873412,0.34,0.34,279.6,11.245638651164816,1,1,0,11.833,11.876,0.091,0.033244,85.847,0.04299999999999926,11.842,11.874,0.069,0.077755,85.847,0.03200000000000003,11.359672354215904,11.697213,279.39594,0.85928404,0.758765,7.94047,0
10221-3703,1-229966,0.0276947,0.122,0.122,138.8,7.424169632476651,1,1,0,10.661,10.675,0.03,0.029383,79.967,0.014000000000001123,10.661,10.675,0.03,0.030122,79.967,0.014000000000001123,10.253190145541645,10.590731,142.8773,0.9939116,0.980724,4.72783,1040
10213-9101,1-44999,0.0229631,0.793,0.793,117.6,7.7839397237570624,3,1,0,10.522,10.522,0.0,0.026013,63.518,0.0,10.526,10.526,0.0,0.025392,63.367,0.0,9.918296182095766,10.2558365,89.47971,0.87272435,0.586937,7.25799,1040
8152-6102,1-585622,0.026942,0.692,0.692,162.2,7.78732508950446,3,1,0,10.803,10.832,0.062,0.02377,65.875,0.028999999999999915,10.72,10.841,0.242,0.029148,67.118,0.12099999999999866,10.342398991386203,10.679939,132.93353,1.0100191,0.588697,6.25406,1024
8245-12701,1-464063,0.0256122,0.856,0.856,103.4,7.893094672816205,3,1,0,10.324,10.406,0.172,0.025091,82.038,0.08200000000000074,10.352,10.412,0.13,0.025025,82.078,0.0600000000000005,10.02523211088286,10.362773,64.16214,0.92475075,0.284897,11.1484,1552
8096-9102,1-42311,0.0735692,0.119,0.119,210.8,9.513293552815377,1,1,0,11.45,11.598,0.287,0.04869,27.392,0.14800000000000146,11.446,11.592,0.285,0.048724,27.508,0.1460000000000008,11.141979383685436,11.47952,220.13821,0.98331106,0.740814,15.8382,1040
8152-6104,1-301213,0.0272526,0.652,0.652,194.7,8.217724292924974,1,1,2,11.042,11.057,0.032,0.021971,50.561,0.015000000000000568,10.997,11.055,0.124,0.020904,49.855,0.05799999999999983,10.530403346090637,10.867944,173.20302,0.99839616,0.742299,6.59624,4096
10226-12705,1-603667,0.0209505,0.562,0.562,52.6,10.752158850122525,1,1,2,10.109,10.72,0.755,0.021982,18.262,0.6110000000000007,10.147,10.701,0.72,0.021937,18.264,0.5540000000000003,9.858056922414978,10.195598,42.427807,0.8774352,0.912,9.65458,4112
8314-1902,1-564487,0.0325607,0.275,0.275,117.4,3.516237317436591,1,1,2,10.282,10.282,0.0,0.036761,18.209,0.0,10.306,10.308,0.003,0.03041,18.448,0.002000000000000668,10.223900713059571,10.561441,125.465385,1.9269062,0.957746,2.48792,4288
10500-6101,1-300275,0.0306381,0.748,0.748,109.2,4.912554745548123,1,1,2,10.058,10.264,0.378,0.032486,72.716,0.20599999999999952,10.0,10.265,0.456,0.034782,78.534,0.26500000000000057,9.967866092707323,10.305407,80.57165,0.986297,0.392724,6.22979,4672
8157-12705,1-42131,0.0603115,0.842,0.842,141.7,11.009073027487899,3,1,2,11.495,11.536,0.09,0.077096,31.602,0.04100000000000037,11.475,11.538,0.134,0.075676,31.622,0.06300000000000061,10.795898778460456,11.133439,131.4794,1.0196285,0.745389,9.7361,4112
10218-1902,1-382697,0.0364051,0.557,0.557,151.9,3.476658142477623,3,1,2,10.575,10.578,0.005,0.041762,67.362,0.0030000000000001137,10.557,10.576,0.04,0.04135,69.505,0.019000000000000128,10.243181962438763,10.580723,145.90622,1.4975915,0.614132,3.07868,4224
7963-6101,1-179227,0.0478914,0.08,0.08,222.8,10.91050628625694,1,1,0,11.357,11.475,0.237,0.018481,84.023,0.11800000000000033,11.358,11.476,0.237,0.020573,84.023,0.11800000000000033,10.987615326166498,11.325156,226.0775,1.0463096,0.904667,7.68944,1040
10225-12704,1-36452,0.0414621,0.565,0.565,151.8,11.21259757785346,1,1,0,11.009,11.582,0.733,0.020031,18.309,0.5730000000000004,11.022,11.602,0.737,0.018892,18.318,0.5800000000000001,10.656242942718022,10.993784,160.91733,0.9137703,0.915167,7.50181,1040
11833-9101,1-175911,0.047378916,0.129,0.129,213.5,9.497547729461862,1,1,0,11.356,11.356,0.0,0.033368,27.781,0.0,11.429,11.43,0.0,0.031322,20.897,0.0009999999999994458,10.8077081972145,11.145248,215.22191,0.86405885,0.901917,7.951371,1040
11872-9102,1-150842,0.058925904,0.688,0.688,200.3,11.145014277902593,3,1,0,11.561,11.608,0.101,0.027885,41.673,0.0470000000000006,11.553,11.626,0.155,0.027508,41.605,0.07299999999999862,10.93768736418357,11.275228,184.00963,0.9055076,0.8420032,8.087018,1040
8157-12702,1-41758,0.0247761,0.635,0.635,74.9,13.359127588707612,1,1,0,10.088,10.642,0.721,0.018856,41.103,0.5540000000000003,9.869,10.617,0.821,0.018907,42.107,0.7480000000000011,9.973896428772315,10.311437,61.03728,0.87132484,0.81075,11.8078,1040
12512-1901,1-286,0.026808288,0.64,0.64,205.6,3.337618244836986,3,1,0,10.666,10.691,0.052,0.031566,85.366,0.025000000000000355,10.658,10.688,0.062,0.035116,86.749,0.030000000000001137,10.261884595020025,10.599425,193.38031,1.91489,0.5598315,3.187471,1040
11953-6101,1-258849,0.03189299,0.753,0.753,138.1,6.142355543726148,1,1,0,10.591,10.659,0.143,0.024505,71.936,0.06800000000000139,10.578,10.656,0.164,0.0254,72.942,0.07800000000000118,10.239052900087822,10.576593,121.183,1.0875677,0.5263254,5.9483647,1216
10502-6104,1-230987,0.0269358,0.769,0.769,89.7,4.411296812372235,1,1,2,9.809,10.007,0.367,0.109066,75.893,0.1980000000000004,9.404,9.956,0.719,0.105297,75.482,0.5519999999999996,9.380352364487015,9.717893,71.02885,0.89369166,0.468529,5.35263,4672
10841-6104,1-77778,0.022931661,0.625,0.625,49.2,4.30369885238378,1,1,0,7.559,9.42,0.986,0.057392,74.911,1.8609999999999998,8.115,9.488,0.958,0.053944,74.911,1.3729999999999993,8.979208135164782,9.316749,32.200123,0.8822576,0.42866033,6.1168756,1168
7978-6104,1-115377,0.0260955,0.344,0.344,152.7,8.485286583328069,1,1,0,10.845,10.845,0.0,0.023529,34.329,0.0,10.866,10.866,0.0,0.022401,32.662,0.0,10.431603364267271,10.769144,152.01617,0.94179755,0.911412,6.31512,1088
11953-1902,1-283550,0.07268994,0.117,0.117,266.8,4.982749809833261,2,1,2,11.367,11.415,0.101,0.028269,84.745,0.047999999999998266,11.373,11.418,0.094,0.041831,84.745,0.04499999999999993,10.880444142011747,11.217985,273.74295,1.1622285,0.8658725,3.6511343,4096
8248-12704,1-481936,0.05616,0.808,0.808,117.6,11.098741553052841,1,1,2,10.802,11.527,0.812,0.014201,31.703,0.7249999999999996,10.804,11.52,0.808,0.014097,31.735,0.7159999999999993,10.658300511892097,10.995841,72.45811,0.87148285,0.860545,9.50764,4240
12487-3701,1-386903,0.025975717,0.677,0.677,164.3,4.90981076209427,1,1,0,10.6,10.637,0.081,0.022067,86.82,0.03700000000000081,10.597,10.638,0.089,0.022073,86.82,0.04100000000000037,10.365396773472165,10.702937,155.3833,1.3464798,0.47340888,4.732773,1024
10843-3701,1-411,0.020946944,0.712,0.712,106.3,4.1819600748157475,1,1,0,10.059,10.096,0.082,0.049204,79.812,0.03700000000000081,10.05,10.094,0.097,0.049191,79.594,0.04399999999999871,9.524311020611433,9.861852,90.805244,0.97719014,0.49189,4.9636874,1552
11752-6102,1-54784,0.051012307,0.108,0.108,208.7,8.969177447584373,1,1,0,11.485,11.831,0.55,0.020457,2.633,0.3460000000000001,11.375,11.625,0.437,0.020535,2.779,0.25,10.795251719182668,11.132792,212.48972,0.94909436,0.83984256,6.3924074,1040
7961-6103,1-595166,0.0449879,0.217,0.217,335.6,9.872053608043153,1,1,0,11.695,11.736,0.085,0.02159,86.055,0.04100000000000037,11.697,11.735,0.078,0.040046,86.055,0.038000000000000256,10.951291366482657,11.288832,341.33386,0.9980453,0.748317,6.01832,1040
10496-9101,1-72421,0.099839,0.094,0.094,232.0,7.896599384052771,1,1,2,11.526,11.616,0.188,0.045177,85.847,0.08999999999999986,11.59,11.62,0.065,0.060649,85.847,0.02999999999999936,11.073681699476284,11.411222,236.39102,0.91916823,0.699383,7.09984,4096
11006-3703,1-456919,0.023147091,0.738,0.738,64.4,4.737009275256611,1,1,0,9.63,9.782,0.296,0.035566,85.7,0.15199999999999925,9.82,9.82,0.0,0.033823,85.009,0.0,9.552627826063777,9.890168,51.4919,0.93318385,0.45794177,5.2107077,1168
8310-6101,1-495366,0.0692329,0.084,0.084,234.1,9.09486870340033,1,1,0,11.647,11.795,0.288,0.032397,2.89,0.1479999999999997,11.655,11.811,0.302,0.032401,2.851,0.15600000000000058,10.921062411651661,11.258603,240.13847,0.9841631,0.802331,5.53076,1040
10220-12701,1-153155,0.0181995,0.784,0.784,100.2,7.94738217689679,1,1,0,10.168,10.168,0.0,0.033085,83.759,0.0,9.905,10.128,0.401,0.030123,83.557,0.22300000000000075,9.560065717562521,9.897606,72.409134,0.9043243,0.295675,11.4111,1088
10214-12701,1-604985,0.0290735,0.819,0.819,100.0,9.158375949812006,3,1,0,10.495,10.537,0.091,0.033122,79.648,0.04200000000000159,10.543,10.545,0.005,0.032901,79.614,0.002000000000000668,9.802935786062376,10.140476,66.93227,0.8959751,0.30228,12.9299,1152
12079-9101,1-547851,0.04592,0.914,0.914,141.2,8.36791485037589,3,1,0,11.022,11.022,0.0,0.03612,59.819,0.0,11.02,11.02,0.0,0.035449,59.698,0.0,10.41127091837265,10.748812,88.79969,0.85127413,0.5660438,8.199634,0
11827-12704,1-320748,0.071310304,0.896,0.896,155.2,11.704932892228372,3,1,0,11.598,11.631,0.074,0.027674,41.103,0.032999999999999474,11.624,11.636,0.028,0.022586,41.106,0.011999999999998678,10.865665113852511,11.203206,88.847595,0.8858899,0.7699343,10.034922,1040
11826-6102,1-404070,0.033722006,0.784,0.784,143.6,5.120728282080363,1,1,2,10.54,10.619,0.167,0.02047,72.209,0.07900000000000063,10.49,10.612,0.246,0.020915,72.416,0.12199999999999989,10.285084120379182,10.622624,119.2928,1.076541,0.49846733,5.414764,4224
9186-12703,1-178138,0.0295048,0.833,0.833,66.8,5.529853052854032,1,1,2,8.029,9.783,0.982,0.048956,80.562,1.7539999999999996,9.906,9.909,0.006,0.050186,86.818,0.0030000000000001137,9.65458945490884,9.99213,38.07932,0.8862695,0.271437,9.18097,4608
9186-12705,1-177965,0.0280884,0.857,0.857,97.7,10.055559484261753,1,1,0,10.437,10.554,0.237,0.022446,62.716,0.11700000000000088,10.431,10.558,0.254,0.02252,62.952,0.12700000000000067,9.993570686653424,10.331111,55.185696,0.90168685,0.532008,10.3932,1168
9186-6101,1-178095,0.0306981,0.759,0.759,148.0,10.008359264363811,1,1,0,10.695,10.891,0.363,0.019049,56.158,0.19599999999999973,10.818,10.884,0.141,0.018694,56.158,0.06600000000000072,10.631955893843209,10.969497,121.73162,0.9936468,0.74135,8.67791,1040
9186-6103,1-634665,0.054692,0.67,0.67,155.9,10.199610112171776,1,1,0,11.389,11.389,0.0,0.023415,31.698,0.0,11.357,11.434,0.162,0.021732,31.651,0.07699999999999996,10.837522784107287,11.175063,137.08813,0.8871771,0.906777,6.90662,1040
9187-12703,1-96632,0.0202151,0.69,0.69,80.5,10.195142333360012,1,1,0,10.1,10.166,0.14,0.027782,80.829,0.06600000000000072,9.971,10.148,0.334,0.028047,80.829,0.1769999999999996,9.644290845128294,9.981832,60.447807,0.9231541,0.336009,12.8185,1040
9187-1901,1-96245,0.0284188,0.61,0.61,204.2,3.5145535947857636,1,1,0,10.698,10.732,0.073,0.033056,86.749,0.03399999999999892,10.745,10.747,0.0,0.034801,86.749,0.002000000000000668,10.255340056768832,10.59288,193.61293,1.8620311,0.561942,3.35464,1040
9187-1902,1-96474,0.0199015,0.164,0.164,71.9,2.512374861210702,1,1,0,9.452,9.536,0.175,0.042889,39.215,0.08399999999999963,9.605,9.606,0.0,0.040596,4.062,0.0009999999999994458,9.211315475960353,9.548856,71.65428,1.1600488,0.836397,2.1551,1168
9187-3703,1-96585,0.0270241,0.493,0.493,148.1,4.851882430011564,1,1,0,10.48,10.672,0.357,0.019447,41.227,0.19200000000000017,10.483,10.688,0.375,0.018421,41.31,0.20500000000000007,10.234954900633,10.572495,147.20241,1.2497008,0.965317,3.77307,1040
9187-6101,1-96483,0.041727,0.246,0.246,212.5,6.829146556309138,1,1,0,11.163,11.164,0.0,0.032011,49.114,0.0009999999999994458,11.126,11.128,0.0,0.031558,67.86,0.002000000000000668,10.714354072848396,11.051895,217.06645,1.020235,0.792008,5.61078,1040
9187-6103,1-96589,0.0456671,0.85,0.85,145.7,3.7150479093526885,3,1,0,10.593,10.593,0.0,0.041526,66.049,0.0,10.592,10.594,0.003,0.040914,66.039,0.0019999999999988916,10.243826507647459,10.5813675,111.78416,1.1322373,0.549509,3.80126,0
9187-9101,1-96448,0.0273256,0.751,0.751,101.6,17.50924931578589,1,1,2,10.265,11.136,0.865,0.009014,41.304,0.8709999999999987,10.397,11.151,0.824,0.008911,41.296,0.7539999999999996,10.401054001008761,10.738595,63.60877,0.86453867,0.765303,15.7993,4160
9188-12703,1-51128,0.0296572,0.848,0.848,109.2,13.701537947974348,3,1,0,10.6,11.049,0.644,0.013929,45.522,0.44899999999999984,10.481,11.068,0.741,0.01371,45.464,0.5869999999999997,10.152639919401246,10.490181,59.900726,0.89502203,0.73126,11.9135,1040
9188-1901,1-51001,0.0359661,0.305,0.305,93.5,5.381454660582529,1,1,0,10.395,10.396,0.0,0.033869,20.176,0.0010000000000012221,10.419,10.419,0.0,0.032045,18.697,0.0,10.445741163447348,10.783281,94.44052,1.4810704,0.97685,3.62432,1040
9188-3702,1-50956,0.0344123,0.113,0.113,223.0,6.81440365952381,1,1,0,11.022,11.121,0.202,0.015784,86.053,0.0990000000000002,11.013,11.122,0.218,0.018339,86.053,0.10899999999999999,10.533963878119778,10.871505,226.2011,1.071065,0.72303,5.22081,1040
9188-3704,1-50971,0.0299167,0.481,0.481,157.5,7.56338326047271,1,1,0,10.796,10.796,0.0,0.03005,48.376,0.0,10.8,10.8,0.0,0.026956,47.772,0.0,10.361183683038547,10.698725,159.65361,1.0866201,0.780774,5.29578,1040
9188-6101,1-50949,0.114168,0.215,0.215,269.4,5.394854729658277,1,1,0,11.668,11.706,0.081,0.057047,80.043,0.038000000000000256,11.674,11.707,0.072,0.057035,80.043,0.03300000000000125,11.192965884834722,11.530506,276.08383,1.1295483,0.791233,5.49383,1040
9188-6102,1-51113,0.105174,0.887,0.887,183.1,6.623720636678741,1,1,2,11.524,11.524,0.0,0.041605,56.158,0.0,11.462,11.55,0.182,0.043972,56.19,0.08800000000000097,10.881183156744795,11.218723,128.35852,0.8899493,0.640783,6.22005,4672
9188-6103,1-51120,0.0305918,0.714,0.714,132.5,6.716177907776438,1,1,0,10.501,10.721,0.397,0.022631,65.854,0.22000000000000064,10.306,10.758,0.647,0.018221,65.854,0.45199999999999996,10.19951932202534,10.53706,116.84153,0.9510777,0.73296,5.60306,1168
9188-6104,1-51118,0.018465,0.805,0.805,92.7,5.93288365615323,3,1,2,10.017,10.078,0.132,0.028657,71.936,0.06099999999999994,10.002,10.081,0.166,0.030976,72.539,0.07899999999999885,9.785502094719904,10.123043,68.652275,0.9749083,0.468757,6.28709,4672
9188-9102,1-50982,0.0231436,0.757,0.757,110.9,6.834142846793698,1,1,0,10.245,10.384,0.274,0.021018,71.936,0.13900000000000112,10.25,10.385,0.266,0.021062,71.936,0.1349999999999998,9.985958798438412,10.3235,77.852356,1.0586599,0.484702,7.56931,1040
9189-12703,1-51327,0.0189063,0.676,0.676,167.4,18.020726785215068,1,1,0,11.013,11.056,0.092,0.014627,74.911,0.04299999999999926,11.082,11.118,0.078,0.012575,74.911,0.03599999999999959,10.834957040804587,11.172498,130.25095,0.9240039,0.387072,26.1389,0
9189-12704,1-51329,0.033669,0.726,0.726,139.6,12.13466956244797,1,1,2,10.909,11.234,0.526,0.010532,45.218,0.3249999999999993,10.808,11.248,0.637,0.010487,45.218,0.4399999999999995,10.778151974207177,11.115692,104.284035,0.95532525,0.836774,10.2017,4160
9189-3701,1-583421,0.0334132,0.419,0.419,174.6,4.680899986069942,1,1,2,10.78,10.781,0.0,0.037814,50.455,0.0010000000000012221,10.766,10.776,0.02,0.040001,52.182,0.009999999999999787,10.322543860250297,10.660085,173.22627,1.1170807,0.637241,4.46983,4224
9189-3703,1-639142,0.130811,0.125,0.125,285.8,6.6475414404674495,1,1,0,11.744,11.814,0.148,0.035048,52.248,0.07000000000000028,11.724,11.784,0.127,0.03528,84.745,0.0600000000000005,11.279908658362592,11.617449,278.9139,1.040204,0.67993,7.56432,1024
9189-9101,1-51296,0.0347817,0.779,0.779,104.5,8.913223196517542,3,1,0,10.642,10.889,0.433,0.020332,41.246,0.2469999999999999,10.538,10.913,0.579,0.020134,41.155,0.375,10.323831460586769,10.661372,75.88581,0.8498074,0.802865,7.64441,1168
9190-12702,1-51369,0.0340999,0.834,0.834,148.5,10.300685815720554,3,1,0,10.617,10.982,0.569,0.017279,80.829,0.36499999999999844,10.634,10.981,0.55,0.017617,81.138,0.34699999999999953,10.465015330447475,10.802556,91.26708,0.88331735,0.245296,17.5355,1040
9190-12703,1-604111,0.0220936,0.803,0.803,111.4,19.334217542549705,1,1,2,10.121,11.137,0.904,0.007728,52.692,1.016,9.567,11.148,0.974,0.006313,52.692,1.5809999999999995,10.353956601704928,10.691497,65.357666,0.8648667,0.71346,15.7974,4160
9190-9102,1-51727,0.018023,0.678,0.678,62.0,5.702360439431078,1,1,0,9.691,9.691,0.0,0.037388,86.749,0.0,9.693,9.693,0.0,0.037575,86.749,0.0,9.351678444092867,9.689219,49.507072,0.8940891,0.355914,7.5076,1552
9191-12701,1-179062,0.0526507,0.523,0.523,132.5,11.872278619758124,1,1,0,11.049,11.049,0.0,0.028923,31.878,0.0,11.037,11.037,0.0,0.027725,59.327,0.0,10.98175112551757,11.319292,142.8158,1.0206594,0.897238,9.17784,1040
9191-12703,1-179083,0.0290389,0.865,0.865,116.3,12.564426296582058,3,1,0,10.839,10.867,0.061,0.021086,65.855,0.02800000000000047,10.868,10.872,0.01,0.020447,65.899,0.0039999999999995595,10.44702617193054,10.784567,60.960392,0.9104531,0.436654,14.5123,1040
9191-12705,1-635343,0.030231,0.777,0.777,90.3,9.95892577700234,1,1,0,10.495,10.846,0.555,0.023667,36.722,0.35100000000000087,10.491,10.828,0.54,0.023731,36.916,0.33699999999999974,10.181057146162505,10.518598,56.99476,0.93142575,0.909125,9.42455,1168
9191-6104,1-178988,0.0570956,0.292,0.292,205.2,5.879931097832546,1,1,0,11.18,11.188,0.015,0.036058,68.505,0.008000000000000895,11.157,11.181,0.052,0.047717,86.357,0.023999999999999133,10.861917758893105,11.199458,206.69695,0.9820861,0.741196,5.47585,1040
9192-12701,1-289694,0.0280993,0.865,0.865,115.5,8.565307083042688,1,1,0,10.409,10.625,0.393,0.023684,65.854,0.2159999999999993,10.447,10.628,0.341,0.022777,65.854,0.18100000000000094,10.124712844740733,10.462254,82.20123,0.9075247,0.542382,8.36999,1552
9192-12703,1-37603,0.028937,0.854,0.854,104.2,9.817402246701455,3,1,0,10.582,10.648,0.139,0.031169,59.504,0.06599999999999895,10.527,10.662,0.267,0.031658,59.522,0.13500000000000156,10.223524494950773,10.561065,65.52572,0.8625657,0.589617,9.40801,1168
9192-12704,1-37601,0.0435936,0.747,0.747,112.6,10.250864280493197,3,1,0,11.268,11.359,0.189,0.022496,25.745,0.0909999999999993,11.26,11.356,0.198,0.022515,25.754,0.09600000000000009,10.557694834329208,10.895235,81.01865,0.86660594,0.892316,8.67189,1040
9192-1901,1-37421,0.0315504,0.731,0.731,99.5,3.1162927140625594,1,1,2,9.88,10.146,0.458,0.046196,62.716,0.266,9.896,10.148,0.439,0.045818,62.716,0.2519999999999989,9.734704642282773,10.072246,82.916504,0.9779674,0.549413,3.21444,4672
9192-3701,1-37169,0.028002,0.729,0.729,148.4,4.026635152924439,1,1,0,10.419,10.492,0.152,0.021897,70.945,0.0730000000000004,10.4,10.491,0.189,0.021878,71.851,0.0909999999999993,9.991314255109172,10.328855,139.3279,1.3382583,0.636397,3.05622,1152
9192-6101,1-37415,0.0287962,0.649,0.649,76.6,7.416235355614034,1,1,0,9.923,10.285,0.566,0.030105,56.357,0.3620000000000001,9.746,10.276,0.704,0.028766,57.176,0.5299999999999994,9.864895961172607,10.202436,64.11343,0.9244048,0.577662,7.28005,1168
9192-6102,1-37418,0.0230483,0.837,0.837,158.4,6.832489019265457,3,1,2,10.536,10.67,0.266,0.017156,79.208,0.13400000000000034,10.519,10.668,0.29,0.017165,79.225,0.14899999999999913,10.227688785705014,10.565229,109.549576,1.0329503,0.415628,7.41073,4160
9192-6103,1-37568,0.0429988,0.042,0.042,247.3,10.988242382709815,1,1,0,11.432,11.494,0.132,0.021393,84.023,0.06199999999999939,11.435,11.496,0.129,0.027019,84.023,0.06099999999999994,10.991327989989589,11.328869,252.32262,0.8900756,0.862535,7.25422,1040
9192-6104,1-37407,0.0275307,0.733,0.733,76.9,8.189971271388583,1,1,0,8.653,10.244,0.974,0.028148,65.911,1.5909999999999993,9.686,10.261,0.734,0.028562,65.997,0.5749999999999993,9.711897451726273,10.049438,50.24702,0.8761105,0.56834,8.3131,1152
9192-9102,1-37606,0.0289639,0.772,0.772,179.9,7.8432150755729895,3,1,0,10.916,10.963,0.103,0.027142,70.153,0.04699999999999882,10.898,10.964,0.14,0.028501,71.038,0.06600000000000072,10.510826406187515,10.848367,146.09705,0.940597,0.512471,8.08038,1088
7978-6101,1-115418,0.0275001,0.817,0.817,80.4,5.804694978584551,3,1,0,10.158,10.168,0.022,0.034712,56.158,0.009999999999999787,10.144,10.173,0.064,0.034349,56.158,0.028999999999999915,9.992719604813654,10.33026,60.747692,0.9866505,0.606962,5.39293,1168
8310-12704,1-495018,0.0268115,0.505,0.505,216.4,9.453094013040754,1,1,0,11.122,11.146,0.053,0.024387,51.894,0.02400000000000091,11.094,11.142,0.102,0.023677,56.103,0.04800000000000004,10.42588620848071,10.763427,200.98453,0.99073386,0.82667,6.76866,1024
7961-1902,1-177974,0.0286075,0.115,0.115,153.5,3.3049059065692536,1,1,0,10.384,10.385,0.0,0.049367,44.277,0.0009999999999994458,10.353,10.354,0.0,0.050092,84.745,0.0009999999999994458,9.827996349794056,10.165537,159.45937,1.372779,0.861509,2.41368,64
10494-6101,1-352513,0.0414317,0.816,0.816,114.4,8.04533998861299,1,1,0,10.73,10.754,0.053,0.028287,59.61,0.023999999999999133,10.64,10.763,0.247,0.029231,59.615,0.12299999999999933,10.390359196960285,10.7279,77.23985,1.0003204,0.593092,7.90674,0
7978-9101,1-115345,0.0251903,0.748,0.748,153.6,6.782908000868791,1,1,0,10.678,10.706,0.063,0.027358,78.461,0.027999999999998693,10.666,10.707,0.091,0.024319,78.496,0.04100000000000037,10.242031802350638,10.579573,126.98155,1.0368471,0.403346,7.34574,1040
10512-12701,1-605601,0.0510787,0.888,0.888,166.0,10.823836890611854,1,1,0,11.338,11.339,0.0,0.028752,62.947,0.0010000000000012221,11.334,11.336,0.003,0.027749,62.849,0.002000000000000668,10.717150202853889,11.05469,101.80721,0.8980092,0.541009,12.7854,1040
11010-12704,1-522240,0.020958215,0.679,0.679,71.7,10.819029047673775,1,1,0,8.42,10.223,0.984,0.059223,58.686,1.8030000000000008,9.909,10.218,0.51,0.055965,60.035,0.3089999999999993,9.11653947337366,9.45408,45.395016,0.9136018,0.57751083,11.21756,1168
7979-6104,1-115394,0.0221103,0.712,0.712,100.5,6.369256480765183,1,1,0,10.058,10.159,0.206,0.031409,69.177,0.10100000000000087,10.132,10.178,0.1,0.030805,70.61,0.04600000000000115,9.938081707507589,10.275622,91.205505,0.9489024,0.569908,6.24115,1040
12084-12702,1-117088,0.025705196,0.745,0.745,93.5,9.612880789202253,1,1,0,10.334,10.446,0.229,0.021749,70.557,0.1120000000000001,10.004,10.418,0.615,0.021629,71.285,0.4139999999999997,9.952064038264531,10.289604,65.41155,0.87062466,0.48057702,11.158162,1168
10508-3703,1-151120,0.0320959,0.085,0.085,222.3,9.646016824060034,1,1,0,11.114,11.228,0.228,0.015587,64.177,0.11399999999999899,11.107,11.219,0.226,0.017625,84.745,0.1120000000000001,10.702138323419677,11.039679,223.74127,0.95043755,0.766734,7.43794,1040
11749-3704,1-387482,0.022364069,0.888,0.888,96.0,3.3518577367883022,3,1,0,9.63,9.836,0.378,0.039553,80.919,0.20599999999999952,9.887,9.887,0.001,0.035722,81.175,0.0,9.40887418267023,9.746415,57.706017,1.0557834,0.37493038,4.28353,1168
10505-3702,1-231866,0.0223324,0.583,0.583,62.4,4.388090798639904,1,1,0,9.694,9.772,0.164,0.060627,58.652,0.0779999999999994,9.708,9.773,0.139,0.06062,58.735,0.0649999999999995,9.243511791610977,9.581053,54.89972,0.87293124,0.64964,4.20544,1168
8260-12705,1-281883,0.0241472,0.662,0.662,76.4,6.257903942416634,1,1,0,8.091,9.874,0.984,0.0639,78.219,1.7830000000000013,9.588,9.95,0.566,0.061494,79.837,0.3620000000000001,9.10811493726856,9.445656,46.051697,0.88490355,0.336749,11.1655,1168
11945-1901,1-95223,0.029205708,0.444,0.444,194.6,3.5173704713682588,1,1,0,10.734,10.775,0.088,0.037608,42.163,0.04100000000000037,10.727,10.764,0.08,0.036177,43.317,0.036999999999999034,10.166762590397846,10.504303,198.7123,1.585738,0.87228686,2.1846008,1168
10493-3702,1-548340,0.0986546,0.254,0.254,252.8,4.9903237856519205,1,1,0,11.482,11.56,0.163,0.030083,68.811,0.07800000000000118,11.485,11.552,0.141,0.042953,85.581,0.06700000000000017,11.151182851889978,11.488724,252.48721,0.960399,0.806539,4.74595,1040
11952-6104,1-325869,0.03668849,0.746,0.746,250.6,5.092783844855214,1,1,0,11.144,11.145,0.0,0.030414,83.526,0.0009999999999994458,11.146,11.152,0.01,0.024869,85.357,0.005999999999998451,10.558668042488613,10.896209,213.52957,1.1398976,0.439259,5.4241204,1040
10502-12701,1-230783,0.0276261,0.795,0.795,136.8,5.061947667253885,1,1,0,10.506,10.506,0.0,0.036687,66.245,0.0,10.503,10.503,0.0,0.035723,66.037,0.0,9.956181401466408,10.293722,111.65601,1.0521079,0.58366,4.06426,1040
9484-12705,1-153116,0.0393408,0.171,0.171,163.3,10.213901814727892,1,1,0,11.099,11.099,0.0,0.021492,35.703,0.0,11.065,11.065,0.0,0.020291,84.023,0.0,10.794006779788786,11.131547,167.21683,0.963178,0.899803,7.94341,1040
9484-6101,1-153153,0.0179,0.703,0.703,126.1,8.112011146993789,1,1,0,10.417,10.473,0.121,0.029715,84.714,0.05600000000000094,10.426,10.476,0.108,0.029736,84.714,0.05000000000000071,9.839222171932954,10.176763,96.92214,1.0396389,0.344167,10.0286,0
9484-6102,1-153279,0.0198017,0.784,0.784,83.4,4.825202136906767,1,1,0,9.793,9.793,0.0,0.031531,75.59,0.0,9.767,9.795,0.063,0.031138,76.337,0.02800000000000047,9.109868654536122,9.44741,58.549507,0.96014535,0.286752,7.38937,1040
9484-9101,1-153293,0.0321158,0.817,0.817,141.0,9.901349151637039,3,1,0,10.955,11.027,0.152,0.019084,45.285,0.07199999999999918,10.955,11.028,0.156,0.018965,45.219,0.0730000000000004,10.492387377995426,10.829928,99.07945,0.9027284,0.767442,8.0329,1040
11752-12703,1-54623,0.024822222,0.637,0.637,76.1,6.417855688632788,1,1,0,9.927,10.059,0.264,0.046401,69.033,0.13199999999999967,10.074,10.074,0.0,0.045788,69.528,0.0,9.594767870541082,9.932308,60.52394,0.84225315,0.4516675,7.941042,1168
10498-9101,1-605458,0.0567662,0.851,0.851,160.6,7.763611835657071,1,1,0,11.117,11.164,0.101,0.023489,56.158,0.04699999999999882,11.165,11.166,0.001,0.023161,56.158,0.0010000000000012221,10.737424045686588,11.074965,106.85918,0.8842382,0.621986,7.43151,1552
8091-1901,1-39799,0.0182591,0.703,0.703,54.4,3.200128741926167,1,1,0,8.683,9.395,0.806,0.0448,65.166,0.7119999999999997,9.4,9.454,0.117,0.043094,64.955,0.05400000000000027,9.083233790058822,9.420774,42.930534,1.1703889,0.634972,3.14443,1168
11742-6102,1-153993,0.029755374,0.772,0.772,68.7,4.572140496888373,1,1,2,8.739,9.743,0.901,0.110055,82.273,1.0039999999999996,9.847,9.849,0.004,0.113371,86.832,0.002000000000000668,9.13009358549808,9.467634,43.73991,0.8607951,0.26849598,6.71969,4096
10505-3703,1-300663,0.0228212,0.687,0.687,56.8,3.437740306581681,1,1,0,9.428,9.611,0.344,0.051577,55.253,0.18299999999999983,9.546,9.614,0.144,0.051173,55.915,0.06800000000000139,9.251725800419988,9.589267,46.91881,0.94592166,0.681474,3.26721,1168
8092-3701,1-40870,0.0307271,0.704,0.704,118.3,4.2626780586566575,1,1,2,10.368,10.444,0.161,0.028425,60.034,0.07600000000000051,10.386,10.438,0.112,0.027256,59.799,0.05200000000000138,10.006273455202784,10.343814,111.58622,1.0429755,0.836952,3.69479,4608
11956-9101,1-151702,0.01657497,0.668,0.668,67.3,5.492312947521544,1,1,0,8.757,9.573,0.847,0.033735,86.789,0.8160000000000007,9.66,9.66,0.0,0.036036,86.789,0.0,9.11788566937559,9.455426,52.669975,0.905845,0.3166904,7.9147935,1168
7978-12703,1-115357,0.0270393,0.751,0.751,75.3,8.823771515759763,1,1,0,10.06,10.218,0.304,0.03817,75.201,0.15799999999999947,9.843,10.199,0.56,0.038103,76.542,0.35599999999999987,9.872551330136991,10.210092,51.69896,0.8697251,0.418084,10.3703,1216
8248-6101,1-481021,0.0719147,0.05,0.05,229.4,6.946836197226212,1,1,0,11.353,11.475,0.243,0.024941,79.565,0.12199999999999989,11.352,11.474,0.245,0.024917,79.565,0.12199999999999989,10.99533064301958,11.332871,229.28838,0.99492174,0.973566,6.10844,1040
8328-6102,1-286746,0.065442,0.19,0.19,241.8,8.167830505162515,1,1,0,11.483,11.591,0.22,0.015909,80.043,0.10799999999999876,11.555,11.599,0.095,0.015493,80.043,0.04400000000000048,10.931327664536092,11.268868,243.40312,0.94562465,0.896982,5.90122,1040
10843-3702,1-606422,0.027469926,0.738,0.738,151.4,4.98625046488915,1,1,0,10.546,10.608,0.133,0.023429,65.158,0.062000000000001165,10.543,10.604,0.132,0.025174,72.02,0.06099999999999994,10.340161751486093,10.677702,129.8048,1.1435592,0.67597353,4.573126,1040
7963-1902,1-179096,0.0236687,0.687,0.687,87.8,3.411291405590486,3,1,0,9.954,9.955,0.0,0.040845,59.633,0.0009999999999994458,9.955,9.956,0.0,0.040764,59.589,0.0009999999999994458,9.779010303275824,10.11655,78.31656,1.2940062,0.605381,3.45202,1168
8314-9102,1-200281,0.0384352,0.108,0.108,234.7,12.626126093429829,1,1,0,11.356,11.38,0.051,0.020138,84.712,0.02400000000000091,11.353,11.381,0.058,0.021455,84.712,0.02800000000000047,10.848573959269043,11.186114,249.67053,0.9970799,0.826454,6.95536,1040
11012-12705,1-245524,0.04178569,0.89,0.89,118.6,15.142071457368102,1,1,0,11.035,11.11,0.158,0.036901,36.938,0.07499999999999929,11.048,11.149,0.206,0.036772,36.933,0.10099999999999909,10.594221451063072,10.931762,115.83358,0.90969354,0.8602283,11.709716,1040
7965-12702,1-179321,0.0468662,0.832,0.832,173.2,7.11773759587967,3,1,0,11.06,11.06,0.0,0.024539,75.012,0.0,11.061,11.062,0.002,0.024384,74.94,0.0009999999999994458,10.699872398693252,11.037413,120.75793,0.9401063,0.409174,8.42542,1040
7980-6102,1-115317,0.0257456,0.744,0.744,110.0,5.692080745721629,3,1,0,10.387,10.387,0.0,0.036513,81.164,0.0,10.376,10.384,0.019,0.036272,82.195,0.008000000000000895,10.095953512611219,10.433495,89.74858,0.9616699,0.429845,6.1271,1168
10223-1902,1-35957,0.0200137,0.455,0.455,59.5,4.181089784211225,1,1,0,9.453,9.746,0.491,0.040103,49.914,0.29300000000000104,9.564,9.732,0.321,0.040237,50.872,0.16799999999999926,9.27555550454894,9.613096,52.621494,0.92675245,0.69958,3.74821,1168
7978-3704,1-115346,0.0277732,0.607,0.607,81.1,4.2288091742319684,1,1,0,9.927,10.071,0.281,0.039376,54.483,0.14400000000000013,9.889,10.063,0.331,0.03963,55.86,0.17400000000000126,9.804382759965042,10.141923,74.82584,0.9701027,0.697777,3.91246,64
10515-12705,1-78252,0.030838,0.85,0.85,88.0,5.705735332165333,3,1,2,10.163,10.183,0.046,0.051277,84.077,0.019999999999999574,10.17,10.193,0.051,0.050721,84.7,0.022999999999999687,9.618649413551603,9.95619,53.943485,0.9077755,0.215167,8.92841,4672
10509-6103,1-173676,0.0251353,0.596,0.596,91.8,5.657722347258559,1,1,2,9.948,10.109,0.311,0.041484,75.672,0.1609999999999996,10.06,10.129,0.146,0.040835,76.605,0.06899999999999906,9.404368396171279,9.741909,70.202354,0.91904414,0.483335,5.77827,4240
10842-9102,1-180998,0.12606147,0.921,0.921,177.8,8.542251344419121,1,1,2,11.48,11.524,0.095,0.07254,52.704,0.04399999999999871,11.536,11.55,0.032,0.065897,52.74,0.014000000000001123,11.02509362368306,11.362635,172.20087,1.0167881,0.82161325,6.0829654,4096
12514-12703,1-549165,0.031982973,0.887,0.887,113.3,6.7757366206522365,3,1,2,10.193,10.479,0.483,0.021678,79.539,0.2859999999999996,10.202,10.481,0.473,0.021678,79.539,0.2789999999999999,9.938708862261558,10.27625,61.350037,0.86869615,0.32673314,8.951988,4672
8089-1902,1-39063,0.0802065,0.67,0.67,159.3,8.71799329749003,1,1,2,11.412,11.419,0.017,0.054428,80.496,0.006999999999999673,11.279,11.447,0.319,0.047418,80.496,0.16799999999999926,10.876807087830114,11.214348,133.19783,0.9305503,0.439398,19.793,4096
8152-6103,1-232411,0.0268911,0.459,0.459,208.3,10.629569752144349,3,1,0,11.16,11.161,0.0,0.024758,46.679,0.0009999999999994458,11.154,11.155,0.0,0.022458,49.476,0.0009999999999994458,10.455630450644941,10.793171,199.45117,0.8820999,0.834194,7.72178,1024
10500-3701,1-386851,0.112068,0.394,0.394,258.0,4.904115099638409,1,1,2,11.574,11.635,0.13,0.009051,85.23,0.06099999999999994,11.648,11.648,0.0,0.008481,85.23,0.0,11.090818639978758,11.428359,252.60951,0.9448726,0.885438,5.08866,4096
10494-9102,1-379865,0.0308072,0.807,0.807,97.8,7.173590802766377,1,1,2,10.429,10.493,0.137,0.030483,63.183,0.06400000000000006,10.438,10.494,0.122,0.030268,63.284,0.05599999999999916,10.042354962422877,10.379895,67.36961,0.93066347,0.551856,7.08135,4288
10516-12701,1-60653,0.0233518,0.271,0.271,97.3,8.955874550523967,1,1,0,10.382,10.382,0.0,0.022361,23.478,0.0,10.36,10.36,0.0,0.021788,31.272,0.0,10.217949574046756,10.5554905,100.05074,0.9423168,0.720365,7.48994,0
10507-3701,1-280132,0.0266396,0.671,0.671,136.2,5.060596939941636,1,1,0,10.381,10.515,0.266,0.027977,86.749,0.13400000000000034,10.551,10.552,0.001,0.044589,86.749,0.0009999999999994458,9.92773468900181,10.265275,113.56816,0.9764724,0.534859,5.26245,1168
8245-12703,1-464461,0.0361546,0.85,0.85,133.3,8.908185914764339,3,1,0,10.779,10.789,0.021,0.021804,71.391,0.009999999999999787,10.798,10.799,0.001,0.021508,71.558,0.0009999999999994458,10.27473729187581,10.612278,87.797356,0.9013572,0.472427,9.96842,1040
8321-9101,1-403634,0.0257941,0.67,0.67,66.5,8.92254347159,1,1,0,9.878,10.131,0.441,0.034398,66.376,0.2530000000000001,9.902,10.131,0.41,0.034391,66.417,0.22900000000000098,9.648097403025963,9.985638,50.352833,0.85548675,0.582346,7.62279,1168
9489-12701,1-384246,0.0936082,0.059,0.059,251.6,9.24646618888366,1,1,2,11.632,11.715,0.172,0.031966,84.745,0.08300000000000018,11.639,11.713,0.156,0.05057,84.745,0.07399999999999984,11.26629521290638,11.603836,255.23184,0.9478121,0.737496,10.317,4096
9489-1902,1-384147,0.0228252,0.504,0.504,65.1,3.08441051318664,1,1,0,9.646,9.794,0.287,0.049823,33.754,0.1479999999999997,9.762,9.762,0.0,0.04901,33.678,0.0,9.397915687500053,9.735456,61.579266,1.0147811,0.895284,2.53529,1168
9489-3702,1-383812,0.0165305,0.535,0.535,45.5,5.639137092625578,1,1,0,8.062,9.685,0.976,0.037425,40.703,1.623000000000001,9.394,9.608,0.388,0.034903,42.738,0.2140000000000004,9.291584168052319,9.629125,39.506336,0.92608154,0.814591,4.76055,1552
9489-3704,41-95,0.0168859,0.58,0.58,189.4,8.830906976835767,1,1,0,10.848,10.849,0.0,0.025683,68.922,0.0009999999999994458,10.848,10.849,0.0,0.025505,68.922,0.0009999999999994458,,-9999.0,196.46513,3.837505,-9999.0,-9999.0,0
9489-6103,1-584895,0.0155474,0.472,0.472,180.0,4.497513172483764,2,1,2,10.387,10.389,0.0,0.038736,58.689,0.0019999999999988916,10.391,10.395,0.006,0.036878,59.108,0.0039999999999995595,9.63518003663177,9.972721,187.79622,2.1219041,0.799335,2.00048,4160
9489-6104,1-605215,0.0199314,0.725,0.725,99.6,6.881545376590291,3,1,2,10.22,10.302,0.171,0.032224,52.745,0.08199999999999896,10.217,10.317,0.207,0.031136,52.731,0.09999999999999964,9.808939813634263,10.146481,86.39292,0.9692386,0.699842,5.91191,4160
7980-6104,1-115417,0.0250492,0.313,0.313,115.6,3.2939112548139833,1,1,0,10.337,10.337,0.0,0.057309,26.157,0.0,10.312,10.314,0.003,0.053006,26.404,0.002000000000000668,9.774525724520533,10.112066,118.70958,1.0372857,0.928166,2.57389,1168
10507-3702,1-280222,0.0250354,0.824,0.824,90.3,4.117190514839385,3,1,0,9.893,9.97,0.163,0.042234,78.027,0.07699999999999996,9.96,9.999,0.086,0.042278,77.922,0.0389999999999997,9.560444673193187,9.897985,60.469772,0.9124908,0.363115,5.22976,1168
11753-12702,1-78013,0.023746518,0.681,0.681,85.7,7.885853144334157,1,1,0,8.898,10.125,0.941,0.026732,76.08,1.2270000000000003,9.262,10.117,0.86,0.026703,86.636,0.8550000000000004,9.697004288521093,10.034545,62.988888,0.86736107,0.5551637,10.434203,1168
12518-12701,1-2125,0.03494354,0.846,0.846,143.2,6.129178195655224,3,1,2,10.724,10.74,0.037,0.038693,80.829,0.016000000000000014,10.752,10.752,0.0,0.035403,80.829,0.0,10.232800989612448,10.570342,104.05913,0.98249644,0.3642633,11.198153,4224
10501-1901,1-299960,0.0266465,0.664,0.664,102.3,2.7862446174281987,1,1,2,9.931,10.016,0.179,0.050812,86.789,0.08500000000000085,10.051,10.051,0.0,0.048001,86.789,0.0,9.504385218518726,9.841926,88.759254,1.0633085,0.569307,3.08081,4288
10516-3704,1-60707,0.0220177,0.681,0.681,94.2,8.822112864249002,3,1,0,10.376,10.435,0.127,0.030728,56.338,0.05900000000000105,10.358,10.436,0.164,0.032145,56.461,0.0779999999999994,10.46094292288896,10.798484,82.462776,0.9459641,0.80091,5.10071,1552
7993-3704,1-42248,0.021933,0.655,0.655,95.0,5.657595247361906,1,1,0,10.204,10.204,0.0,0.030328,58.132,0.0,10.121,10.191,0.148,0.029392,57.047,0.07000000000000028,9.818078023513138,10.155619,77.311226,1.0603763,0.632022,5.12485,1040
10512-1902,1-77006,0.0239051,0.074,0.074,106.5,3.2440260302456725,1,1,0,10.049,10.094,0.097,0.041007,52.874,0.04499999999999993,10.083,10.084,0.0,0.036912,56.26,0.0009999999999994458,9.707927683188545,10.045468,104.80403,1.4215316,0.775088,2.07099,1168
10503-12702,1-80034,0.0219937,0.815,0.815,114.5,10.906021092463442,3,1,2,10.381,10.602,0.398,0.016336,80.885,0.22100000000000009,10.625,10.643,0.04,0.014955,80.876,0.018000000000000682,10.062390175483054,10.399931,70.86827,0.90332204,0.31471,14.6098,4096
10510-1901,1-189283,0.0197115,0.629,0.629,178.3,1.848111448147662,1,1,0,10.178,10.18,0.0,0.039884,86.222,0.0019999999999988916,10.165,10.181,0.032,0.039426,72.416,0.016000000000000014,9.543709293058937,9.88125,177.47716,1.48947,0.779601,1.59273,1040
10498-12705,1-585315,0.0218185,0.753,0.753,100.0,10.640239892487575,1,1,2,10.278,10.478,0.369,0.017373,74.091,0.1999999999999993,10.507,10.509,0.004,0.016608,74.091,0.002000000000000668,9.869131937915162,10.206673,69.420265,0.9299876,0.554178,10.8328,4160
10510-9102,1-189083,0.0516048,0.432,0.432,261.4,8.88783545974125,1,1,0,11.524,11.563,0.085,0.023052,60.269,0.03900000000000148,11.461,11.552,0.187,0.024075,66.831,0.0909999999999993,10.96925511907629,11.306796,248.87256,0.9338254,0.671769,7.77908,1040
11941-12701,1-135139,0.032840867,0.873,0.873,134.3,10.94969200206936,1,1,0,10.662,10.875,0.387,0.023103,71.936,0.2129999999999992,10.642,10.885,0.428,0.023004,71.961,0.24300000000000033,10.410439448631916,10.74798,80.57059,0.93029845,0.4110031,12.367556,1168
11744-3703,1-412207,0.044806726,0.882,0.882,134.4,4.4612333262494985,3,1,0,10.636,10.637,0.0,0.03959,64.723,0.0010000000000012221,10.64,10.64,0.0,0.038598,64.723,0.0,10.201251980158231,10.538793,88.14878,0.9404209,0.52108854,4.47704,0
11006-12703,1-575151,0.022979029,0.692,0.692,120.9,5.046034110362201,1,1,0,10.23,10.326,0.198,0.013225,78.555,0.09600000000000009,10.185,10.315,0.258,0.013075,79.622,0.129999999999999,10.053149500545949,10.39069,107.21876,1.1224892,0.48245898,5.2662888,1040
8148-12705,1-164064,0.0812955,0.461,0.461,223.4,4.598375894048765,1,1,0,11.382,11.383,0.0,0.047404,40.385,0.0009999999999994458,11.345,11.346,0.0,0.046261,56.598,0.0009999999999994458,10.924575435943826,11.262116,223.31679,0.9734891,0.872701,6.99245,1168
12518-6101,1-2456,0.027706224,0.871,0.871,110.7,6.5076745679932175,3,1,0,10.336,10.471,0.267,0.026323,62.741,0.1349999999999998,10.452,10.482,0.067,0.025764,62.733,0.02999999999999936,10.028398435798582,10.365939,68.01142,0.9534265,0.5782392,6.3696055,1168
12066-9101,1-26135,0.07359597,0.989,0.989,139.0,3.5678561108155615,3,1,0,10.709,10.72,0.025,0.055478,75.481,0.011000000000001009,10.705,10.72,0.033,0.053903,75.34,0.015000000000000568,10.277608710109677,10.6151495,103.73586,0.9239529,0.4461053,3.9271522,0
10841-6102,1-54576,0.02345396,0.164,0.164,111.7,4.697219750617729,1,1,0,10.122,10.151,0.063,0.048899,43.563,0.028999999999999915,10.06,10.136,0.16,0.050433,84.745,0.07599999999999874,9.585754562847175,9.923295,113.74909,1.0475274,0.87985826,3.0661328,1168
11748-3702,1-386963,0.020226212,0.526,0.526,91.1,4.060282311710604,1,1,0,9.951,10.004,0.114,0.038495,65.467,0.05299999999999905,9.928,9.996,0.144,0.038807,68.114,0.06799999999999962,9.631486384605058,9.969027,86.1208,0.95741373,0.7421565,3.8943439,1552
8321-9102,1-403797,0.0242447,0.717,0.717,95.0,6.979986135666813,1,1,0,10.137,10.255,0.239,0.028293,77.152,0.11800000000000033,10.024,10.237,0.388,0.032223,80.869,0.21300000000000097,9.86185568186319,10.199396,77.193634,0.89318544,0.402833,7.18598,1168
10513-9101,1-54492,0.0169378,0.701,0.701,81.0,5.997894938793849,1,1,2,9.827,9.97,0.282,0.021228,86.82,0.14300000000000068,9.966,9.992,0.058,0.017907,84.029,0.026000000000001577,9.676197773822208,10.013739,63.722843,0.94148225,0.462233,6.91006,4672
10499-6102,1-299684,0.0266109,0.705,0.705,134.7,6.7086711150508815,1,1,0,10.534,10.748,0.388,0.017173,41.41,0.21399999999999864,10.534,10.747,0.388,0.01715,41.413,0.2129999999999992,10.284820859582418,10.622361,115.57215,1.000697,0.783813,5.63388,1040
8324-3704,1-285048,0.0293997,0.68,0.68,52.5,4.840719729180628,1,1,2,9.188,9.979,0.838,0.041328,36.669,0.7909999999999986,9.365,9.961,0.746,0.041661,36.633,0.5960000000000001,9.620421325022495,9.957962,41.928234,0.89013547,0.840551,4.17462,4672
12518-9101,1-2742,0.029224437,0.753,0.753,116.9,12.799807944763616,1,1,0,10.238,11.034,0.84,0.010419,52.692,0.7960000000000012,9.622,11.059,0.963,0.009241,52.692,1.4369999999999994,10.459720708424532,10.797261,80.2651,0.858218,0.77890205,11.158876,1024
11833-3703,1-176123,0.029644007,0.584,0.584,169.9,4.887006489133547,3,1,0,10.708,10.779,0.148,0.023381,54.105,0.07099999999999973,10.708,10.78,0.15,0.023378,54.104,0.07199999999999918,10.343778994371643,10.681319,164.1839,1.1914798,0.77840304,4.0568037,1040
9495-12705,1-605106,0.0142817,0.657,0.657,71.1,10.992596638885033,1,1,2,8.43,9.972,0.971,0.03917,86.789,1.5419999999999998,10.074,10.074,0.0,0.039979,86.789,0.0,9.513559838442154,9.851101,51.062183,0.91183525,0.274849,17.5928,4096
9495-3701,1-383464,0.0158558,0.658,0.658,50.9,5.784352750891738,1,1,0,8.389,9.432,0.909,0.038887,86.749,1.043000000000001,9.539,9.539,0.0,0.03756,86.749,0.0,9.313107595194996,9.650648,38.260727,0.94290006,0.418831,6.92994,1552
9495-3702,1-298319,0.022224,0.573,0.573,73.3,5.048918030047618,1,1,0,9.787,9.833,0.099,0.030318,41.133,0.045999999999999375,9.802,9.831,0.064,0.029993,41.141,0.028999999999999915,9.77739854520032,10.114939,72.04001,1.161341,0.895258,3.80084,1040
9495-6102,1-383459,0.0223885,0.768,0.768,85.9,6.730830461859985,1,1,0,10.252,10.252,0.0,0.03113,52.796,0.0,10.253,10.253,0.0,0.030859,52.824,0.0,9.633963067531228,9.971503,60.368233,0.9204296,0.682975,6.03951,1168
9496-12701,1-229615,0.0285569,0.862,0.862,111.7,8.471584861280501,3,1,0,10.544,10.554,0.022,0.027783,71.638,0.009999999999999787,10.35,10.538,0.352,0.027269,71.63,0.1880000000000006,10.072080706776855,10.409621,60.80466,0.90386605,0.40517,9.74953,1168
9496-12703,1-229705,0.0449147,0.877,0.877,200.7,6.682103410153011,3,1,0,10.972,11.078,0.215,0.017529,80.829,0.10599999999999987,10.918,11.063,0.283,0.017353,80.832,0.14500000000000135,10.739815924036023,11.077356,130.41739,0.9950342,0.296034,9.53227,1040
9496-12704,1-298273,0.0302286,0.703,0.703,85.3,10.570770285113376,1,1,0,11.038,11.291,0.441,0.022222,18.209,0.2530000000000001,10.589,11.329,0.818,0.022241,18.289,0.7400000000000002,10.136152760280131,10.473694,68.302704,0.88361603,0.888193,8.60369,1168
9496-3701,1-382889,0.0286278,0.165,0.165,144.5,4.253480992557178,1,1,0,10.378,10.477,0.202,0.026643,74.543,0.0990000000000002,10.473,10.499,0.058,0.024436,75.302,0.0259999999999998,10.04926842892581,10.386809,134.15794,1.2158504,0.461873,4.67406,1168
9496-6104,1-604956,0.029486,0.708,0.708,79.5,6.149333552223764,1,1,2,9.688,10.131,0.64,0.030002,72.751,0.4429999999999996,9.384,10.116,0.814,0.029839,72.527,0.7319999999999993,9.68581963598678,10.02336,57.157566,0.93017656,0.504336,6.78924,4224
9496-9101,1-298280,0.0924749,0.934,0.934,210.5,7.468652803500914,3,1,2,11.556,11.556,0.0,0.042983,65.628,0.0,11.555,11.558,0.006,0.041299,65.629,0.0030000000000001137,10.789771731520545,11.127313,142.40819,0.8355043,0.590199,7.15487,4096
9496-9102,1-298298,0.0304007,0.808,0.808,133.4,6.949344986450705,1,1,2,10.604,10.647,0.094,0.027389,62.741,0.04300000000000104,10.584,10.652,0.145,0.027428,62.792,0.06799999999999962,10.041574261251029,10.379115,99.784134,0.9525373,0.462855,7.31328,4224
10516-6101,1-60570,0.0309938,0.25,0.25,141.3,6.6322822941630974,1,1,0,10.658,10.658,0.0,0.035185,48.614,0.0,10.626,10.627,0.0,0.038051,85.145,0.0010000000000012221,10.345250189050727,10.682791,142.96362,1.0691539,0.770513,6.43447,1040
8245-6104,1-464294,0.0323571,0.786,0.786,166.7,7.481029239901438,3,1,0,10.878,10.9,0.049,0.028213,53.377,0.02200000000000024,10.862,10.902,0.088,0.028038,53.246,0.03999999999999915,10.40706102137014,10.744601,143.86613,0.9112097,0.726084,6.56111,1040
12083-3703,1-116828,0.0910792,0.51,0.51,194.2,3.345225783922997,1,1,0,11.144,11.15,0.012,0.035344,63.901,0.006000000000000227,11.133,11.147,0.032,0.035125,62.95,0.014000000000001123,10.946698573753567,11.284239,191.96393,1.2001915,0.8066647,2.7181022,0
11010-12705,1-518536,0.031350467,0.776,0.776,70.9,11.526880870791944,1,1,0,9.412,11.022,0.975,0.021177,26.023,1.6099999999999994,9.486,11.013,0.97,0.021014,26.055,1.5269999999999992,10.083638154456887,10.421179,45.030727,0.9121934,0.8838872,9.167135,1152
8096-12703,1-580927,0.0167216,0.759,0.759,78.6,10.8504188166514,1,1,2,10.019,10.13,0.225,0.024363,83.863,0.11100000000000065,9.447,10.069,0.761,0.023832,83.863,0.6220000000000017,9.955378391706127,10.292919,54.67638,0.8701909,0.242011,19.2564,4160
9498-1902,1-229699,0.022669,0.774,0.774,73.8,2.9951610874249877,1,1,0,9.479,9.675,0.363,0.029933,70.004,0.1960000000000015,9.598,9.689,0.189,0.029706,70.673,0.0909999999999993,9.345834250205824,9.683374,60.512005,1.0399933,0.500089,3.61258,1168
9498-3701,1-217733,0.0755951,0.558,0.558,216.0,5.026357413565389,1,1,0,11.272,11.311,0.085,0.032429,70.086,0.0389999999999997,11.31,11.312,0.003,0.031224,74.201,0.0019999999999988916,11.007858683843715,11.345399,204.34007,1.0285404,0.711517,4.58753,1040
9498-3703,1-556749,0.0291978,0.396,0.396,150.6,6.411325905597511,1,1,0,10.7,10.782,0.171,0.022072,40.361,0.08200000000000074,10.674,10.752,0.164,0.022231,46.05,0.07800000000000118,10.331253138876347,10.668794,147.70808,1.0334017,0.885704,5.28527,1040
9498-9101,1-604832,0.0761962,0.098,0.098,264.8,8.656638347587476,1,1,2,11.623,11.699,0.158,0.021059,39.215,0.07600000000000051,11.679,11.726,0.102,0.020437,5.135,0.0470000000000006,11.20064259959361,11.538183,267.85703,0.94007206,0.854497,7.2071,4096
9498-9102,1-217732,0.045241,0.477,0.477,180.4,8.366904284428912,1,1,0,11.206,11.206,0.0,0.029601,70.777,0.0,11.198,11.205,0.015,0.029257,72.156,0.006999999999999673,10.696435026489427,11.033976,171.9663,0.9554734,0.770677,6.89239,1040
9499-12703,1-145679,0.0374233,0.815,0.815,118.1,9.900547669635042,1,1,0,10.859,10.924,0.14,0.019392,45.475,0.0649999999999995,10.617,10.938,0.523,0.023496,45.513,0.32099999999999973,10.475351522928023,10.812892,84.329704,0.8852273,0.745144,8.69464,1040
9499-12704,1-163963,0.0246738,0.851,0.851,106.4,8.791356714699702,3,1,0,10.426,10.458,0.071,0.027838,83.898,0.03200000000000003,10.056,10.414,0.561,0.026455,83.872,0.35800000000000054,10.032840283162027,10.370381,60.196346,0.89010274,0.203524,14.8405,1040
9499-12705,1-556677,0.0431542,0.867,0.867,178.1,8.531128394699904,3,1,0,11.094,11.127,0.071,0.025406,68.763,0.03300000000000125,11.138,11.138,0.0,0.020758,68.784,0.0,10.618048096712092,10.955588,123.60321,0.883697,0.511193,8.89226,1040
9499-1902,1-604940,0.0265737,0.406,0.406,70.4,3.259236918513345,1,1,0,9.669,9.876,0.379,0.033818,38.227,0.20699999999999896,9.571,9.865,0.493,0.033752,39.024,0.2940000000000005,9.60493093918802,9.9424715,68.20129,1.129395,0.904973,2.65125,1168
9499-3704,1-218096,0.0262177,0.615,0.615,135.1,3.179091583248764,1,1,0,10.227,10.31,0.173,0.01671,79.257,0.08300000000000018,10.246,10.313,0.142,0.025509,86.636,0.06700000000000017,9.976959031532987,10.3145,128.93892,1.1668149,0.591099,2.83754,1168
9499-6104,1-604912,0.0278268,0.603,0.603,176.2,6.9240002580104045,1,1,0,10.778,10.887,0.221,0.020597,71.936,0.10899999999999999,10.781,10.898,0.234,0.020696,72.413,0.1169999999999991,10.437961318849405,10.775502,167.66415,0.9978743,0.550942,6.48956,1088
9499-9101,1-164052,0.0273569,0.677,0.677,130.6,8.09758991836121,1,1,0,10.62,10.668,0.104,0.028861,71.889,0.04800000000000004,10.502,10.651,0.291,0.027941,69.947,0.14899999999999913,10.251806066548681,10.589347,109.17024,0.8792107,0.566599,8.0263,1552
7965-6104,1-179747,0.0605163,0.56,0.56,148.7,10.293437872837165,1,1,2,11.252,11.252,0.0,0.043653,19.174,0.0,11.294,11.294,0.0,0.042548,19.098,0.0,10.765131873331782,11.102673,152.43161,0.95334023,0.92865,6.03329,4160
10506-9101,1-232033,0.0237171,0.745,0.745,87.3,8.524472865877268,3,1,0,10.248,10.513,0.457,0.019786,45.948,0.26500000000000057,10.183,10.521,0.54,0.019713,45.948,0.33800000000000097,9.955540555813513,10.293081,63.140575,0.8833191,0.797522,7.15736,1552
8093-3703,1-41258,0.0363883,0.35,0.35,169.5,7.797150219384926,1,1,2,11.029,11.031,0.004,0.035864,45.236,0.002000000000000668,11.014,11.059,0.098,0.034455,45.226,0.04499999999999993,10.418002818524435,10.755544,175.54784,0.87476444,0.8691,6.02752,4160
10218-3703,1-383171,0.0287568,0.771,0.771,146.1,5.488960344460897,3,1,0,10.655,10.674,0.041,0.027843,56.621,0.019000000000000128,10.655,10.677,0.05,0.027687,56.559,0.02200000000000024,10.19585539084357,10.533396,124.25017,1.0919588,0.6835,5.00103,1552
11006-1901,1-591128,0.024903933,0.498,0.498,186.1,2.531191214469077,1,1,0,10.368,10.414,0.096,0.021567,80.22,0.045999999999999375,10.367,10.414,0.098,0.026697,86.789,0.04699999999999882,10.036614924267159,10.374156,187.17688,1.7845949,0.685468,2.1486785,1552
10511-6101,1-76593,0.0260548,0.698,0.698,94.0,4.426336465664168,1,1,0,9.983,9.997,0.033,0.0438,71.992,0.013999999999999346,9.98,9.997,0.038,0.043784,71.976,0.01699999999999946,9.544271494674298,9.881812,66.337845,1.0203681,0.430947,5.3591,1168
10514-9101,1-78077,0.0225214,0.813,0.813,83.0,6.79642335726288,1,1,0,9.759,10.084,0.526,0.027128,77.021,0.3249999999999993,10.136,10.136,0.0,0.026283,76.965,0.0,9.619214415091474,9.956755,52.179817,0.8879747,0.425708,8.03827,1168
12083-12705,1-116725,0.025687193,0.677,0.677,90.8,9.885262043090691,1,1,0,10.4,10.424,0.054,0.029343,60.262,0.023999999999999133,10.245,10.423,0.336,0.028772,58.429,0.17800000000000082,10.149890671575632,10.487432,78.56178,0.90986395,0.6585544,9.5349245,1552
7961-12703,1-547535,0.0282627,0.807,0.807,86.5,8.078793413081202,1,1,0,10.233,10.313,0.17,0.025201,70.594,0.08000000000000007,9.866,10.277,0.612,0.024813,69.7,0.4109999999999996,9.98522612245862,10.322766,56.47717,0.90973496,0.485741,8.78214,1168
10514-12705,1-77704,0.0234383,0.619,0.619,131.6,6.214504429217213,1,1,2,10.519,10.579,0.129,0.021507,86.843,0.0600000000000005,10.516,10.58,0.137,0.021659,86.843,0.06400000000000006,10.22633435025715,10.563875,109.91335,0.97493523,0.279171,12.0863,4160
10506-6103,1-232168,0.0228417,0.713,0.713,87.3,6.273594236757948,1,1,0,10.035,10.306,0.464,0.022048,49.107,0.270999999999999,10.112,10.248,0.269,0.018661,49.06,0.13599999999999923,9.819056067359908,10.156597,76.43626,0.904737,0.766065,5.3585,1552
12487-12703,1-605711,0.03792555,0.293,0.293,118.0,4.870934299721994,1,1,2,10.542,10.542,0.001,0.032079,13.296,0.0,10.512,10.576,0.136,0.026456,13.244,0.06400000000000006,10.416391207340723,10.753932,126.44811,1.3449054,0.92429125,3.21178,4224
8079-3704,1-36854,0.0224857,0.23,0.23,125.4,5.707585683602899,1,1,0,10.344,10.372,0.061,0.034785,84.022,0.02800000000000047,10.373,10.374,0.0,0.034288,84.022,0.0010000000000012221,9.95878599026113,10.296327,126.23276,1.0221026,0.891767,4.32248,1040
8260-3701,1-281900,0.0453893,0.137,0.137,168.2,6.779811448685514,1,1,0,11.033,11.038,0.011,0.029675,39.215,0.005000000000000782,11.287,11.371,0.176,0.029727,2.661,0.08399999999999963,10.705145849495104,11.042686,172.28273,0.9939994,0.962216,4.77395,1040
11011-3701,1-320614,0.07400261,0.082,0.082,267.0,6.896129577520775,1,1,0,11.595,11.601,0.012,0.039352,42.242,0.006000000000000227,11.557,11.566,0.016,0.042911,84.023,0.009000000000000341,11.009678522029285,11.347219,276.47635,0.9781579,0.8532967,4.6137395,1040
11832-12705,1-233142,0.026633814,0.842,0.842,82.1,6.267420823688505,3,1,2,9.932,10.041,0.221,0.038856,81.772,0.10899999999999999,8.943,9.978,0.908,0.037691,83.277,1.0350000000000001,9.68357675255156,10.021117,47.871445,0.9199108,0.29797632,8.416428,4288
10499-3704,1-299845,0.0270665,0.712,0.712,94.7,6.42852440622508,3,1,0,10.321,10.335,0.032,0.032844,74.911,0.014000000000001123,10.312,10.334,0.047,0.033196,75.303,0.02200000000000024,9.922043126621313,10.259583,73.182594,1.0019348,0.395244,7.70523,1168
9503-12701,1-229731,0.029143,0.798,0.798,188.2,8.57057055080238,3,1,0,11.072,11.073,0.0,0.018318,63.925,0.0010000000000012221,11.075,11.075,0.0,0.01809,63.72,0.0,10.619637945061585,10.957178,135.97049,1.0636175,0.572865,8.44244,0
9503-6102,1-229862,0.0293812,0.465,0.465,120.0,8.122090288526392,1,1,0,10.686,10.824,0.271,0.024057,26.345,0.1379999999999999,10.663,10.846,0.343,0.023995,26.344,0.18299999999999983,10.247236549506765,10.584777,117.33246,0.9663167,0.905118,6.08154,1040
9504-12704,1-164370,0.0486862,0.849,0.849,172.1,8.81217712777444,3,1,0,11.144,11.145,0.0,0.024745,73.28,0.0009999999999994458,11.134,11.142,0.018,0.021395,73.025,0.007999999999999119,10.655752930112916,10.993294,114.61151,0.8987554,0.410384,10.2539,1040
9504-3702,1-556494,0.0184218,0.644,0.644,77.1,8.40736587462106,1,1,2,10.134,10.134,0.0,0.029353,76.928,0.0,10.141,10.141,0.0,0.029223,77.373,0.0,9.47028991856153,9.807831,58.27481,0.9216393,0.382732,9.59403,4096
9504-6103,1-146265,0.021527,0.711,0.711,61.4,9.900283324379243,1,1,0,10.295,10.33,0.077,0.025057,36.616,0.03500000000000014,9.938,10.413,0.665,0.025295,36.711,0.47499999999999964,9.71593485333539,10.053475,41.129063,0.85980344,0.82528,8.17794,1040
8328-1902,1-592574,0.0274285,0.707,0.707,144.9,3.236482943274751,3,1,0,10.37,10.381,0.025,0.039061,78.24,0.011000000000001009,10.359,10.378,0.041,0.038804,80.557,0.019000000000000128,10.141296096902925,10.478837,136.30075,1.7050501,0.577347,2.92828,1168
10511-9102,1-605502,0.0590276,0.121,0.121,261.8,8.897991674561574,1,1,0,11.556,11.601,0.095,0.026933,47.062,0.045000000000001705,11.579,11.583,0.008,0.025555,62.949,0.0039999999999995595,11.073850267873155,11.411391,267.0064,0.96001256,0.792043,6.97347,1040
11824-12705,1-83430,0.028054118,0.834,0.834,109.7,10.660542153818085,3,1,0,10.537,10.688,0.294,0.017323,67.292,0.1509999999999998,10.527,10.689,0.311,0.017292,67.336,0.1620000000000008,10.151741462001985,10.489282,67.010895,0.9339142,0.49536788,11.57653,1040
8088-1901,1-577296,0.0338068,0.137,0.137,146.3,12.85146228481238,1,1,0,11.574,11.702,0.255,0.036535,2.57,0.1280000000000001,11.183,11.183,0.0,0.03657,2.681,0.0,10.652330483452872,10.989871,145.32404,0.95826966,0.823344,9.28479,1040
8310-1902,1-516580,0.029624,0.663,0.663,75.3,2.6310455871737757,1,1,2,9.542,9.732,0.353,0.055551,65.913,0.1899999999999995,9.372,9.721,0.551,0.057682,65.951,0.3490000000000002,9.362358049655558,9.699899,63.79616,1.0922924,0.554726,2.86017,4160
7993-6102,1-42209,0.0698659,0.052,0.052,226.6,6.298188970142272,1,1,0,11.33,11.395,0.137,0.007284,85.847,0.0649999999999995,11.339,11.394,0.118,0.016433,85.847,0.054999999999999716,10.992970823162967,11.330511,229.83606,0.9486857,0.7376,5.74548,1040
7963-6104,1-179151,0.0240206,0.736,0.736,64.6,5.696494615568757,1,1,0,9.79,9.816,0.06,0.052409,84.598,0.026000000000001577,9.064,9.744,0.791,0.051472,86.811,0.6799999999999997,9.512897756320646,9.850438,46.78784,0.94233066,0.291294,8.90494,1168
10513-3702,1-53987,0.0164953,0.662,0.662,48.0,4.979159883081874,1,1,0,7.398,9.291,0.987,0.05544,65.678,1.8930000000000007,7.552,9.321,0.983,0.037013,86.468,1.7690000000000001,9.058566464123409,9.396107,28.403063,0.8762045,0.496698,6.38358,1168
8324-3703,1-285155,0.134199,0.137,0.137,259.9,5.091239968469809,1,1,2,11.69,11.693,0.006,0.069018,82.477,0.0030000000000001137,11.693,11.694,0.0,0.077239,82.477,0.0010000000000012221,11.16009920881209,11.49764,267.19266,1.0212777,0.918162,4.26531,4160
10496-3702,1-548653,0.0248709,0.556,0.556,131.4,5.119128804208624,3,1,0,10.432,10.459,0.059,0.034936,68.924,0.026999999999999247,10.379,10.453,0.156,0.034888,68.922,0.07399999999999984,10.002675680534987,10.340217,116.22123,0.9776115,0.524647,4.97475,1168
8093-6103,1-40936,0.0376611,0.199,0.199,189.9,6.723799099601973,2,1,0,10.951,10.987,0.077,0.033719,56.236,0.03599999999999959,10.933,10.965,0.07,0.03396,78.151,0.03200000000000003,10.558268054170524,10.895808,192.50586,0.9471191,0.757901,5.42269,1040
11742-9102,1-154031,0.029856445,0.784,0.784,79.9,5.101170916828091,1,1,2,9.757,10.009,0.44,0.054629,81.353,0.25200000000000067,10.069,10.069,0.001,0.053513,78.96,0.0,9.501564065536904,9.839105,52.365692,0.8516407,0.38611856,7.190275,4672
7961-1901,1-178035,0.0296598,0.587,0.587,66.1,2.8935515088134967,1,1,0,9.63,9.762,0.261,0.044778,55.194,0.13199999999999967,9.498,9.758,0.451,0.044627,53.952,0.2599999999999998,9.67780489479505,10.015346,61.780506,1.0378249,0.750906,2.63756,64
12512-3701,1-585712,0.029967444,0.858,0.858,102.1,3.3230377189563796,3,1,2,10.02,10.02,0.0,0.036488,81.234,0.0,9.986,10.016,0.066,0.032263,83.723,0.02999999999999936,9.831287403797807,10.168828,67.57678,1.1143774,0.32911938,4.9644866,4672
7979-3701,1-115401,0.0245868,0.628,0.628,73.2,4.299423999547761,1,1,0,9.684,9.888,0.375,0.026351,73.574,0.20400000000000063,9.8,9.906,0.216,0.026137,75.574,0.10599999999999987,9.776260129417784,10.113801,62.79675,1.0389804,0.611793,3.81982,1168
10220-6104,1-202008,0.0396988,0.733,0.733,131.9,4.668201431930535,1,1,0,10.463,10.537,0.156,0.046468,77.866,0.07400000000000162,10.558,10.558,0.0,0.046055,77.866,0.0,10.092081712917105,10.429623,100.55317,0.9562855,0.516509,5.14422,0
8157-6101,1-41971,0.0428874,0.043,0.043,209.6,7.993030009248841,2,1,0,11.262,11.263,0.0,0.027273,55.836,0.0009999999999994458,11.242,11.242,0.0,0.02866,85.847,0.0,10.758534179506865,11.096075,217.23871,1.0833294,0.774155,6.08554,1040
10213-12705,1-72456,0.0315479,0.753,0.753,97.2,10.329071749593794,1,1,0,10.951,11.428,0.666,0.014812,18.209,0.4770000000000003,10.964,11.425,0.654,0.014762,18.209,0.4610000000000003,10.169833078300275,10.507374,78.11213,0.8753032,0.685485,9.20694,1168
10515-3704,1-78353,0.0302519,0.555,0.555,144.0,10.695601654363577,1,1,0,10.847,10.848,0.0,0.027254,58.973,0.0010000000000012221,10.832,10.833,0.001,0.026451,57.99,0.0009999999999994458,10.573891112762007,10.911431,128.93948,0.9276442,0.675462,9.79208,1088
12512-3702,1-245,0.03617733,0.044,0.044,219.9,9.816944257211247,1,1,0,11.132,11.312,0.337,0.014304,61.699,0.17999999999999972,11.124,11.288,0.313,0.015778,85.555,0.1639999999999997,10.63143953766548,10.96898,222.3991,0.99381924,0.87778497,5.2503767,1040
10506-3702,1-232167,0.0230919,0.422,0.422,103.4,7.098144877369609,1,1,0,10.383,10.445,0.133,0.036731,18.432,0.062000000000001165,10.379,10.559,0.339,0.030298,18.364,0.17999999999999972,10.066825170148158,10.404366,105.70582,0.9305821,0.920454,4.91907,1040
10511-3704,1-76425,0.028474,0.344,0.344,141.4,8.349656446480573,1,1,0,10.758,10.921,0.312,0.024338,41.364,0.16300000000000026,10.738,10.924,0.348,0.024768,41.623,0.18599999999999994,10.29074893910876,10.628289,137.42044,0.97642994,0.784298,7.75593,1040
11952-3702,1-325250,0.03264897,0.17,0.17,73.4,5.231689732668607,1,1,2,10.313,10.313,0.0,0.028907,18.209,0.0,10.316,10.316,0.0,0.028899,18.209,0.0,9.744896741217577,10.0824375,73.25436,1.1129241,0.94575685,4.465172,4224
12511-3703,1-53660,0.103498355,0.8,0.8,189.7,7.136174341674832,1,1,2,11.499,11.5,0.0,0.057149,66.388,0.0009999999999994458,11.493,11.493,0.0,0.052613,66.246,0.0,10.851388189474848,11.188929,168.44186,0.90591174,0.48229074,8.793844,4096
7981-3703,1-636441,0.0376255,0.753,0.753,140.6,4.247989340772491,1,1,0,10.579,10.579,0.0,0.03317,65.854,0.0,10.518,10.574,0.122,0.032376,65.854,0.05599999999999916,10.360839456683623,10.69838,114.9402,1.1764634,0.541905,4.35042,64
10507-1901,1-175153,0.0255278,0.48,0.48,71.7,2.092607551692572,1,1,2,9.533,9.539,0.013,0.049502,59.733,0.006000000000000227,9.524,9.538,0.033,0.049429,59.675,0.014000000000001123,9.450090454054013,9.787631,69.77571,1.2475572,0.709417,1.88082,4240
11742-6101,1-154024,0.061346017,0.077,0.077,256.9,7.998652715039059,1,1,0,11.492,11.567,0.156,0.022816,39.215,0.07499999999999929,11.535,11.568,0.069,0.020844,39.215,0.032999999999999474,11.004168053670051,11.341709,258.90186,0.9591262,0.86213005,5.9703603,1040
7993-1901,1-42198,0.0269393,0.705,0.705,120.1,3.1645780204615312,1,1,0,10.076,10.119,0.095,0.033062,74.911,0.04299999999999926,10.123,10.124,0.0,0.032368,78.036,0.0010000000000012221,9.982726099176096,10.320267,115.14488,1.4471387,0.76654,2.72572,1168
8148-1901,1-201351,0.0275077,0.481,0.481,106.8,4.303298004768239,3,1,0,10.207,10.268,0.131,0.033576,32.47,0.06099999999999994,10.196,10.287,0.188,0.033247,32.376,0.09100000000000108,10.152618527315637,10.490159,106.452484,1.2692324,0.941176,3.40269,1040
11744-3704,1-459273,0.029208787,0.271,0.271,160.4,10.392301485100205,1,1,0,11.639,12.004,0.568,0.030302,2.566,0.3650000000000002,11.267,11.481,0.389,0.030671,2.595,0.2140000000000004,10.238347143081159,10.575888,162.52585,1.0020008,0.8912247,5.177635,1040
8093-1902,1-41408,0.0244707,0.721,0.721,72.2,3.467538725358252,1,1,0,9.516,9.796,0.475,0.026112,71.523,0.27999999999999936,9.532,9.799,0.458,0.02608,71.627,0.26699999999999946,9.573849405032048,9.91139,61.284344,0.9575582,0.605729,3.45868,1168
7981-6104,1-116340,0.083906,0.065,0.065,219.1,5.694224913011503,1,1,0,11.348,11.412,0.135,0.03635,39.215,0.06400000000000006,11.569,11.663,0.194,0.032398,2.755,0.09399999999999942,11.048694226970415,11.386235,222.20976,0.95833915,0.862707,5.63023,64
11955-12705,1-195266,0.029010346,0.576,0.576,60.2,5.674008613352239,1,1,2,9.73,9.826,0.197,0.068418,86.56,0.09600000000000009,9.868,9.868,0.0,0.065338,86.56,0.0,9.555611531735032,9.893152,49.98224,0.9023035,0.4346863,7.3407283,4160
12084-12703,1-117169,0.024335999,0.681,0.681,90.5,8.197513521350908,1,1,0,10.217,10.217,0.0,0.029073,79.109,0.0,10.224,10.224,0.0,0.029147,83.646,0.0,9.77936203882029,10.116902,68.71569,0.8671452,0.35132375,10.843293,1168
8093-12705,1-41356,0.0211572,0.516,0.516,70.3,9.196206388554701,1,1,0,9.803,10.025,0.4,0.038784,86.468,0.22199999999999953,9.991,10.053,0.132,0.038664,86.468,0.062000000000001165,9.223892932537424,9.561434,61.416843,0.88447475,0.550807,9.75145,1168
8324-3701,1-259952,0.0356788,0.299,0.299,173.5,6.837647510843432,1,1,0,10.991,10.991,0.0,0.033076,43.158,0.0,10.95,10.957,0.015,0.030784,58.781,0.0070000000000014495,10.473196369997913,10.810737,174.47173,0.979626,0.815982,5.20812,1040
9511-12701,1-213414,0.046838,0.813,0.813,178.1,8.0749352889447,3,1,2,11.103,11.135,0.071,0.030596,74.109,0.03200000000000003,11.067,11.129,0.132,0.030853,74.412,0.06199999999999939,10.622829269355835,10.96037,144.49811,0.9088275,0.475678,8.98572,4096
9511-1901,1-213603,0.0140503,0.366,0.366,80.7,4.3770750421937885,1,1,2,9.74,9.74,0.0,0.037834,39.442,0.0,9.747,9.747,0.0,0.036126,39.938,0.0,9.524420789849177,9.861961,82.464325,1.3044615,0.840975,3.26419,4096
9511-1902,1-559875,0.0311591,0.624,0.624,185.3,2.4004116771812187,1,1,2,10.48,10.515,0.075,0.03124,71.296,0.03500000000000014,10.453,10.507,0.114,0.033231,75.456,0.05400000000000027,10.033520254650085,10.371061,179.70253,1.6596725,0.743245,2.12719,4288
9511-3703,1-213825,0.0474916,0.461,0.461,224.2,3.503190706403772,1,1,2,11.026,11.057,0.067,0.021533,45.142,0.031000000000000583,11.026,11.053,0.058,0.021414,45.522,0.027000000000001023,10.681056622987441,11.018598,219.09084,1.6446214,0.706096,3.23248,4096
9511-3704,1-213820,0.0266705,0.607,0.607,96.8,3.153910733622035,1,1,0,9.956,10.011,0.119,0.035538,86.468,0.054999999999999716,9.962,10.014,0.111,0.0362,86.468,0.0519999999999996,9.703010070605144,10.04055,89.934525,1.7750545,0.655492,2.82095,1168
9511-6102,1-213422,0.0293146,0.759,0.759,96.4,2.7121975966621603,3,1,2,9.937,9.987,0.108,0.021526,80.491,0.05000000000000071,9.968,9.998,0.066,0.020835,81.762,0.02999999999999936,9.983785003350159,10.321325,79.702866,1.5315554,0.477764,3.0737,4288
9511-9102,1-76534,0.112884,0.124,0.124,250.2,7.688666433576134,1,1,0,11.732,11.763,0.068,0.04795,18.825,0.031000000000000583,11.745,11.767,0.048,0.049114,18.901,0.02200000000000024,11.266955701211609,11.604496,255.0643,0.98167855,0.905459,7.04605,1024
10502-1902,1-230910,0.0207564,0.621,0.621,66.8,3.143802199072981,1,1,0,9.625,9.666,0.09,0.050555,55.24,0.04100000000000037,9.662,9.664,0.004,0.04804,55.915,0.0019999999999988916,9.22857742850654,9.566118,62.3164,1.0151747,0.752791,2.83417,1168
11836-3703,1-1216,0.06734681,0.188,0.188,236.1,5.616065920208003,1,1,0,11.35,11.379,0.062,0.037101,78.554,0.028999999999999915,11.359,11.379,0.043,0.05801,85.847,0.019999999999999574,10.991298144870079,11.328838,238.5692,0.92691076,0.7653565,4.891329,1040
7993-12701,1-581847,0.0410685,0.636,0.636,105.4,18.164394154854477,1,1,0,11.229,11.232,0.006,0.031904,17.662,0.0030000000000001137,11.171,11.409,0.421,0.028363,17.658,0.23800000000000132,10.91826735072877,11.255808,130.47568,0.9345182,0.948027,14.8828,1040
9513-12702,1-42585,0.0255351,0.834,0.834,104.9,12.243352628260919,3,1,0,10.723,10.738,0.034,0.026842,59.804,0.014999999999998792,10.365,10.753,0.591,0.026235,59.853,0.3879999999999999,10.20013063576874,10.537671,63.060143,0.86668,0.601071,12.2591,1552
9513-12703,1-42874,0.0820975,0.121,0.121,233.9,23.002831123099135,1,1,0,11.88,11.93,0.108,0.046237,80.043,0.049999999999998934,11.941,11.941,0.0,0.043422,48.893,0.0,11.069216551120638,11.406757,246.08784,0.8869698,0.674521,8.67694,1040
9513-1901,1-42626,0.0207535,0.399,0.399,110.0,3.17187201228484,1,1,0,9.989,10.024,0.077,0.036989,62.742,0.034999999999998366,9.955,10.017,0.132,0.037513,65.349,0.06199999999999939,9.823972794656555,10.161513,107.94765,1.2915218,0.744576,2.78476,1040
9513-3702,1-42862,0.0260304,0.222,0.222,144.9,6.9957833535685445,1,1,0,10.608,10.675,0.143,0.02813,39.215,0.06700000000000017,10.78,10.878,0.201,0.028066,2.827,0.09800000000000075,10.181892157637915,10.519433,145.97862,1.035837,0.980538,4.23433,1040
9513-6103,1-42899,0.026139,0.434,0.434,185.8,8.429271811800763,1,1,0,10.876,10.925,0.105,0.022636,86.468,0.049000000000001265,10.884,10.926,0.091,0.022518,86.459,0.041999999999999815,10.433182379423718,10.770723,176.34033,0.9270409,0.784877,6.48677,1024
9513-6104,1-42583,0.0323373,0.478,0.478,181.4,6.767321570753156,1,1,0,10.881,10.927,0.098,0.028706,86.222,0.045999999999999375,10.889,10.928,0.084,0.028792,86.222,0.03900000000000148,10.397195859345285,10.734736,169.93991,0.9261554,0.726547,6.05029,1040
9514-1901,1-42214,0.0617163,0.935,0.935,173.2,2.4943650132375605,1,1,2,10.716,10.784,0.144,0.023972,68.922,0.06800000000000139,10.746,10.798,0.111,0.0226,70.034,0.0519999999999996,10.56590092208896,10.903441,157.87633,3.9929159,0.736715,2.69074,4224
9514-3702,1-603212,0.0250611,0.639,0.639,82.0,11.510917239376326,1,1,0,8.909,10.652,0.982,0.017261,67.096,1.7429999999999986,9.375,10.654,0.947,0.017164,67.224,1.279,9.984265307499404,10.321806,61.983963,0.8905038,0.486842,14.3836,1040
9514-3704,1-42195,0.0265144,0.66,0.66,147.2,6.955622258470197,3,1,0,10.681,10.698,0.039,0.028313,60.508,0.017000000000001236,10.662,10.697,0.078,0.034303,61.118,0.034999999999998366,10.400218410688934,10.737759,135.44801,1.0457062,0.658648,6.00339,1024
9514-9102,1-42227,0.0260585,0.202,0.202,147.0,8.336320813649571,3,1,0,10.785,10.785,0.0,0.014785,20.006,0.0,10.785,10.785,0.0,0.014783,20.016,0.0,10.457268609329464,10.794809,152.42221,1.0017633,0.741157,6.83709,1024
9862-12702,1-456867,0.0201877,0.579,0.579,138.1,3.175705807979551,1,1,0,10.205,10.236,0.067,0.020935,83.395,0.031000000000000583,10.195,10.234,0.084,0.021961,85.073,0.0389999999999997,9.8137824117955,10.151323,134.62585,1.3115171,0.551407,3.0776,1040
9862-12703,1-456987,0.0237407,0.674,0.674,79.8,3.6821532616496575,1,1,0,9.749,9.887,0.273,0.017823,86.76,0.1379999999999999,9.881,9.918,0.082,0.012533,86.76,0.036999999999999034,9.731998693908151,10.069539,71.74422,1.449869,0.461002,3.4259,1168
9862-1901,1-456594,0.021927,0.264,0.264,161.5,5.05869587496324,3,1,2,10.617,10.671,0.115,0.035367,16.375,0.053999999999998494,10.638,10.693,0.119,0.033939,16.312,0.054999999999999716,10.02379961402202,10.3613405,167.05652,1.1109776,0.934719,3.7414,4112
9862-1902,1-456933,0.0230392,0.449,0.449,167.9,3.354094674751705,1,1,0,10.511,10.512,0.0,0.048734,26.671,0.0010000000000012221,10.478,10.485,0.012,0.047512,27.433,0.006999999999999673,9.714470589173663,10.0520115,184.98141,1.591296,0.897389,1.5933,1168
9862-3702,1-456931,0.0269887,0.496,0.496,113.7,4.070971984639465,1,1,0,10.25,10.255,0.012,0.03764,77.805,0.005000000000000782,10.234,10.254,0.045,0.036768,83.019,0.019999999999999574,10.019278341403982,10.356819,112.51219,1.1083698,0.671052,3.43532,1168
9862-3704,1-623641,0.0242459,0.471,0.471,103.5,7.159834717313148,1,1,0,10.638,10.656,0.042,0.037682,18.412,0.018000000000000682,10.582,10.654,0.152,0.036683,18.541,0.07199999999999918,9.906899903722788,10.24444,111.3714,1.0360447,0.959724,3.33088,1040
9862-6101,1-456372,0.0204103,0.515,0.515,134.9,3.0880721446206647,1,1,0,10.145,10.175,0.065,0.033315,73.327,0.030000000000001137,10.172,10.176,0.006,0.030836,77.347,0.0039999999999995595,9.79059335446655,10.128134,131.36893,1.3005414,0.66136,2.64189,1040
9862-6103,1-456617,0.0257071,0.608,0.608,93.9,6.169911598617307,1,1,0,10.294,10.588,0.491,0.032295,31.978,0.2939999999999987,10.225,10.58,0.559,0.032068,32.233,0.3550000000000004,9.903594018862156,10.241135,85.33206,0.875412,0.681151,6.11635,1168
10503-12703,1-587259,0.0276125,0.832,0.832,147.0,9.552624825915476,3,1,0,10.793,10.801,0.017,0.022573,77.874,0.008000000000000895,10.745,10.79,0.098,0.02034,77.873,0.04499999999999993,10.436903338237,10.774444,92.82202,0.96505105,0.300542,13.2571,1088
10520-3703,1-79747,0.0292015,0.32,0.32,172.0,4.930295739618668,1,1,0,10.658,10.698,0.086,0.027221,82.539,0.040000000000000924,10.708,10.709,0.0,0.026672,86.357,0.0009999999999994458,10.300358491819042,10.637899,169.6148,1.2397566,0.675436,4.01103,1040
10511-12701,1-76456,0.0279937,0.808,0.808,86.6,7.342358910500934,1,1,0,9.914,10.216,0.501,0.036157,86.82,0.3019999999999996,10.183,10.255,0.152,0.036134,86.82,0.07200000000000095,9.825926987784811,10.163467,52.583607,0.96853614,0.269157,11.6787,1168
11954-1902,1-152306,0.026576258,0.851,0.851,137.4,2.2064373296222612,1,1,0,10.084,10.094,0.023,0.037983,86.636,0.009999999999999787,10.091,10.099,0.019,0.061739,86.636,0.008000000000000895,9.967007251983762,10.304548,133.57664,1.9350145,0.62231874,1.9807959,1168
10500-9101,1-231694,0.053049,0.098,0.098,221.5,8.65043329120358,1,1,0,11.365,11.408,0.093,0.026522,39.215,0.04299999999999926,11.404,11.409,0.009,0.025737,39.215,0.005000000000000782,10.889468663641784,11.227009,225.2597,0.8707988,0.839388,7.38523,1040
8079-3703,1-36903,0.0453852,0.614,0.614,182.2,6.333355826611799,3,1,0,11.066,11.067,0.0,0.031681,45.961,0.0009999999999994458,11.069,11.069,0.0,0.031231,45.7,0.0,10.699574121886494,11.037115,171.69427,0.9716383,0.806046,4.97171,1040
11021-1902,1-547738,0.032718696,0.476,0.476,220.0,11.37141718342273,1,1,0,11.292,11.293,0.0,0.037701,74.994,0.0009999999999994458,11.287,11.287,0.0,0.035551,75.021,0.0,10.745178221024377,11.082719,199.5303,0.98574543,0.44336915,13.427602,1040
11979-12701,1-270519,0.03606135,0.064,0.064,243.5,15.767314642900399,1,1,2,11.532,11.534,0.0,0.017243,65.94,0.002000000000000668,11.527,11.528,0.0,0.019323,85.581,0.0010000000000012221,11.099224219536165,11.436765,246.28465,0.9501786,0.6567683,18.022373,4096
12514-9102,1-625206,0.0362903,0.693,0.693,106.2,8.642771173988354,1,1,0,10.614,10.705,0.189,0.02184,45.218,0.0909999999999993,10.382,10.736,0.557,0.020383,45.218,0.354000000000001,10.29242559037882,10.629966,86.178856,0.8969643,0.787309,7.2919097,1168
11747-3701,1-585149,0.025571063,0.712,0.712,129.9,4.016634635064587,1,1,0,10.252,10.311,0.126,0.030345,68.922,0.058999999999999275,10.177,10.305,0.256,0.027647,70.35,0.1280000000000001,10.112798179396624,10.450338,107.874374,1.3091457,0.5631996,4.154022,1552
10506-3701,1-231870,0.0222355,0.646,0.646,99.0,5.436216820160358,3,1,0,10.185,10.233,0.104,0.029708,63.826,0.04800000000000004,10.16,10.233,0.155,0.029167,63.94,0.0730000000000004,9.939838616164145,10.277379,90.32369,0.9976804,0.703857,4.83059,1040
12518-12705,1-2511,0.031339794,0.843,0.843,107.5,13.851313045391645,3,1,0,10.912,11.027,0.232,0.032505,41.132,0.11499999999999844,10.914,11.027,0.229,0.032142,41.125,0.11299999999999955,10.369559519307838,10.7071,94.25658,0.89547616,0.80221486,11.679143,1040
12518-9102,1-2912,0.018880326,0.701,0.701,57.2,6.191819719092001,1,1,0,9.609,9.609,0.0,0.056011,71.936,0.0,9.601,9.601,0.0,0.056226,71.936,0.0,9.279977066449295,9.617517,46.478638,0.87844,0.47286087,7.629425,1168
8095-9102,1-41506,0.0964859,0.348,0.348,273.6,8.452687772961982,1,1,2,11.735,11.797,0.132,0.032424,85.847,0.062000000000001165,11.709,11.795,0.179,0.031582,82.341,0.0860000000000003,11.291863699655348,11.629404,268.4302,0.91036046,0.811144,7.58501,4096
9866-12701,1-271967,0.0528445,0.728,0.728,104.8,7.931519173573697,1,1,2,10.594,10.983,0.591,0.020395,32.283,0.3890000000000011,10.624,10.979,0.559,0.020366,32.236,0.35499999999999865,10.542886398122087,10.880427,78.50025,0.91159284,0.849067,6.51403,4224
9866-12702,1-271724,0.0309444,0.803,0.803,103.7,10.005158552744497,3,1,0,10.55,10.621,0.151,0.027188,81.054,0.07099999999999973,10.221,10.586,0.568,0.024273,81.416,0.3650000000000002,10.203299477225505,10.54084,66.06165,0.8666851,0.263566,15.0541,1168
9866-12703,1-323860,0.0306329,0.839,0.839,100.4,8.256841780097313,1,1,2,10.222,10.422,0.369,0.023353,73.556,0.20000000000000107,10.451,10.461,0.023,0.020581,74.895,0.009999999999999787,10.097059384619387,10.4346,62.71365,0.889933,0.430983,9.57308,4288
9866-1902,1-272299,0.0305161,0.634,0.634,121.2,3.568221145520653,3,1,2,10.302,10.369,0.143,0.034776,61.673,0.06700000000000017,10.3,10.369,0.147,0.034772,61.669,0.06899999999999906,10.001296603043878,10.338838,114.734825,1.1908072,0.744048,3.10672,4224
9866-6104,1-323475,0.0326276,0.422,0.422,135.0,6.56825195087865,1,1,0,10.725,10.819,0.194,0.031456,31.853,0.0940000000000012,10.714,10.829,0.233,0.031309,31.878,0.11500000000000021,10.377699561206654,10.7152405,131.10783,0.95508724,0.908219,5.3032,1168
9866-9102,1-272298,0.0308752,0.729,0.729,81.7,7.611361316850351,1,1,2,9.712,10.139,0.626,0.046942,86.271,0.4269999999999996,10.178,10.178,0.0,0.046644,86.82,0.0,9.93763522594496,10.275176,59.573784,0.8912075,0.243449,12.4235,4672
9867-12704,1-197842,0.0304755,0.784,0.784,87.8,11.464385938246723,1,1,0,10.301,10.723,0.622,0.018182,52.94,0.4220000000000006,10.385,10.706,0.522,0.018001,52.948,0.32099999999999973,10.067055969946827,10.404596,58.070065,0.8848195,0.686339,12.0021,1216
9867-12705,1-198093,0.0754685,0.069,0.069,243.8,8.021335635770203,1,1,0,11.63,11.681,0.109,0.040856,3.215,0.05099999999999838,11.629,11.679,0.108,0.040857,3.229,0.05000000000000071,11.059457387125464,11.396998,248.24336,0.9411648,0.856647,6.95642,1040
9867-1902,1-198163,0.0260682,0.583,0.583,189.9,3.4939022089236778,3,1,0,10.548,10.59,0.089,0.021117,71.725,0.041999999999999815,10.532,10.58,0.103,0.032065,78.731,0.04800000000000004,10.171269985303432,10.508811,184.1863,1.7075765,0.621305,3.33381,1040
9867-6102,1-198001,0.0254747,0.56,0.56,173.4,5.482722423708205,1,1,0,10.672,10.703,0.068,0.022059,77.424,0.030999999999998806,10.669,10.701,0.07,0.029669,86.636,0.03200000000000003,10.370709190248483,10.70825,164.12212,1.8471819,0.70373,3.31754,1024
9867-6104,1-197773,0.0301798,0.639,0.639,148.3,7.416515043719622,1,1,0,10.758,10.772,0.031,0.028692,74.911,0.014000000000001123,10.723,10.768,0.099,0.027598,74.917,0.04499999999999993,10.3429632383087,10.680504,122.107025,1.0034003,0.624414,6.64865,1040
9867-9101,1-197736,0.0382047,0.763,0.763,112.5,7.142350112691341,1,1,2,10.566,10.658,0.191,0.026722,65.854,0.09199999999999875,10.668,10.668,0.001,0.024302,65.854,0.0,10.144103856464893,10.481645,82.75342,0.89502233,0.605393,7.43823,4224
9867-9102,1-197780,0.0296108,0.811,0.811,109.3,5.264353034285295,1,1,2,10.299,10.323,0.053,0.035473,83.063,0.02400000000000091,9.983,10.241,0.448,0.033536,82.006,0.2579999999999991,9.948917393336135,10.286458,77.028,0.9462341,0.366922,7.36231,4224
8324-3702,1-285081,0.0265582,0.73,0.73,69.8,3.275579675482836,1,1,2,9.606,9.63,0.053,0.068249,74.958,0.02400000000000091,9.227,9.606,0.582,0.069299,75.388,0.37899999999999956,9.25120005547218,9.58874,52.42322,0.88349247,0.339901,4.64148,4672
10498-3701,1-385544,0.0538089,0.76,0.76,115.5,6.466228467815114,3,1,0,10.87,10.974,0.214,0.032336,41.362,0.10400000000000098,10.821,10.982,0.309,0.032495,41.525,0.1609999999999996,10.434959912331028,10.772501,87.58858,0.8963115,0.790918,5.6004,0
11867-12703,1-53660,0.103498355,0.861,0.861,193.6,7.136174341674832,3,1,2,11.495,11.495,0.0,0.056225,67.033,0.0,11.491,11.491,0.001,0.054774,66.82,0.0,10.851388189474848,11.188929,162.01964,0.88312954,0.48229074,8.793844,4096
7980-1902,1-115650,0.0268433,0.629,0.629,108.8,4.158684266443106,3,1,0,10.191,10.236,0.097,0.040684,45.228,0.04499999999999993,10.196,10.228,0.07,0.040576,45.337,0.03200000000000003,10.135612814169132,10.473153,104.70457,1.2171148,0.797075,3.34116,1552
10493-9102,1-352156,0.0236648,0.575,0.575,78.2,7.5494252626804315,1,1,0,9.324,10.1,0.833,0.055467,63.909,0.7759999999999998,9.952,10.128,0.333,0.055314,61.193,0.17600000000000016,8.997288504189124,9.334829,61.231705,0.89710325,0.580743,7.47391,1168
7978-12705,1-115341,0.0988913,0.123,0.123,184.0,7.861743656388805,1,1,2,11.285,11.427,0.278,0.052256,22.184,0.14199999999999946,11.278,11.415,0.271,0.052262,22.674,0.13699999999999868,11.059377847051897,11.396918,189.0362,1.0122987,0.697835,11.7114,4160
11824-6102,1-593533,0.027692534,0.106,0.106,298.5,13.761429687773008,1,1,0,11.583,11.654,0.148,0.028778,3.377,0.07099999999999973,11.593,11.674,0.165,0.028739,3.219,0.08099999999999952,11.00614696464894,11.343688,298.17856,0.97026914,0.72283524,12.36283,0
11744-6101,1-459622,0.029478446,0.081,0.081,201.8,11.28066158459955,1,1,0,11.106,11.107,0.0,0.023329,77.872,0.0009999999999994458,11.106,11.107,0.0,0.023315,77.872,0.0009999999999994458,10.622471103093543,10.9600115,214.5291,1.0665691,0.9926983,5.6907053,1088
8095-3701,1-42381,0.0275382,0.613,0.613,155.5,4.340697124914539,3,1,0,10.568,10.596,0.063,0.027278,66.599,0.02800000000000047,10.565,10.595,0.065,0.027217,66.621,0.030000000000001137,10.13200980224397,10.46955,148.56017,1.3163359,0.671136,3.81868,1168
12483-12701,1-401058,0.03240522,0.48,0.48,190.9,11.711982190405548,1,1,0,11.091,11.2,0.221,0.023698,65.854,0.10899999999999999,11.078,11.199,0.244,0.023527,70.139,0.12100000000000044,10.560586881500011,10.898128,176.46207,0.9291727,0.6268897,11.414616,1040
12488-9102,1-300105,0.02676185,0.834,0.834,99.7,8.86907492648713,1,1,0,9.921,10.554,0.767,0.017603,56.367,0.6330000000000009,10.026,10.551,0.701,0.017717,56.323,0.5250000000000004,9.941155105392097,10.278696,59.81788,0.8700765,0.68263894,7.53213,1168
10213-1902,1-122611,0.0488798,0.65,0.65,108.4,8.19758831307147,1,1,2,10.413,10.946,0.707,0.028595,56.302,0.5329999999999995,10.59,10.927,0.54,0.029209,56.272,0.33699999999999974,10.45647687037307,10.794018,84.884186,0.9039025,0.698126,7.41977,4288
10513-12705,1-54506,0.0258697,0.717,0.717,75.8,7.0694815843917045,1,1,0,10.126,10.126,0.0,0.039489,75.893,0.0,9.829,10.095,0.458,0.038659,75.881,0.266,9.447949896414398,9.78549,57.69265,0.89407766,0.374407,8.92448,1168
10512-6103,1-77030,0.0263651,0.772,0.772,141.1,5.00022796732747,1,1,0,10.339,10.487,0.288,0.014247,74.909,0.1479999999999997,10.33,10.485,0.3,0.014059,74.97,0.15499999999999936,10.234919502924779,10.57246,120.82857,1.1383481,0.516598,5.4626,1040
12487-1902,1-386932,0.026493622,0.214,0.214,88.7,2.7890851148242635,1,1,2,9.917,9.926,0.02,0.048818,73.561,0.009000000000000341,9.928,9.928,0.0,0.047507,75.137,0.0,9.55500350335687,9.892544,87.04771,1.2262737,0.6481699,2.669608,4224
8248-6103,1-481286,0.109599,0.355,0.355,258.3,5.419902439951281,1,1,2,11.625,11.64,0.033,0.062856,41.602,0.015000000000000568,11.582,11.596,0.03,0.069006,84.745,0.013999999999999346,11.118948870547921,11.45649,260.29404,0.93620026,0.796451,6.25696,4112
7961-12702,1-177959,0.0289918,0.788,0.788,142.3,11.355022187963742,1,1,0,10.705,10.905,0.368,0.017206,63.862,0.1999999999999993,10.639,10.904,0.456,0.013986,64.04,0.26500000000000057,10.561353058337426,10.898893,101.44887,0.8841659,0.384337,14.0781,1088
11017-12704,1-319668,0.025398761,0.82,0.82,106.3,9.170658561481462,3,1,0,10.376,10.575,0.367,0.017839,56.599,0.19899999999999984,10.349,10.577,0.409,0.018167,56.869,0.22799999999999976,10.048967106360326,10.386508,76.016365,0.89664894,0.62273866,8.528598,1040
11978-6104,1-294387,0.031016547,0.631,0.631,226.3,3.4956026096241377,1,1,0,10.813,10.815,0.0,0.028555,79.692,0.0019999999999988916,10.812,10.819,0.012,0.027152,82.777,0.0070000000000014495,10.348936428662762,10.686477,215.6072,1.5394771,0.55387354,3.4482772,1168
10496-12702,1-122623,0.0620092,0.851,0.851,190.6,11.748967829211278,1,1,0,11.402,11.55,0.289,0.025393,56.35,0.14800000000000146,11.396,11.548,0.295,0.025255,56.273,0.15199999999999925,10.951336061429439,11.288877,156.3225,0.8347527,0.626543,11.3083,1040
7961-3703,1-547568,0.0477166,0.329,0.329,219.8,6.591268740822294,1,1,0,11.211,11.299,0.182,0.019184,48.275,0.08799999999999919,11.198,11.292,0.192,0.019142,50.722,0.09399999999999942,10.779527229472249,11.117068,216.92873,1.0234789,0.896968,4.65027,1040
11980-6101,1-273282,0.035416573,0.342,0.342,206.1,7.827239486148506,1,1,0,11.147,11.156,0.019,0.027291,43.108,0.009000000000000341,11.105,11.129,0.051,0.034325,85.23,0.023999999999999133,10.630908282689532,10.968449,206.36786,1.0540357,0.8579229,5.3138094,1040
9873-12701,1-456758,0.0231754,0.644,0.644,70.0,2.9439271423369604,1,1,0,9.59,9.627,0.08,0.042596,62.716,0.03700000000000081,9.589,9.629,0.086,0.042581,62.724,0.03999999999999915,9.399744656220621,9.737286,65.84831,1.0562403,0.674196,2.86743,1168
9873-12704,1-456550,0.0241099,0.107,0.107,111.8,2.7792737707963364,1,1,0,9.986,9.998,0.028,0.056404,80.043,0.011999999999998678,10.051,10.052,0.0,0.055746,25.536,0.0009999999999994458,9.34223905388552,9.67978,112.638626,1.1098095,0.876674,2.23541,1168
9873-12705,1-456623,0.0251674,0.287,0.287,135.9,3.66848402498894,2,1,0,10.394,10.394,0.0,0.044866,37.44,0.0,10.332,10.332,0.0,0.05155,76.402,0.0,9.785437327390156,10.122978,136.9667,1.2333784,0.865891,2.77679,1168
9873-1901,1-623608,0.022251,0.082,0.082,128.4,13.858983488681906,1,1,0,10.63,10.878,0.435,0.035501,2.871,0.24799999999999933,10.629,10.876,0.434,0.035503,2.875,0.2469999999999999,9.789982389752444,10.127523,134.95255,1.1330947,0.962682,2.76519,1552
9873-1902,1-456361,0.0241305,0.449,0.449,155.3,3.341912855014243,1,1,0,10.383,10.386,0.005,0.038308,73.322,0.0030000000000001137,10.371,10.381,0.022,0.049826,86.357,0.009999999999999787,9.856996995023854,10.194537,155.40231,1.0956504,0.726838,2.71197,1168
9873-3703,1-456864,0.0204097,0.579,0.579,194.1,1.9713656478285309,3,1,0,10.249,10.252,0.001,0.022476,86.636,0.0030000000000001137,10.244,10.253,0.015,0.024448,86.636,0.009000000000000341,9.701165450197722,10.038706,192.42197,1.7355825,0.628943,1.8652,1552
9873-6103,1-456853,0.0233774,0.197,0.197,117.9,3.5018139537242914,1,1,0,10.176,10.194,0.041,0.039156,50.1,0.018000000000000682,10.171,10.184,0.027,0.040194,57.213,0.0129999999999999,9.764051282813881,10.101592,120.17115,1.1602856,0.811982,2.76582,1168
9873-6104,1-623655,0.0191201,0.452,0.452,148.4,3.782858834131597,1,1,2,10.309,10.356,0.101,0.028956,34.205,0.0470000000000006,10.298,10.367,0.145,0.028236,34.133,0.06900000000000084,9.791132513285728,10.128674,149.8666,1.407048,0.92147,2.90911,4096
9874-12704,1-404292,0.0213895,0.176,0.176,86.8,5.7863437584090995,1,1,0,10.093,10.093,0.0,0.066278,29.341,0.0,10.062,10.062,0.0,0.06659,31.737,0.0,9.463171550806125,9.800713,88.85271,0.9823512,0.888557,5.02237,1552
9874-1901,1-456668,0.0259511,0.517,0.517,101.2,4.638111295608119,1,1,0,10.259,10.299,0.087,0.045429,36.629,0.03999999999999915,10.128,10.322,0.361,0.047518,37.497,0.19399999999999906,9.906536516325449,10.244077,98.34531,1.0164901,0.864512,3.59827,1168
9874-1902,1-457006,0.0273864,0.703,0.703,150.1,4.114084508029158,1,1,0,10.386,10.459,0.154,0.022147,78.361,0.0730000000000004,10.391,10.462,0.151,0.022983,86.447,0.07099999999999973,10.281571922151628,10.619113,139.54279,1.8858933,0.562969,3.52921,1040
9874-3702,1-404306,0.0248782,0.628,0.628,133.7,4.596248765829721,1,1,0,10.304,10.431,0.252,0.016306,55.113,0.1269999999999989,10.306,10.43,0.248,0.01628,55.121,0.12400000000000055,10.069534902712562,10.407076,127.69523,1.0359228,0.740435,3.8798,1040
9874-3703,1-623640,0.021926,0.71,0.71,124.8,4.534906249668276,1,1,0,10.233,10.303,0.149,0.027042,86.749,0.07000000000000028,10.231,10.302,0.15,0.027973,86.749,0.07099999999999973,9.891082855252082,10.228623,106.68928,1.1655893,0.447624,4.77521,1040
9874-3704,1-456716,0.0234198,0.488,0.488,107.0,4.859511733717134,1,1,0,10.119,10.139,0.045,0.044017,78.216,0.019999999999999574,10.133,10.14,0.016,0.067735,86.357,0.0070000000000014495,9.836495647140595,10.174036,107.6295,1.1221329,0.651743,3.82675,1040
9874-6104,1-457160,0.0235582,0.689,0.689,57.8,3.777050139229399,1,1,0,9.376,9.612,0.419,0.075537,63.541,0.23600000000000065,9.423,9.616,0.359,0.075488,63.965,0.19299999999999962,9.33128554558701,9.668826,46.06614,0.9094507,0.493135,4.28513,1168
9874-9101,1-623985,0.0258848,0.728,0.728,89.6,7.288489958457733,1,1,0,10.193,10.335,0.279,0.029315,66.37,0.14200000000000124,10.328,10.335,0.015,0.027419,66.994,0.0070000000000014495,10.054501977390549,10.392042,69.26431,0.8728633,0.570998,7.26551,1168
9875-1901,1-456832,0.018675,0.546,0.546,156.4,2.0324903827598253,3,1,0,10.101,10.104,0.004,0.048799,86.222,0.0029999999999983373,10.092,10.102,0.019,0.048811,86.222,0.009999999999999787,9.439904007347987,9.777445,155.82484,1.1911763,0.859905,1.72118,1040
9875-3702,1-456905,0.0234566,0.596,0.596,121.1,2.3248388574706382,1,1,0,9.973,9.975,0.004,0.049235,64.519,0.0019999999999988916,9.923,9.97,0.101,0.05285,65.9,0.0470000000000006,9.461768563776563,9.799309,120.18655,1.3881332,0.746071,1.98952,1168
9875-3703,1-456955,0.023362,0.345,0.345,132.6,3.674435759993693,1,1,0,10.221,10.305,0.175,0.026227,50.997,0.08399999999999963,10.221,10.31,0.184,0.025212,50.983,0.08900000000000041,9.832528072334274,10.170069,135.63878,1.2964838,0.838594,2.95549,1168
9875-6101,1-456828,0.0289986,0.738,0.738,109.4,3.431710925652447,1,1,2,10.191,10.191,0.0,0.039135,70.35,0.0,10.193,10.193,0.0,0.0369,70.128,0.0,9.789588467353788,10.12713,90.19362,1.1263363,0.555403,3.52256,4288
9875-6102,1-456580,0.0190311,0.264,0.264,107.1,2.862637206441775,1,1,0,9.916,10.002,0.178,0.025009,31.102,0.0860000000000003,9.737,9.913,0.333,0.034632,82.797,0.17600000000000016,9.446114471812706,9.783655,107.269745,1.1745458,0.929032,2.19414,1552
9875-9101,1-456884,0.0181829,0.116,0.116,77.0,2.6130522684764608,1,1,0,9.569,9.615,0.098,0.04698,73.647,0.045999999999999375,9.61,9.628,0.039,0.045249,75.358,0.018000000000000682,9.222911469795731,9.560452,72.65852,1.0643129,0.580307,2.66639,1168
9875-9102,1-624022,0.0219095,0.073,0.073,84.9,3.78440800044641,1,1,0,9.734,9.971,0.419,0.02134,19.208,0.2370000000000001,9.734,9.971,0.42,0.021336,19.206,0.2370000000000001,9.578520020458162,9.91606,86.447525,1.0463398,0.967882,3.00363,1168
8324-9101,1-284292,0.0287653,0.733,0.733,96.4,8.821784121275792,1,1,0,10.312,10.58,0.461,0.020546,56.124,0.2680000000000007,10.215,10.578,0.567,0.020525,56.325,0.36299999999999955,10.078028838054697,10.415569,68.1208,0.8750951,0.707813,7.80189,1168
12084-12705,1-117020,0.02720929,0.775,0.775,102.1,9.301668045851821,1,1,0,10.297,10.463,0.318,0.036797,86.277,0.1659999999999986,10.506,10.506,0.0,0.036471,84.949,0.0,9.897012377143742,10.234553,67.95036,0.9188489,0.2681734,13.388913,1168
8310-6104,1-495356,0.0302372,0.494,0.494,191.4,8.282538826482648,1,1,0,10.906,10.926,0.044,0.0252,83.769,0.019999999999999574,10.898,10.926,0.062,0.025498,86.055,0.02800000000000047,10.501898269928612,10.839438,182.61832,0.9776561,0.726285,5.94306,1040
10507-6102,1-280245,0.0259626,0.631,0.631,80.4,6.166671457827758,1,1,0,8.82,10.138,0.952,0.027742,61.857,1.3179999999999996,9.8,10.17,0.574,0.02748,60.535,0.3699999999999992,9.57870452111358,9.916245,63.27131,0.9087072,0.681878,5.59265,1168
7963-9102,1-179208,0.0231815,0.755,0.755,105.1,7.569935156477436,3,1,2,10.381,10.432,0.11,0.020513,62.844,0.051000000000000156,10.206,10.414,0.381,0.020253,62.952,0.20800000000000018,10.128551115983035,10.466092,75.85569,1.0064874,0.629818,7.21505,4112
11954-12702,1-152316,0.0154773295,0.62,0.62,53.1,13.24250329529926,1,1,2,8.406,10.044,0.977,0.067317,48.05,1.638,8.855,10.049,0.936,0.067334,48.028,1.193999999999999,9.346607803146702,9.684149,42.046078,0.8758381,0.7549814,12.39876,4096
8321-6104,1-403672,0.031284,0.794,0.794,89.4,5.079533951900283,1,1,2,10.145,10.2,0.12,0.034884,66.227,0.054999999999999716,10.186,10.206,0.044,0.034835,66.499,0.019999999999999574,9.842551829074242,10.180093,61.239246,0.897979,0.477202,5.63453,4672
9877-12701,1-623330,0.0243342,0.433,0.433,115.1,4.514381867178438,1,1,0,10.332,10.457,0.249,0.027051,26.267,0.125,10.333,10.437,0.212,0.026598,26.287,0.1039999999999992,9.94562809258478,10.283169,115.51363,1.1673886,0.822772,3.43744,1040
9877-12705,1-456694,0.0191456,0.494,0.494,118.3,3.3418300022759473,1,1,0,10.052,10.073,0.046,0.040198,41.005,0.021000000000000796,10.04,10.076,0.08,0.039866,40.948,0.036000000000001364,9.594686400895718,9.932227,117.98402,1.4283042,0.893895,2.65301,1040
9877-1901,1-623662,0.0204727,0.486,0.486,115.1,3.4453725071379164,1,1,0,10.116,10.119,0.005,0.046846,53.334,0.0030000000000001137,10.109,10.123,0.033,0.045284,53.595,0.013999999999999346,9.623995222330262,9.961535,116.32426,1.2123079,0.785358,2.75533,1040
9877-3702,1-456564,0.0252622,0.805,0.805,71.0,2.9701556119350503,1,1,0,9.466,9.614,0.288,0.037093,80.829,0.14800000000000146,9.683,9.683,0.0,0.038147,86.308,0.0,9.59494032198922,9.932481,52.22769,1.1323551,0.371367,3.91401,1168
9877-3703,1-457172,0.0209796,0.819,0.819,56.0,3.6582226883760267,1,1,0,9.23,9.435,0.377,0.046523,75.077,0.20500000000000007,9.152,9.423,0.465,0.046615,78.519,0.2710000000000008,9.26204033300132,9.599581,41.610825,0.9693458,0.396266,4.57792,1168
9877-3704,1-456557,0.0199885,0.689,0.689,46.7,3.72029936026565,1,1,0,9.274,9.274,0.0,0.070723,62.716,0.0,9.291,9.318,0.059,0.068707,62.718,0.026999999999999247,9.124099738364237,9.46164,38.713528,0.95595753,0.535025,4.17079,1168
9878-12704,1-626306,0.0246908,0.734,0.734,98.5,7.705780473717137,1,1,0,10.188,10.304,0.234,0.026956,70.588,0.11599999999999966,10.144,10.303,0.306,0.026387,72.464,0.1590000000000007,9.953708481578309,10.291249,78.41954,0.9135347,0.3454,10.223,1168
9878-1901,1-591700,0.0299274,0.7,0.7,128.0,2.9606716076429036,3,1,0,10.202,10.246,0.095,0.029285,69.278,0.04400000000000048,10.202,10.246,0.096,0.029475,69.534,0.04400000000000048,10.106432293813388,10.443973,123.924446,1.7500573,0.65181,2.53082,1168
9878-1902,1-458011,0.0249925,0.563,0.563,136.7,3.391521072573536,1,1,0,10.225,10.271,0.099,0.03715,86.698,0.04600000000000115,10.26,10.28,0.044,0.038414,86.698,0.019999999999999574,9.77662855342015,10.114169,127.793976,1.2072855,0.493203,3.72042,1168
9878-3701,1-522679,0.0632023,0.265,0.265,237.8,6.329990397123142,1,1,2,11.342,11.364,0.047,0.037785,84.745,0.02200000000000024,11.348,11.364,0.034,0.045333,84.745,0.016000000000000014,10.822826216799907,11.160367,242.14381,0.96156496,0.861094,4.50979,4096
9878-3702,1-591690,0.0165174,0.744,0.744,88.9,4.365089547775762,1,1,2,9.637,9.841,0.374,0.028498,70.097,0.20399999999999885,9.451,9.823,0.575,0.028547,69.642,0.3719999999999999,9.510930878274559,9.848472,67.35151,1.037077,0.494729,4.98513,4672
9878-3703,1-457602,0.0241121,0.678,0.678,138.0,4.980750033572255,3,1,0,10.386,10.48,0.194,0.020727,62.994,0.0940000000000012,10.367,10.501,0.264,0.018973,63.135,0.13399999999999856,10.128088947531396,10.46563,127.265915,1.1822854,0.64139,4.4205,1552
9878-6101,1-522568,0.0334975,0.754,0.754,189.0,7.118884469010629,1,1,0,11.041,11.078,0.081,0.022668,56.358,0.036999999999999034,10.929,11.06,0.259,0.025449,56.357,0.13100000000000023,10.6287893182218,10.96633,163.20734,1.0244148,0.798639,5.84822,1040
9878-6103,1-457771,0.0233597,0.19,0.19,141.2,8.79690702590177,1,1,2,10.649,10.787,0.273,0.022137,24.406,0.13800000000000168,10.695,10.801,0.214,0.021922,24.276,0.10599999999999987,10.129615785186402,10.467156,142.84856,0.879426,0.975296,6.41963,4112
9879-12702,1-457427,0.0213167,0.605,0.605,178.3,21.660445951138353,1,1,0,11.505,11.516,0.025,0.013837,36.616,0.010999999999999233,11.471,11.506,0.077,0.01423,36.796,0.03500000000000014,10.744569122255506,11.082109,148.4164,0.8629962,0.697506,20.483,0
9879-12703,1-403619,0.0206482,0.807,0.807,93.8,6.8753019331095775,3,1,0,10.112,10.132,0.043,0.030638,74.926,0.019999999999999574,10.07,10.127,0.123,0.02999,74.919,0.057000000000000384,9.786781935228401,10.124323,63.705406,0.91434264,0.359836,8.55835,1552
9879-1902,1-403617,0.0208505,0.532,0.532,97.9,3.7422078293738563,1,1,0,9.82,10.113,0.49,0.024226,45.275,0.29299999999999926,9.754,10.145,0.593,0.02108,45.252,0.391,9.652409775208485,9.98995,97.30111,1.1344842,0.872203,2.90216,1552
9879-3702,1-403613,0.0226161,0.648,0.648,64.0,4.334537307085782,1,1,0,9.808,9.815,0.015,0.040705,50.731,0.006999999999999673,9.719,9.817,0.202,0.039388,51.191,0.09800000000000075,9.46316108636515,9.800702,55.734074,0.9314612,0.687249,3.89215,1168
9879-3703,1-457448,0.0217879,0.548,0.548,63.5,5.525111657994325,1,1,0,9.781,10.152,0.574,0.028729,32.364,0.37099999999999866,9.647,10.117,0.661,0.028622,33.154,0.47000000000000064,9.517912090991635,9.855453,58.51068,0.9573696,0.830319,4.51496,1040
9879-6102,1-457054,0.0340639,0.704,0.704,102.4,9.214409345424306,1,1,0,10.752,10.969,0.393,0.02069,32.844,0.21699999999999875,10.754,10.968,0.388,0.020686,32.845,0.2140000000000004,10.271718500279757,10.609259,85.99511,0.9061313,0.736223,7.57599,1552
9879-6103,1-403662,0.0250852,0.744,0.744,61.4,4.517317588126399,1,1,0,9.585,9.75,0.317,0.033086,86.789,0.16499999999999915,9.804,9.804,0.0,0.026753,86.789,0.0,9.555587739765686,9.893128,47.64916,0.9368486,0.367576,5.81655,1168
9880-12701,1-591276,0.0250874,0.041,0.041,166.9,7.4554304973965815,1,1,0,10.822,10.822,0.0,0.02519,31.303,0.0,10.798,10.798,0.0,0.0253,52.359,0.0,10.06728664715528,10.404827,165.51831,0.9323957,0.88746,10.0128,1024
9880-12704,1-624109,0.0257734,0.7,0.7,73.2,7.748218504043846,1,1,0,10.12,10.181,0.131,0.032052,60.788,0.06099999999999994,10.177,10.177,0.0,0.031578,61.21,0.0,9.893270059917308,10.230811,57.06465,0.8923566,0.566718,9.0075,1168
9880-12705,1-456996,0.0203177,0.858,0.858,123.1,6.591613468633148,3,1,2,10.318,10.318,0.0,0.024324,82.86,0.0,10.326,10.326,0.0,0.019619,84.987,0.0,10.11623571173478,10.453776,77.47292,1.0743524,0.278098,9.42047,4096
9880-1901,1-456625,0.0206823,0.311,0.311,90.8,1.6917950817066933,1,1,0,9.708,9.708,0.0,0.076859,20.519,0.0,9.702,9.703,0.0,0.076176,20.736,0.0009999999999994458,8.926735912029523,9.2642765,90.91713,1.0623736,0.993967,1.20415,1168
9880-1902,1-456969,0.025495,0.358,0.358,156.4,2.036754163474369,1,1,0,10.193,10.194,0.0,0.052175,42.339,0.0010000000000012221,10.209,10.21,0.0,0.040861,42.908,0.0010000000000012221,9.698518103045416,10.036058,158.65787,1.6282407,0.884803,1.62804,1168
9880-3702,1-456981,0.0274531,0.772,0.772,86.0,4.51872406055123,1,1,0,10.005,10.102,0.2,0.024334,79.772,0.09699999999999953,10.045,10.108,0.135,0.023728,79.192,0.06300000000000061,9.886171937574055,10.223713,70.75519,0.9533274,0.499167,4.8514,1168
9880-3703,1-457149,0.0184257,0.622,0.622,80.1,4.064400991217661,1,1,0,9.722,9.904,0.342,0.029195,49.382,0.18200000000000038,9.617,9.908,0.488,0.028042,49.252,0.2909999999999986,9.403465416565004,9.741006,71.44928,1.0334152,0.7017,3.92673,1552
9880-6101,1-456649,0.0253754,0.707,0.707,65.7,5.50541046977459,1,1,0,9.582,9.91,0.53,0.046022,64.281,0.3279999999999994,9.496,9.9,0.605,0.046127,67.723,0.4039999999999999,9.577669847051455,9.915211,51.538048,0.9892407,0.560995,5.94055,1168
9880-6102,1-457211,0.0212713,0.804,0.804,78.8,5.152015652436954,1,1,0,9.912,9.942,0.067,0.042492,67.057,0.02999999999999936,9.911,9.944,0.075,0.041549,67.443,0.03300000000000125,9.61861806107672,9.956159,58.91777,0.9695929,0.504342,5.68413,1168
9880-6103,1-456989,0.0227214,0.711,0.711,112.8,5.730134937625252,1,1,0,10.29,10.346,0.122,0.027044,60.115,0.05600000000000094,10.257,10.35,0.193,0.026751,60.987,0.09299999999999997,9.973603007429285,10.311144,93.831795,0.93607163,0.642804,5.39485,1040
8079-9101,1-603795,0.0232391,0.709,0.709,113.1,10.068933095889882,1,1,2,10.481,10.735,0.443,0.014996,45.805,0.25399999999999956,10.451,10.733,0.478,0.01525,46.178,0.28200000000000003,10.299862346708919,10.637403,97.29217,0.9025635,0.676882,7.90812,4160
8152-1901,1-301273,0.0223383,0.719,0.719,89.8,3.2183928567491202,1,1,0,9.825,9.862,0.081,0.043508,71.796,0.03700000000000081,9.527,9.813,0.482,0.042038,69.453,0.28600000000000136,9.563739686520995,9.90128,75.46868,1.1388818,0.558377,3.30708,1168
10846-1902,1-1437,0.033412352,0.101,0.101,214.6,4.733315838861528,1,1,0,10.896,10.904,0.012,0.003309,85.761,0.007999999999999119,10.888,10.906,0.036,0.004756,85.761,0.018000000000000682,10.427300991386975,10.764842,221.33203,1.4502804,0.77777004,3.5697377,1040
8314-3703,1-248249,0.0329491,0.227,0.227,199.1,7.537385261507997,1,1,0,10.976,11.05,0.155,0.020395,55.447,0.07399999999999984,10.964,11.032,0.143,0.020341,84.687,0.06799999999999962,10.446207748787105,10.783749,205.06267,1.0850426,0.867212,4.41047,1040
11021-9101,1-195704,0.02993399,0.752,0.752,130.6,8.387596943486836,1,1,0,10.61,10.675,0.138,0.025779,60.159,0.06500000000000128,10.439,10.676,0.421,0.030988,60.511,0.2370000000000001,10.326094678591891,10.663635,112.39759,0.8931978,0.67366487,7.6300054,1040
10507-9102,1-280728,0.0320255,0.762,0.762,170.9,7.570601710526877,1,1,0,10.787,10.937,0.291,0.015375,62.716,0.14999999999999858,10.774,10.946,0.326,0.014575,62.834,0.1720000000000006,10.523838777084967,10.86138,137.34665,1.0293602,0.571373,7.60103,1040
9882-12701,1-523032,0.0278856,0.644,0.644,75.8,8.90193200338747,1,1,0,10.229,10.356,0.252,0.031522,49.06,0.12700000000000067,10.264,10.34,0.159,0.031813,49.819,0.07600000000000051,9.88399114668944,10.221532,67.56457,0.9033878,0.76608,7.77268,1168
9882-12702,1-523221,0.0460687,0.762,0.762,99.2,9.433593664330708,1,1,2,10.442,10.971,0.704,0.019344,45.492,0.5289999999999999,10.658,10.958,0.498,0.01899,45.349,0.3000000000000007,10.21545249288325,10.552993,64.6555,0.8584758,0.779078,8.19838,4160
9882-12703,1-422947,0.0296779,0.868,0.868,109.1,6.298240820756859,3,1,2,10.343,10.429,0.18,0.026491,66.819,0.0860000000000003,10.38,10.435,0.118,0.025682,67.21,0.054999999999999716,10.018342599075824,10.355884,69.44814,0.9042145,0.47995,6.81067,4288
9882-12705,1-537118,0.0282421,0.831,0.831,128.2,8.714777514310303,3,1,0,10.714,10.717,0.007,0.018965,63.263,0.0030000000000001137,10.715,10.717,0.005,0.018535,63.043,0.002000000000000668,10.231836444864916,10.569377,84.23462,0.93464077,0.603839,8.46807,1552
9882-1901,1-568619,0.0306367,0.422,0.422,83.1,3.600487860492872,1,1,2,10.396,10.502,0.216,0.045477,18.242,0.10599999999999987,10.376,10.48,0.214,0.045805,18.26,0.10400000000000098,9.815355231617588,10.152896,83.337776,1.0524992,0.939321,2.76071,4096
9882-1902,1-568611,0.0286711,0.576,0.576,142.6,3.3112955227148113,1,1,0,10.341,10.384,0.095,0.033882,46.459,0.04300000000000104,10.325,10.387,0.132,0.034027,46.29,0.062000000000001165,10.045706240788014,10.383246,140.03526,1.3726327,0.800841,2.74515,1168
9882-3701,1-523031,0.0299905,0.686,0.686,151.9,5.29357755873505,3,1,0,10.616,10.705,0.185,0.016883,48.925,0.08900000000000041,10.612,10.71,0.201,0.01567,48.998,0.09800000000000075,10.422442095511938,10.759983,140.47252,1.2124857,0.799872,4.37562,1040
9882-3703,1-523056,0.0283176,0.669,0.669,89.9,4.179203914836986,1,1,2,10.152,10.152,0.0,0.039409,57.657,0.0,10.155,10.156,0.0,0.034333,57.657,0.0010000000000012221,9.704129059072464,10.04167,80.18073,0.9414596,0.68913,4.03053,4288
9882-3704,1-627331,0.026861,0.408,0.408,215.3,5.780435724212582,1,1,0,10.91,10.949,0.082,0.02084,71.223,0.0389999999999997,10.899,10.941,0.09,0.024514,86.222,0.04200000000000159,10.41477620034984,10.752316,213.80057,1.3370725,0.731736,4.33036,1024
9882-6101,1-523058,0.0290255,0.785,0.785,66.3,4.481689125795098,1,1,2,7.79,9.705,0.988,0.083804,65.854,1.915,7.898,9.64,0.982,0.071919,82.036,1.7420000000000009,9.207922365549935,9.545463,23.193155,0.93621266,0.45549,6.05042,4672
9882-6104,1-422897,0.0279277,0.771,0.771,85.3,7.029327179925196,1,1,0,10.251,10.297,0.1,0.039689,59.491,0.04600000000000115,10.214,10.312,0.202,0.038894,59.546,0.09799999999999898,9.937198322294007,10.274739,71.65619,0.9317627,0.595307,6.57393,1152
9882-9101,1-523057,0.0305895,0.167,0.167,201.3,15.470310744056036,1,1,2,11.343,11.414,0.149,0.017216,39.445,0.07099999999999973,11.345,11.352,0.014,0.017715,43.576,0.006999999999999673,10.797680858932491,11.1352215,208.7951,0.97068256,0.831381,7.65891,4096
8324-6103,1-576535,0.0273201,0.746,0.746,105.8,4.09551730565528,1,1,2,10.084,10.121,0.081,0.045601,80.829,0.03700000000000081,9.997,10.107,0.223,0.04537,80.829,0.10999999999999943,9.673358253315769,10.010899,79.65535,0.92561275,0.37139,5.44439,4288
11018-1901,1-576554,0.027484054,0.724,0.724,103.0,2.0131494583991527,3,1,2,9.858,9.878,0.044,0.052122,58.56,0.019999999999999574,9.877,9.877,0.0,0.051256,59.194,0.0,9.68352143948061,10.021062,100.865,1.2912635,0.76711637,1.7325472,4288
11939-6104,1-456331,0.024718415,0.727,0.727,78.1,5.388783405915029,1,1,0,9.898,10.053,0.3,0.035125,63.64,0.15500000000000114,9.838,10.04,0.373,0.035571,66.764,0.20199999999999996,9.77718462300469,10.114725,62.024746,0.91549444,0.5939667,5.4807286,1168
8245-3702,1-462966,0.0315154,0.324,0.324,192.3,5.945722758715573,1,1,0,10.831,10.902,0.149,0.019502,86.508,0.07099999999999973,10.832,10.903,0.149,0.025518,86.508,0.07099999999999973,10.482441931885917,10.819983,193.54665,1.2929838,0.691235,4.2653,1040
12514-3701,1-67037,0.080753006,0.4,0.4,234.9,6.216558789823411,1,1,0,11.383,11.488,0.214,0.028777,84.695,0.10500000000000043,11.39,11.488,0.202,0.034709,84.745,0.09799999999999898,11.057102181912315,11.394643,228.7651,0.99967223,0.83943707,5.199422,1040
7979-3704,1-115437,0.0255886,0.546,0.546,102.1,3.8410808463714665,1,1,0,10.026,10.115,0.186,0.027,76.591,0.08900000000000041,10.031,10.113,0.172,0.033872,86.617,0.08199999999999896,9.873172323368996,10.210713,95.82416,1.0782318,0.536705,3.89341,1168
8314-3704,1-248618,0.0321959,0.3,0.3,92.3,5.5749137224091765,1,1,0,10.126,10.129,0.006,0.031874,18.228,0.0030000000000001137,10.192,10.206,0.03,0.027112,18.23,0.013999999999999346,10.295846278055098,10.633387,94.86634,1.020295,0.896224,4.658,1168
9884-12702,1-319977,0.0604235,0.794,0.794,144.6,12.248768555112868,1,1,0,11.4,11.582,0.343,0.032752,31.598,0.18200000000000038,11.31,11.649,0.541,0.031585,31.598,0.33899999999999864,10.790127466096152,11.127668,132.68938,0.83574563,0.806978,9.69428,1040
9884-1901,1-196277,0.132349,0.858,0.858,101.4,3.3950251269183918,1,1,0,10.676,10.751,0.159,0.117421,50.666,0.07499999999999929,10.637,10.747,0.223,0.117375,51.701,0.10999999999999943,10.402859522760341,10.7404,86.09968,0.9036364,0.717652,3.61225,8192
9884-3704,1-196637,0.0291777,0.751,0.751,146.7,4.74382658637901,3,1,0,10.548,10.577,0.065,0.029329,61.579,0.028999999999999915,10.549,10.576,0.06,0.02932,61.622,0.027000000000001023,10.22508432097251,10.562625,130.0614,1.3459166,0.668641,4.16624,1040
9885-12703,1-376116,0.0425377,0.069,0.069,229.5,12.297646470788566,1,1,0,11.378,11.46,0.172,0.018746,77.372,0.08200000000000074,11.385,11.454,0.144,0.037599,86.046,0.06900000000000084,10.914818452044083,11.252359,235.83939,0.8914213,0.703573,11.6602,1040
9885-12705,1-376334,0.0331582,0.857,0.857,143.9,7.316118200369661,3,1,0,10.773,10.773,0.0,0.02638,78.244,0.0,10.774,10.774,0.001,0.024787,78.145,0.0,10.352799742563313,10.69034,94.26576,0.9644594,0.333959,9.56407,1168
9885-1901,1-376102,0.0234261,0.496,0.496,72.1,3.0218142183582573,1,1,0,9.6,9.645,0.099,0.047995,55.524,0.04499999999999993,9.561,9.642,0.17,0.04816,60.304,0.08099999999999952,9.535315644308769,9.872856,70.02138,1.2683227,0.709421,2.72646,1168
9885-3703,1-376346,0.031032,0.694,0.694,141.3,5.7634198028706685,3,1,0,10.641,10.643,0.003,0.037994,64.533,0.002000000000000668,10.628,10.647,0.04,0.036839,65.117,0.019000000000000128,10.260133425622763,10.597674,127.03481,1.0137691,0.624266,5.27836,1168
9885-6103,1-376132,0.0247053,0.784,0.784,71.9,6.305381900952125,1,1,0,9.934,9.938,0.01,0.040825,78.702,0.004000000000001336,9.948,9.948,0.001,0.040842,80.226,0.0,9.597025681164457,9.9345665,47.544174,0.89322406,0.287224,9.28452,1168
9885-6104,1-376330,0.0319695,0.803,0.803,148.4,6.016054401043181,3,1,0,10.67,10.689,0.042,0.031502,70.456,0.019000000000000128,10.631,10.686,0.119,0.029249,70.456,0.054999999999999716,10.325102928593408,10.662643,112.99534,0.98289216,0.452788,6.39345,1168
9885-9101,1-442983,0.0179326,0.588,0.588,61.8,6.803778260286274,1,1,0,8.095,9.676,0.974,0.042757,79.127,1.5809999999999995,9.768,9.768,0.0,0.041524,71.297,0.0,8.880660419323512,9.218201,47.54286,0.866083,0.520678,7.66068,1168
9886-12701,1-441573,0.0229753,0.786,0.786,81.7,10.992868444864088,3,1,0,10.381,10.459,0.164,0.020638,49.579,0.0779999999999994,10.332,10.468,0.267,0.020559,49.699,0.13599999999999923,9.998394489369563,10.335935,53.45994,0.90964913,0.752367,9.38036,1040
9886-12703,1-317062,0.0220258,0.651,0.651,74.3,16.20974832711343,1,1,0,9.144,10.642,0.968,0.026924,51.553,1.4979999999999993,9.662,10.635,0.893,0.026933,51.335,0.972999999999999,9.745844279196783,10.0833845,52.093628,0.889909,0.650275,15.6032,1040
9886-12705,1-633344,0.0320243,0.652,0.652,94.7,16.956155931394374,1,1,0,10.724,10.949,0.404,0.01445,59.491,0.22499999999999964,10.032,10.997,0.892,0.012939,59.787,0.9649999999999999,10.463113245709456,10.800653,73.53781,0.88865036,0.675259,15.3427,1040
9886-3703,1-317100,0.0721469,0.062,0.062,264.2,6.7946173510574015,1,1,0,11.979,12.352,0.576,0.020047,2.578,0.3730000000000011,11.977,12.348,0.575,0.020045,2.578,0.37100000000000044,11.056058295431068,11.393599,266.82565,0.9529489,0.93625,5.19273,1040
9886-3704,1-594081,0.0320656,0.672,0.672,88.7,13.596492310646605,1,1,0,9.144,10.956,0.985,0.013684,53.323,1.8119999999999994,9.159,10.944,0.984,0.012734,53.323,1.7850000000000001,10.22993512821794,10.567475,65.388435,0.89110607,0.733766,12.0576,1168
9886-6101,1-375434,0.0319835,0.336,0.336,251.7,13.292172555152609,1,1,0,11.375,11.443,0.142,0.015057,86.055,0.06799999999999962,11.358,11.44,0.17,0.016974,86.055,0.08199999999999896,11.022865332818903,11.360406,241.76518,0.9680338,0.772161,12.3132,0
9886-6103,1-375678,0.0320599,0.401,0.401,134.7,9.44177481072106,1,1,0,10.903,10.934,0.069,0.023248,26.248,0.030999999999998806,10.855,10.955,0.206,0.023571,25.974,0.09999999999999964,10.545222971492061,10.882764,132.62671,0.90746444,0.959776,6.07419,1040
9886-9102,1-375863,0.032518,0.153,0.153,274.7,11.083932854900388,1,1,0,11.397,11.469,0.148,0.017879,32.163,0.07199999999999918,11.305,11.407,0.202,0.019811,82.799,0.10200000000000031,10.771588950572447,11.10913,282.8704,0.954453,0.928432,6.92356,1040
9887-12701,1-559160,0.0300947,0.806,0.806,114.5,7.926721181588396,1,1,2,10.511,10.571,0.128,0.055131,83.863,0.0600000000000005,10.401,10.552,0.293,0.055178,83.863,0.1509999999999998,9.882025638182817,10.219566,83.8522,0.9232475,0.329571,8.7897,4096
9887-12703,1-297266,0.0737402,0.106,0.106,228.9,7.26867951027509,1,1,2,11.359,11.401,0.089,0.046032,70.193,0.041999999999999815,11.349,11.396,0.101,0.045929,85.581,0.0470000000000006,10.898385070444295,11.235926,231.51263,0.95510626,0.771441,8.83329,4096
9887-3701,1-264482,0.032745,0.699,0.699,97.5,5.642068276213398,1,1,2,10.247,10.412,0.315,0.028087,55.091,0.16500000000000092,10.042,10.382,0.543,0.026978,60.476,0.33999999999999986,10.098581432101271,10.436122,82.03203,0.97823036,0.637031,5.20657,4096
9887-3702,1-264427,0.0307243,0.776,0.776,189.8,4.970148696492121,3,1,0,10.82,10.844,0.054,0.034076,71.94,0.023999999999999133,10.818,10.849,0.067,0.033252,76.854,0.031000000000000583,10.286541793269311,10.624083,152.44066,1.1084256,0.472184,4.86659,1040
9887-3703,1-264944,0.0933031,0.857,0.857,209.1,5.712477397990859,1,1,2,11.505,11.505,0.0,0.032576,52.734,0.0,11.509,11.51,0.0,0.031214,52.763,0.0009999999999994458,10.95890392352182,11.296445,140.78088,0.8724971,0.687198,5.36529,4288
9887-9101,1-264890,0.0901827,0.798,0.798,129.5,9.527385722882329,1,1,2,11.614,11.674,0.128,0.052973,25.748,0.05999999999999872,11.63,11.655,0.055,0.049247,25.748,0.02499999999999858,10.861493189756697,11.199034,126.16645,0.86923474,0.943389,7.23891,4672
9887-9102,1-561335,0.0854333,0.141,0.141,216.2,8.836560458632668,1,1,0,11.408,11.575,0.319,0.024384,44.652,0.16699999999999982,11.394,11.563,0.321,0.024218,48.021,0.16900000000000048,11.049745060332917,11.387285,223.11702,0.93471146,0.909683,7.23801,1040
8088-12705,1-120750,0.0251877,0.641,0.641,117.6,10.210681581843332,1,1,0,10.587,10.653,0.141,0.032207,80.829,0.06600000000000072,10.487,10.648,0.309,0.033028,80.829,0.1609999999999996,9.918258438828088,10.255799,90.97164,0.8847123,0.610191,10.4279,1168
10497-3704,1-412393,0.0163688,0.803,0.803,58.0,3.0879727605764744,1,1,0,9.094,9.303,0.381,0.03597,81.556,0.2090000000000014,9.082,9.3,0.395,0.03597,81.361,0.21799999999999997,9.396061537024025,9.733603,42.61384,1.064284,0.38879,3.88164,1552
8088-9102,1-120803,0.0366396,0.855,0.855,159.5,10.46057269942394,3,1,0,11.122,11.122,0.0,0.021534,73.56,0.0,11.124,11.125,0.0,0.020556,73.476,0.0009999999999994458,10.698599827719796,11.03614,98.75791,0.8744434,0.399183,12.5438,1040
10509-12701,1-278136,0.0252382,0.676,0.676,79.6,9.128173807304508,1,1,0,10.234,10.339,0.215,0.02308,65.697,0.10500000000000043,10.358,10.358,0.0,0.022149,66.007,0.0,9.625025227661869,9.962565,58.70454,0.915557,0.580522,8.69614,1168
10518-6102,1-182818,0.0312445,0.776,0.776,145.6,5.581578151396841,3,1,0,10.623,10.623,0.0,0.028344,72.942,0.0,10.623,10.623,0.001,0.02695,72.652,0.0,10.179813093478614,10.517354,108.65598,1.0501171,0.473521,6.05546,1168
9889-12702,1-633191,0.0337164,0.737,0.737,135.2,7.342417629844088,3,1,2,10.684,10.752,0.143,0.026462,77.906,0.06800000000000139,10.572,10.739,0.32,0.024254,78.04,0.1670000000000016,10.294219247409846,10.63176,108.73399,0.9064832,0.402973,8.56836,4288
9889-1902,1-440292,0.0228218,0.508,0.508,103.5,3.593050277070205,1,1,0,10.057,10.058,0.0,0.04109,86.222,0.0009999999999994458,10.067,10.068,0.0,0.038275,86.222,0.0009999999999994458,9.455160180450747,9.792701,97.71065,1.4064795,0.658052,3.25608,1168
9889-3701,1-440254,0.0346276,0.07,0.07,278.9,12.394981409847873,1,1,0,11.524,11.552,0.058,0.02463,39.215,0.02800000000000047,11.682,11.7,0.038,0.023906,2.92,0.017999999999998906,10.988831754368997,11.326372,278.8711,0.94662976,0.88706,8.58548,0
9889-3702,1-439740,0.0344775,0.624,0.624,184.0,7.855135023955461,3,1,0,11.073,11.155,0.172,0.021874,37.887,0.08199999999999896,11.071,11.165,0.194,0.021805,37.784,0.09399999999999942,10.598688758354292,10.93623,174.98468,1.202604,0.877976,4.07824,1040
9889-3703,1-375532,0.0946412,0.178,0.178,225.7,6.016477806604474,1,1,0,11.562,11.704,0.278,0.026813,19.067,0.14200000000000124,11.558,11.703,0.282,0.026897,19.104,0.14499999999999957,11.10862251997493,11.446163,230.18153,0.93753433,0.950965,4.79985,1040
9889-3704,1-439736,0.0344613,0.72,0.72,165.6,5.0844439032153215,1,1,0,10.736,10.736,0.0,0.032355,72.235,0.0,10.741,10.742,0.0,0.031508,71.818,0.0010000000000012221,10.457173131180747,10.794714,147.33131,1.2144727,0.559214,5.15357,1040
9889-9101,1-439760,0.0341251,0.431,0.431,225.4,7.655264942135249,1,1,0,11.152,11.214,0.131,0.016518,63.755,0.062000000000001165,11.126,11.204,0.164,0.016509,69.518,0.07800000000000118,10.709431942963576,11.046972,214.83943,0.9443445,0.689405,7.1489,1040
9890-12703,1-263718,0.0665664,0.175,0.175,246.2,8.14748059145754,1,1,0,11.417,11.492,0.155,0.030719,85.847,0.07500000000000107,11.431,11.478,0.101,0.055142,85.847,0.0470000000000006,10.88722952506826,11.224771,247.06042,0.9710932,0.689429,10.2755,1040
9890-1901,1-316277,0.0357122,0.462,0.462,85.8,4.378065536059205,1,1,0,10.007,10.08,0.155,0.034525,42.497,0.0730000000000004,10.004,10.099,0.195,0.032362,49.098,0.09500000000000064,10.38590463684111,10.723445,84.864365,2.2641513,0.849395,3.50303,1040
9890-3701,1-315494,0.113946,0.074,0.074,290.8,5.728016459777949,1,1,2,11.764,11.804,0.085,0.045505,36.231,0.040000000000000924,11.758,11.797,0.084,0.046128,39.642,0.03900000000000148,11.164132678120582,11.501674,297.0834,1.0587645,0.901477,4.67316,4112
9890-3702,1-315462,0.055675,0.337,0.337,332.9,6.610777138283916,1,1,0,11.625,11.667,0.088,0.003171,85.23,0.041999999999999815,11.624,11.667,0.088,0.004193,85.23,0.04299999999999926,11.092864450224544,11.430405,329.60382,1.1515846,0.852203,4.60499,1024
9890-6101,1-263694,0.055455,0.366,0.366,188.0,7.41266566640729,1,1,0,11.347,11.348,0.0,0.036269,34.998,0.0010000000000012221,11.288,11.289,0.0,0.033621,43.955,0.0009999999999994458,10.83311968863477,11.17066,187.4698,0.9709599,0.977645,6.6572,1040
9890-9102,1-632854,0.0657099,0.054,0.054,246.7,10.85253839067585,1,1,0,11.578,11.683,0.213,0.020228,39.215,0.10500000000000043,11.579,11.686,0.217,0.020362,14.767,0.10699999999999932,11.109322011318243,11.446862,255.42125,0.9060745,0.727508,7.69901,1024
10223-3703,1-36098,0.0248072,0.742,0.742,99.5,5.66443114365344,1,1,0,10.42,10.598,0.336,0.025255,31.736,0.17800000000000082,10.422,10.574,0.296,0.025274,31.826,0.15199999999999925,9.912188034579467,10.249728,88.61273,0.96440434,0.752341,4.39646,1168
8240-12703,1-123171,0.111426,0.053,0.053,256.0,8.905923474290512,1,1,2,11.754,11.823,0.147,0.031153,86.357,0.06900000000000084,11.775,11.815,0.087,0.091141,86.357,0.03999999999999915,11.308651903881959,11.646193,260.22208,0.87614435,0.619218,8.068,4096
7993-1902,1-603309,0.0265066,0.071,0.071,83.8,5.691759093971824,1,1,0,10.062,10.108,0.1,0.033129,80.043,0.04600000000000115,10.115,10.115,0.0,0.029729,35.721,0.0,10.136263842372887,10.473804,84.801186,1.7993097,0.987148,3.07179,1552
10496-6101,1-154273,0.0273789,0.703,0.703,122.9,6.373415610411309,1,1,0,10.484,10.484,0.0,0.035342,86.789,0.0,10.479,10.479,0.0,0.034721,86.789,0.0,9.684259027392569,10.0218,101.61331,0.9708451,0.400542,7.68998,1168
10506-6101,1-300672,0.0240251,0.709,0.709,85.0,7.898927984515403,1,1,0,10.162,10.507,0.548,0.023594,41.059,0.34499999999999886,9.992,10.566,0.733,0.022211,41.059,0.5739999999999998,10.00471249264023,10.342253,72.70939,0.93482214,0.868232,6.43741,1552
11836-12704,1-1186,0.021477269,0.815,0.815,83.7,7.514359866244861,3,1,0,10.001,10.077,0.16,0.036521,79.342,0.07600000000000051,9.629,10.028,0.601,0.036197,79.886,0.3990000000000009,9.602019404612184,9.93956,49.786816,0.88994545,0.29228926,12.309506,1040
10515-1902,1-78291,0.024034,0.702,0.702,141.9,4.227622282975343,3,1,0,10.415,10.436,0.047,0.035265,54.845,0.021000000000000796,10.352,10.452,0.205,0.042543,55.583,0.09999999999999964,10.077404246398098,10.414945,125.63315,1.1963335,0.692409,3.75661,1040
9892-3701,1-295463,0.0632161,0.285,0.285,203.3,6.102743135341805,1,1,0,11.16,11.232,0.152,0.025225,47.03,0.07199999999999918,11.207,11.219,0.025,0.022957,60.131,0.011999999999998678,11.008719373494715,11.34626,203.6551,0.9934443,0.87502,4.72048,1040
9893-12703,1-324658,0.0372185,0.735,0.735,158.7,7.544358325962072,1,1,0,10.885,10.895,0.023,0.026123,66.565,0.009999999999999787,10.858,10.895,0.079,0.028725,67.342,0.036999999999999034,10.514647350065127,10.852188,135.47665,0.91523457,0.433482,9.11834,1552
9893-3701,1-324619,0.0308062,0.702,0.702,87.3,4.275700560457088,1,1,2,10.092,10.092,0.0,0.040521,79.048,0.0,9.906,10.049,0.28,0.037691,86.688,0.1429999999999989,9.837498792622883,10.175039,73.777916,0.9568541,0.485322,5.01674,4672
9893-3703,1-326103,0.0375402,0.497,0.497,276.2,5.2903187225310475,1,1,0,11.211,11.26,0.103,0.022127,72.954,0.04899999999999949,11.172,11.247,0.153,0.023663,86.636,0.07499999999999929,10.707739603048942,11.04528,270.73117,1.4392468,0.630998,4.4911,1040
9893-3704,1-325913,0.0313472,0.575,0.575,108.6,6.9603823867149845,1,1,2,10.528,10.533,0.012,0.027676,59.7,0.004999999999999005,10.47,10.534,0.138,0.027224,60.214,0.06400000000000006,10.213637271141508,10.551178,101.843864,0.96979713,0.694682,5.12011,4224
9893-6103,1-324635,0.0389033,0.758,0.758,151.6,6.548962807852087,3,1,0,10.729,10.847,0.237,0.018649,73.9,0.11800000000000033,10.687,10.836,0.291,0.022714,76.233,0.1490000000000009,10.56929313035299,10.906834,125.199844,0.9328358,0.474779,7.12534,1040
9893-9101,1-324738,0.0478243,0.065,0.065,230.4,9.351104084397438,1,1,0,11.416,11.655,0.422,0.019572,2.872,0.238999999999999,11.419,11.661,0.426,0.019572,2.859,0.2419999999999991,10.815062797550057,11.152603,233.56996,0.87795925,0.822047,7.51834,1040
9894-12703,1-294633,0.0320091,0.717,0.717,107.2,5.141400648402039,1,1,2,10.324,10.325,0.001,0.032751,78.933,0.0009999999999994458,10.285,10.314,0.065,0.032511,79.831,0.028999999999999915,10.029696194960756,10.367237,87.823814,0.98647654,0.377588,6.20554,4608
9894-12705,1-294344,0.0230433,0.797,0.797,77.7,7.085651745530592,1,1,0,9.606,9.914,0.507,0.029185,78.356,0.30799999999999983,9.971,9.971,0.0,0.029669,79.886,0.0,9.526107850524355,9.863648,46.500927,0.89002526,0.331655,10.0264,1168
9894-1901,1-294387,0.0310165,0.634,0.634,223.5,3.4862444734957414,1,1,0,10.826,10.828,0.0,0.039633,82.573,0.0019999999999988916,10.815,10.825,0.021,0.038112,86.749,0.009999999999999787,10.348937342660843,10.686478,210.71233,1.6285791,0.553874,3.44828,1168
9894-3701,1-294356,0.0232843,0.763,0.763,142.0,5.515109300495621,3,1,0,10.5,10.5,0.0,0.031011,81.335,0.0,10.499,10.499,0.0,0.030525,80.663,0.0,10.129351474618957,10.466892,112.13916,1.3119605,0.477112,4.6623,1040
9894-6104,1-294374,0.0353909,0.74,0.74,111.9,6.912882751590808,1,1,0,10.682,10.768,0.18,0.025304,36.955,0.0860000000000003,10.49,10.792,0.5,0.027912,37.167,0.3019999999999996,10.33770080161468,10.675241,87.12809,0.9412429,0.773976,5.98559,1168
10493-1901,1-352045,0.0315512,0.221,0.221,163.7,4.39954535697664,1,1,2,10.701,10.749,0.103,0.044075,26.979,0.04800000000000004,10.694,10.747,0.115,0.044123,26.961,0.05299999999999905,10.145466784494186,10.483007,165.77214,1.2111708,0.93221,3.14592,4224
11939-3702,1-456742,0.02770373,0.69,0.69,63.5,4.226876173464526,1,1,2,9.506,9.739,0.415,0.04991,74.288,0.23300000000000054,9.722,9.768,0.099,0.051863,83.686,0.04600000000000115,9.535824749237156,9.873365,51.4261,0.8858508,0.4969082,4.7744794,4672
8096-1902,1-42285,0.017813,0.197,0.197,66.7,7.321785594979159,1,1,0,9.737,9.832,0.197,0.042978,82.799,0.09500000000000064,9.779,9.823,0.095,0.044813,82.799,0.04400000000000048,9.352992445447029,9.690533,66.01851,0.97336984,0.893616,2.94571,1552
10510-9101,1-188593,0.0199395,0.648,0.648,69.4,5.108815437615156,1,1,0,9.298,9.633,0.537,0.067805,82.581,0.3349999999999991,8.921,9.6,0.791,0.067354,86.789,0.6790000000000003,8.872961739138402,9.210503,48.961758,0.83956325,0.309261,7.58587,1168
10512-12702,1-605611,0.0266743,0.617,0.617,117.6,9.723969552941956,1,1,0,10.795,11.048,0.442,0.011154,25.834,0.2530000000000001,10.758,11.039,0.477,0.011269,25.92,0.2810000000000006,10.292787535198329,10.630328,111.61593,0.8878839,0.650518,9.5693,1088
10500-6104,1-300493,0.117511,0.779,0.779,132.5,7.189417012931679,1,1,2,11.35,11.473,0.246,0.049473,41.103,0.12300000000000111,11.305,11.512,0.378,0.050571,41.103,0.20700000000000074,10.819374132689859,11.156915,103.016884,0.8797367,0.803301,6.08398,4160
10497-9101,1-412264,0.104962,0.124,0.124,287.1,10.21257198777971,1,1,0,11.921,11.932,0.023,0.052379,85.23,0.011000000000001009,11.924,11.932,0.016,0.05481,85.23,0.008000000000000895,11.205748245134005,11.543289,307.84775,0.91891944,0.742539,6.91479,1040
12622-1902,1-420769,0.024402563,0.645,0.645,100.7,2.9712337495047922,1,1,0,10.028,10.161,0.264,0.036008,31.598,0.13299999999999912,10.025,10.166,0.277,0.035837,31.638,0.14100000000000001,9.595165800878625,9.932707,100.33209,1.3959043,0.7640088,2.5253625,1168
11949-12701,1-211790,0.030989692,0.814,0.814,113.9,13.60986170442152,3,1,0,10.899,10.949,0.109,0.020922,68.657,0.05000000000000071,10.939,10.948,0.02,0.020766,68.463,0.009000000000000341,10.382318853436821,10.719859,69.930435,0.8876474,0.4992527,14.03686,1040
7959-6102,1-177358,0.030814,0.28,0.28,105.3,10.867243417948114,1,1,0,10.663,10.663,0.0,0.024199,18.631,0.0,10.683,10.684,0.0,0.021614,18.69,0.0009999999999994458,10.626471765211086,10.964012,106.96932,0.9609487,0.803545,8.30375,1040
12772-9101,1-33215,0.018487357,0.804,0.804,72.7,5.36113311702556,1,1,0,9.778,9.778,0.0,0.134706,77.705,0.0,9.519,9.725,0.378,0.126565,77.384,0.20599999999999952,9.271817963551635,9.609359,55.5431,0.86309797,0.34591565,6.958997,1168
11965-9102,1-335448,0.0323387,0.784,0.784,103.5,9.457965324312337,1,1,0,10.464,10.555,0.189,0.024787,72.429,0.0909999999999993,10.266,10.541,0.468,0.028422,72.475,0.27500000000000036,10.298358047860997,10.635899,77.37972,0.9018776,0.5403465,10.138624,1552
12621-3703,1-591979,0.033943534,0.691,0.691,162.1,5.299023678961307,1,1,0,10.641,10.707,0.139,0.018785,66.436,0.06600000000000072,10.59,10.695,0.214,0.018605,64.182,0.10500000000000043,10.503498940687471,10.84104,153.35399,1.2050517,0.73801464,4.366344,1040
11015-3702,1-456492,0.022773592,0.768,0.768,71.3,2.6787652500731802,1,1,0,9.595,9.641,0.101,0.047604,59.946,0.045999999999999375,9.548,9.631,0.174,0.048005,59.646,0.08300000000000018,9.483473495479547,9.821014,61.620113,1.0644145,0.6257094,2.593906,1168
12620-12703,1-419266,0.016636044,0.717,0.717,64.9,10.2102925235383,1,1,2,9.877,9.877,0.0,0.030911,77.381,0.0,9.676,9.842,0.317,0.030165,79.61,0.16600000000000037,9.868316078167421,10.205856,50.736755,0.88112134,0.2231122,21.899239,4160
11976-3701,1-444980,0.03940029,0.158,0.158,110.5,7.181264777262816,1,1,0,10.489,10.528,0.087,0.02822,39.215,0.0389999999999997,10.652,10.723,0.149,0.028064,2.838,0.0710000000000015,10.56835751393872,10.905898,115.23292,1.3580893,0.7904224,4.2480516,1040
12620-3702,1-625510,0.06091387,0.438,0.438,246.1,8.31562326640935,1,1,0,11.572,11.573,0.002,0.057542,39.296,0.0010000000000012221,11.515,11.571,0.12,0.055102,41.584,0.05599999999999916,10.936526811329166,11.274068,251.43718,0.87066835,0.8352222,6.7394586,1040
12652-6102,1-270492,0.04603706,0.217,0.217,216.6,9.644187026958708,1,1,0,11.348,11.348,0.0,0.033973,54.062,0.0,11.331,11.356,0.055,0.033547,52.618,0.025000000000000355,10.836161243731665,11.173702,226.00934,0.9481088,0.8655569,5.997075,1040
12667-9102,1-211545,0.03208494,0.546,0.546,173.5,8.649221935492289,3,1,0,10.994,11.02,0.055,0.023714,57.328,0.0259999999999998,10.98,11.012,0.07,0.027186,59.419,0.03200000000000003,10.58796495861434,10.925506,168.79274,0.9335393,0.6340265,7.5997477,1040
12674-1902,1-594491,0.03396355,0.578,0.578,259.2,4.003128115222616,1,1,0,10.959,11.007,0.1,0.030765,69.133,0.04800000000000004,10.949,11.0,0.105,0.029961,86.357,0.051000000000000156,10.5067633810586,10.844304,253.68826,1.437525,0.8376072,3.2837095,1040
12685-9101,1-98401,0.03449732,0.805,0.805,168.9,4.741201176995279,1,1,2,10.673,10.674,0.0,0.030808,82.556,0.0009999999999994458,10.681,10.683,0.003,0.028504,86.789,0.002000000000000668,10.291682912067166,10.629224,136.84232,1.3484186,0.4055731,5.6482654,4240
11950-3703,1-250251,0.032152046,0.576,0.576,197.7,4.637028563437478,1,1,0,10.875,10.876,0.0,0.063343,63.759,0.0009999999999994458,10.87,10.871,0.001,0.057226,61.97,0.0010000000000012221,10.300921842872405,10.638462,192.46768,0.9603195,0.68814427,3.8901234,1168
12684-3703,1-98388,0.082225636,0.152,0.152,260.0,5.612183548294275,1,1,0,11.515,11.67,0.299,0.026004,23.627,0.15499999999999936,11.593,11.658,0.138,0.025526,23.733,0.0649999999999995,11.032492241062325,11.370033,262.41437,0.93617904,0.8897038,4.9285574,1040
12673-6102,1-210385,0.033317678,0.68,0.68,119.1,8.603806882737679,1,1,0,10.737,10.96,0.402,0.037047,31.64,0.22300000000000075,10.613,11.044,0.629,0.033257,31.643,0.43100000000000094,10.421828155753524,10.759369,119.78587,0.96882725,0.9696953,6.5040197,1040
11947-3701,1-564538,0.09950381,0.083,0.083,262.7,7.163349761449243,1,1,0,12.104,12.535,0.629,0.043603,2.574,0.43100000000000094,12.077,12.494,0.616,0.043603,2.577,0.4169999999999998,11.111962064920522,11.449503,264.20694,1.0129454,0.849034,5.1224346,1040
11981-12704,1-594878,0.03141178,0.821,0.821,117.8,9.49802150280189,3,1,0,10.508,10.764,0.445,0.01545,56.158,0.2560000000000002,10.16,10.759,0.748,0.014857,56.168,0.5990000000000002,10.391464623431979,10.729005,79.55546,0.9031975,0.6703122,8.7073,1040
12624-9102,1-406086,0.044902008,0.499,0.499,201.8,7.91369161549381,1,1,0,11.194,11.236,0.091,0.033309,86.56,0.041999999999999815,11.167,11.226,0.125,0.040951,86.56,0.05900000000000105,10.63669941545476,10.97424,190.4889,0.8954417,0.62691706,7.2022686,1040
11940-6104,1-594544,0.03126501,0.777,0.777,131.5,6.491728144154494,1,1,0,10.679,10.68,0.002,0.028225,62.858,0.0009999999999994458,10.464,10.668,0.375,0.03457,63.514,0.20399999999999885,10.288290148407109,10.625831,104.84387,0.96614224,0.66653275,5.9045153,1168
12090-6104,1-570537,0.04045266,0.25,0.25,217.3,9.579737132519055,2,1,0,11.327,11.344,0.036,0.034006,10.795,0.01699999999999946,11.349,11.35,0.0,0.033558,9.508,0.0009999999999994458,10.705425888682221,11.042967,224.50395,0.92839265,0.9718017,5.762555,1040
12620-12704,1-421066,0.024348957,0.768,0.768,89.0,13.677156996470538,1,1,0,10.564,10.564,0.0,0.024014,62.591,0.0,10.507,10.582,0.158,0.024194,62.861,0.07500000000000107,9.850513782734794,10.188054,58.63968,0.86831737,0.54616714,14.380154,1040
11015-12702,1-456879,0.023075432,0.476,0.476,136.4,23.05848478817331,1,1,0,10.821,10.87,0.107,0.031451,86.56,0.04899999999999949,10.816,10.872,0.121,0.031675,86.56,0.05599999999999916,9.896357537386525,10.233898,125.822556,1.22578,0.60002077,3.3519437,1040
12651-9102,1-325088,0.04436938,0.107,0.107,193.0,9.363760851500842,1,1,0,11.185,11.243,0.124,0.023234,80.043,0.05799999999999983,11.271,11.272,0.0,0.020385,26.565,0.0009999999999994458,10.914877576394634,11.2524185,196.19794,0.8986356,0.9276332,6.882425,1040
11949-3703,1-176444,0.030252442,0.179,0.179,168.8,9.432619322123296,1,1,0,10.919,10.919,0.0,0.035717,49.301,0.0,10.889,10.9,0.025,0.036908,57.243,0.011000000000001009,10.330037519507595,10.667578,173.34401,0.9076249,0.77743036,6.5312076,1040
12089-1901,1-118202,0.042118464,0.722,0.722,103.0,6.865510877196338,1,1,0,10.81,10.81,0.0,0.041681,41.165,0.0,10.806,10.806,0.0,0.042291,41.189,0.0,10.253310861072721,10.590852,80.67674,0.8861449,0.92537725,5.443651,0
12085-6103,1-117014,0.02706228,0.872,0.872,142.6,4.7722794884843704,3,1,0,10.429,10.495,0.141,0.026188,71.943,0.06599999999999895,10.504,10.511,0.017,0.021676,71.937,0.006999999999999673,10.193199062338202,10.53074,95.980484,0.9807834,0.45833373,5.3884196,1168
12620-12702,1-575229,0.06087116,0.57,0.57,164.9,10.286344929723201,1,1,0,11.579,11.588,0.021,0.021914,26.058,0.008999999999998565,11.57,11.57,0.001,0.021446,26.102,0.0,11.02940127087698,11.366941,153.3673,0.84895486,0.87589896,9.264988,1040
11976-6101,1-546482,0.035453167,0.786,0.786,99.9,3.7718094341446515,1,1,0,10.052,10.201,0.291,0.039569,60.691,0.1490000000000009,10.057,10.202,0.285,0.039298,61.459,0.14499999999999957,9.924979021903425,10.26252,89.29596,1.1841403,0.6104515,3.2068636,0
11948-12705,1-249704,0.09777598,0.1,0.1,284.2,6.10345082029252,1,1,0,11.672,11.712,0.085,0.041971,86.055,0.03999999999999915,11.679,11.712,0.071,0.067755,86.055,0.032999999999999474,11.180809393837293,11.51835,285.863,1.0123377,0.7435483,8.514633,1040
12673-9102,1-135104,0.028275568,0.461,0.461,65.5,8.334578280688117,1,1,2,10.668,10.728,0.128,0.054617,2.578,0.0600000000000005,10.649,10.662,0.029,0.053998,2.581,0.013000000000001677,9.946103559521289,10.283644,74.42504,0.91155386,0.7576595,7.196799,4288
12489-12705,1-140345,0.022431446,0.811,0.811,115.3,8.806816398914524,1,1,0,10.011,10.416,0.606,0.031055,79.712,0.40500000000000114,9.696,10.395,0.8,0.030855,79.249,0.6989999999999998,9.890269464388508,10.22781,69.98398,0.87965465,0.398511,10.792935,1552
11947-6102,1-135927,0.061029173,0.812,0.812,115.5,8.587939389564749,1,1,0,10.909,10.943,0.075,0.049282,56.158,0.03399999999999892,10.741,10.975,0.417,0.053269,56.222,0.23399999999999999,10.439134246986082,10.776675,77.79008,0.9074626,0.67217857,8.438379,0
12700-3702,1-120162,0.021410512,0.5,0.5,95.1,5.103740198897196,1,1,0,9.929,10.12,0.354,0.043658,63.541,0.19099999999999895,9.804,10.111,0.507,0.043685,64.113,0.3070000000000004,9.660141081670345,9.997682,84.28798,0.8622048,0.6013449,4.966136,1168
11015-12701,1-457162,0.025981246,0.388,0.388,48.9,5.827231123888371,1,1,2,9.467,9.841,0.577,0.114534,42.069,0.3739999999999988,9.663,9.78,0.237,0.112141,42.426,0.1169999999999991,9.364225086576754,9.701766,41.53138,0.90166426,0.8175194,7.922263,4672
11968-9102,1-632201,0.033416502,0.826,0.826,113.1,6.940788038569136,1,1,2,10.356,10.534,0.337,0.021257,81.619,0.17800000000000082,10.112,10.488,0.579,0.018154,81.619,0.37599999999999945,10.248903352915839,10.586444,83.04658,0.92284685,0.52127594,7.613293,4288
11981-6101,1-293932,0.03326994,0.678,0.678,67.7,5.416514388248401,1,1,2,9.79,10.281,0.677,0.02829,37.846,0.49100000000000144,9.171,10.295,0.925,0.027987,37.89,1.1240000000000006,9.517986544204065,9.855527,53.47011,0.9430324,0.7565757,5.4531264,4096
11981-3703,1-294015,0.047107648,0.659,0.659,80.2,2.2752027355136244,1,1,0,9.898,9.939,0.089,0.071193,65.632,0.04100000000000037,9.946,9.947,0.0,0.069803,66.438,0.0009999999999994458,9.807160168963417,10.144701,76.51965,1.0961744,0.6905084,2.0959957,0
12090-6103,1-598278,0.042182494,0.066,0.066,199.6,9.155938512432467,1,1,0,11.17,11.255,0.177,0.029898,84.023,0.08500000000000085,11.187,11.254,0.141,0.029749,84.023,0.06700000000000017,10.626562078167861,10.964103,207.06561,1.054038,0.97890234,3.7864623,1040
12683-12704,1-212811,0.01905627,0.619,0.619,66.6,13.443544150116443,1,1,0,9.667,10.212,0.715,0.075141,66.118,0.5449999999999999,8.89,10.218,0.953,0.074566,64.675,1.3279999999999994,9.365762533192932,9.703303,48.24443,0.8684105,0.47197098,15.996225,1040
12673-3703,1-135159,0.033288185,0.714,0.714,189.6,5.215372540174856,1,1,0,10.845,10.846,0.0,0.036257,63.463,0.0009999999999994458,10.822,10.848,0.056,0.034441,63.912,0.026000000000001577,10.393093316601327,10.730634,173.10321,1.038015,0.6115507,4.8986497,1168
12673-6103,1-135573,0.028612155,0.663,0.663,61.6,4.630189778357022,1,1,2,9.68,9.82,0.275,0.105274,60.434,0.14000000000000057,9.778,9.817,0.086,0.104242,60.439,0.0389999999999997,9.56972625924255,9.907267,48.601357,0.8841256,0.5809124,5.2146053,4672
12620-6102,1-401566,0.02284633,0.657,0.657,73.0,6.266064723538841,1,1,0,9.9,9.984,0.175,0.038933,70.101,0.08399999999999963,9.997,9.997,0.0,0.038519,70.246,0.0,9.217681490107443,9.5552225,53.961494,0.9104172,0.49684006,6.6246386,1168
12089-12702,1-117882,0.031062173,0.709,0.709,90.5,8.768725280777126,1,1,0,10.245,10.573,0.53,0.027753,51.706,0.3280000000000012,10.251,10.574,0.524,0.027747,51.673,0.3230000000000004,10.124546771871625,10.462088,66.06625,0.8717488,0.7481776,8.4471445,1168
12621-1902,1-415883,0.025768457,0.56,0.56,64.9,4.2817236128144165,1,1,2,9.841,9.883,0.092,0.043821,50.595,0.041999999999999815,9.87,9.881,0.025,0.043767,50.402,0.011000000000001009,9.53435450912686,9.871895,59.586487,0.961752,0.82398134,3.659064,4240
12622-12702,41-281,0.016184423,0.059,0.059,184.8,18.58783243736602,1,1,0,11.077,11.1,0.052,0.015932,39.215,0.022999999999999687,11.127,11.208,0.17,0.01606,3.257,0.08099999999999952,,-9999.0,192.50401,2.1317482,-9999.0,-9999.0,0
12679-9102,1-97179,0.065012656,0.857,0.857,159.8,8.64480890688435,1,1,2,11.261,11.261,0.0,0.039869,63.012,0.0,11.02,11.233,0.387,0.038692,62.83,0.21300000000000097,10.669042034933282,11.006582,129.60635,0.9417892,0.75870156,8.068982,4096
12495-3704,1-61841,0.068140395,0.234,0.234,248.5,6.954649557098723,1,1,0,11.438,11.537,0.202,0.06203,34.928,0.0990000000000002,11.428,11.524,0.196,0.06194,37.073,0.09599999999999831,10.961434953297626,11.298976,264.97562,0.94452894,0.8822632,4.9958673,1040
11949-1902,1-176448,0.029111715,0.722,0.722,85.7,3.8899509239015395,1,1,2,9.976,10.024,0.106,0.051121,62.735,0.047999999999998266,9.918,10.023,0.215,0.047201,62.592,0.10500000000000043,9.821419388312375,10.15896,77.02448,1.033602,0.644754,3.7631695,4096
11940-12701,1-249021,0.030959638,0.688,0.688,156.7,18.292151032850082,1,1,2,11.059,11.06,0.0,0.019825,61.319,0.0010000000000012221,11.099,11.126,0.059,0.014099,64.87,0.026999999999999247,10.788631984055833,11.126173,139.7666,0.9252524,0.6835621,15.93905,4160
12489-12703,1-617758,0.022706479,0.814,0.814,83.1,9.568286248117877,3,1,2,10.368,10.458,0.187,0.022862,49.066,0.08999999999999986,10.44,10.447,0.015,0.022632,49.103,0.006999999999999673,9.945015293832798,10.282556,54.665356,0.85157764,0.7359278,8.434977,4112
11015-6101,1-456563,0.023269173,0.251,0.251,56.6,3.4063610456409994,1,1,0,9.511,9.511,0.0,0.063726,54.088,0.0,9.489,9.489,0.0,0.061908,85.23,0.0,9.316928867911567,9.6544695,57.438377,0.96050453,0.83157206,2.8453524,1168
12667-6101,1-249009,0.034140583,0.775,0.775,128.8,5.807615789790496,3,1,0,10.495,10.605,0.224,0.025575,62.87,0.11000000000000121,10.46,10.606,0.285,0.025211,62.974,0.14599999999999902,10.278693024076867,10.616234,100.368614,1.0364872,0.5467015,5.8696637,1168
12683-6104,1-212471,0.08834911,0.066,0.066,255.2,9.60708764411985,1,1,0,11.762,11.763,0.0,0.054895,71.075,0.0009999999999994458,11.756,11.757,0.0,0.062859,85.23,0.0009999999999994458,11.150363954996969,11.487905,268.34497,0.94219583,0.7856173,6.707069,1040
11947-1902,1-135970,0.030376846,0.64,0.64,196.4,4.542463200895001,1,1,0,10.717,10.8,0.173,0.017817,86.749,0.08300000000000018,10.688,10.791,0.209,0.017931,86.749,0.10299999999999976,10.404273303395676,10.741814,184.63281,1.5819147,0.56230503,3.3869138,1040
12682-3702,1-98304,0.02795711,0.755,0.755,134.0,4.6573057729457465,3,1,0,10.432,10.436,0.008,0.04639,48.262,0.0039999999999995595,10.428,10.431,0.004,0.045719,48.341,0.0029999999999983373,9.96704014454751,10.304581,125.961174,1.0508661,0.78965485,3.8663023,1168
11976-6103,1-446231,0.030429803,0.309,0.309,289.7,12.409238033386039,1,1,0,11.42,11.422,0.0,0.035351,65.371,0.002000000000000668,11.414,11.416,0.0,0.041911,86.357,0.002000000000000668,10.684841503225885,11.022382,279.01282,0.95564264,0.7811115,5.423384,1040
12679-1901,1-96916,0.1255016,0.062,0.062,264.2,3.45778818902671,1,1,0,11.478,11.536,0.124,0.02278,21.646,0.05799999999999983,11.532,11.533,0.0,0.022467,21.055,0.0009999999999994458,11.260545822162445,11.598086,267.62314,1.0899794,0.5211729,11.518214,1024
11949-3702,1-135971,0.029725745,0.801,0.801,112.0,4.737484997073484,1,1,2,10.296,10.296,0.0,0.045424,79.102,0.0,10.238,10.285,0.103,0.041297,80.561,0.0470000000000006,9.958162130334484,10.295703,80.32489,0.9388229,0.30993608,6.51107,4288
7959-12705,1-178084,0.0305292,0.75,0.75,100.5,14.908714760550787,1,1,0,10.832,10.832,0.0,0.021083,57.057,0.0,10.819,10.82,0.001,0.019685,57.245,0.0009999999999994458,10.418915830566466,10.756456,77.82867,0.9062835,0.611468,14.4309,1040
12674-12703,1-210719,0.03303058,0.808,0.808,127.6,10.999460939043647,1,1,0,10.814,10.96,0.285,0.021266,45.295,0.1460000000000008,10.728,10.97,0.427,0.022274,45.306,0.24200000000000088,10.616260676668574,10.953801,94.28268,0.88771737,0.8356481,8.913908,1040
11015-3703,1-404136,0.021913664,0.704,0.704,58.2,2.5974762277823262,1,1,0,9.385,9.408,0.051,0.06099,86.525,0.022999999999999687,9.418,9.418,0.0,0.061759,86.525,0.0,8.820794021417791,9.158335,51.099068,0.8876661,0.51127166,3.2219007,1168
12621-6103,1-415931,0.026070837,0.858,0.858,118.0,5.220962028660596,1,1,0,10.329,10.345,0.035,0.030133,66.077,0.016000000000000014,10.316,10.349,0.072,0.02937,66.181,0.032999999999999474,9.902551491845568,10.240092,84.35765,1.0553491,0.52220935,5.3877087,1168
12675-12704,1-211400,0.022034703,0.838,0.838,91.7,7.937632411743817,3,1,0,9.912,10.224,0.512,0.029863,75.484,0.3119999999999994,9.853,10.225,0.575,0.029878,76.064,0.3719999999999999,9.695188209686316,10.032729,51.427475,0.87494946,0.3359223,9.505685,1168
12089-3704,1-118358,0.04447515,0.354,0.354,249.2,5.221588886304191,3,1,2,11.179,11.195,0.031,0.039043,85.847,0.016000000000000014,11.176,11.195,0.039,0.039041,84.459,0.019000000000000128,10.662423787437408,10.999965,250.8875,1.06663,0.7538751,4.144126,4112
12674-1901,1-594481,0.029874045,0.688,0.688,229.3,4.952655178976927,3,1,0,10.939,10.941,0.0,0.041834,77.358,0.002000000000000668,10.938,10.941,0.005,0.04162,75.991,0.0030000000000001137,10.200697866537173,10.538239,224.16245,1.5048591,0.6957361,2.7886872,1168
12683-12703,1-635755,0.060081657,0.635,0.635,98.6,11.80385659063036,3,1,0,11.53,11.593,0.135,0.045444,17.297,0.06300000000000061,11.53,11.59,0.128,0.045395,17.297,0.0600000000000005,10.896747717317023,11.234288,122.35792,0.8654587,0.95347583,10.370534,1040
11947-6103,1-136047,0.030008763,0.842,0.842,127.5,6.824129648614439,1,1,0,10.488,10.594,0.217,0.030164,62.716,0.10599999999999987,10.605,10.619,0.032,0.024449,62.785,0.013999999999999346,10.131105386883778,10.468646,94.31937,0.87636185,0.66854817,6.239507,1168
7959-3703,1-177495,0.0304561,0.721,0.721,167.2,5.247344839460667,3,1,0,10.658,10.705,0.102,0.029176,57.278,0.0470000000000006,10.638,10.712,0.156,0.029753,57.618,0.07399999999999984,10.261120063568901,10.59866,159.05524,1.3014147,0.685413,3.56745,1040
8654-9102,1-29707,0.0218689,0.773,0.773,71.8,5.693437364826417,1,1,0,9.811,9.861,0.11,0.033106,86.789,0.05000000000000071,9.882,9.882,0.001,0.032383,86.789,0.0,9.314707588810144,9.652248,49.462982,0.89699966,0.324416,7.69093,1168
12682-9101,1-635686,0.08791429,0.087,0.087,198.2,6.127294934262817,1,1,0,11.526,11.569,0.093,0.055292,2.734,0.04300000000000104,11.525,11.567,0.092,0.055292,2.736,0.041999999999999815,11.022267409065364,11.359808,209.9226,0.92609346,0.7221871,7.07156,1040
12684-6103,1-212911,0.09040791,0.06,0.06,267.2,5.911254575050663,1,1,0,11.555,11.583,0.06,0.039248,71.49,0.02800000000000047,11.562,11.578,0.034,0.058444,86.357,0.016000000000000014,11.200924250784087,11.538465,273.4372,1.0450361,0.8289179,6.4731436,1024
12489-3703,1-139814,0.020202305,0.201,0.201,69.6,6.70164190572309,1,1,2,10.287,10.287,0.0,0.029415,25.807,0.0,10.236,10.34,0.214,0.02922,25.796,0.1039999999999992,9.856431100282348,10.193972,68.03303,0.91495967,0.91290617,5.1686954,4160
12088-9102,1-118418,0.025522824,0.639,0.639,146.0,9.046444683433915,1,1,0,10.746,10.978,0.414,0.019358,52.711,0.23199999999999932,10.688,11.01,0.523,0.019011,52.692,0.3219999999999992,10.437119537548401,10.77466,131.13794,0.9213471,0.88092905,7.2736483,1024
11969-12702,1-364167,0.04238719,0.742,0.742,193.4,10.61076082207628,3,1,0,11.368,11.395,0.06,0.023174,49.436,0.026999999999999247,11.369,11.392,0.052,0.023134,49.467,0.022999999999999687,10.804695307446934,11.142236,148.76915,0.9043036,0.7303892,9.434728,1040
11947-12703,1-136027,0.023192333,0.867,0.867,129.0,6.660999646176816,3,1,0,10.347,10.448,0.207,0.022603,80.919,0.10100000000000087,10.408,10.469,0.131,0.021694,80.86,0.06099999999999994,10.065255684132449,10.402797,78.72699,0.99307746,0.39745584,8.555875,1040
11947-3702,1-211368,0.030153016,0.665,0.665,131.3,5.907502092022554,1,1,0,10.537,10.655,0.238,0.021547,45.733,0.11799999999999855,10.528,10.655,0.252,0.02111,46.112,0.1269999999999989,10.47830220254849,10.815843,118.35709,1.0962324,0.7452094,4.916125,1040
12674-3704,1-210780,0.026027068,0.762,0.762,94.2,4.554754937151669,3,1,2,10.069,10.125,0.121,0.057498,61.821,0.05599999999999916,10.118,10.154,0.078,0.057593,65.884,0.03599999999999959,9.607401993157076,9.944942,79.47487,0.932238,0.5720349,4.481081,4288
11960-12702,1-336336,0.034622587,0.84,0.84,146.7,7.767420047610942,1,1,2,10.759,10.759,0.0,0.044763,80.857,0.0,10.763,10.763,0.0,0.044663,81.628,0.0,10.195077726614524,10.5326185,87.401115,0.88638467,0.27868426,12.676891,4288
12696-3702,1-107844,0.043910038,0.497,0.497,269.4,7.368629224687889,1,1,0,11.337,11.412,0.155,0.018112,85.847,0.07500000000000107,11.327,11.409,0.17,0.019552,85.847,0.08200000000000074,10.784721296915963,11.122262,261.48123,1.2292671,0.7768565,4.0961285,1040
11981-6102,1-634404,0.034954235,0.523,0.523,183.4,6.953826888940186,3,1,0,10.932,10.933,0.001,0.034571,60.029,0.0009999999999994458,10.931,10.933,0.004,0.034533,59.784,0.002000000000000668,10.567788771976808,10.90533,175.7224,1.0246154,0.84497,5.438354,1040
12674-6103,1-594477,0.029954102,0.48,0.48,190.8,11.082085649037829,1,1,0,11.137,11.184,0.103,0.019402,52.115,0.04699999999999882,11.156,11.177,0.045,0.019138,54.252,0.02099999999999902,10.674954380088884,11.012495,182.91676,0.956058,0.81867033,6.3334007,1040
11974-3703,1-633383,0.040114664,0.571,0.571,92.0,5.56141567003809,1,1,2,10.28,10.529,0.435,0.021145,41.106,0.24900000000000055,10.308,10.524,0.392,0.021138,41.113,0.2159999999999993,10.287048494018114,10.624589,82.3664,0.99240756,0.8852798,4.6199975,4240
11965-6104,1-335172,0.035760254,0.715,0.715,162.2,7.330498894365542,1,1,0,10.875,10.876,0.0,0.03293,64.336,0.0009999999999994458,10.872,10.872,0.0,0.032614,63.939,0.0,10.454938139492718,10.792479,146.56538,0.9784555,0.64379215,6.7518153,1040
11940-9102,1-249088,0.032912202,0.853,0.853,175.8,7.092976426338944,3,1,0,10.931,10.936,0.011,0.022745,69.028,0.005000000000000782,10.929,10.934,0.01,0.022423,68.996,0.004999999999999005,10.506399138230538,10.84394,115.66782,0.9361978,0.5354272,8.250208,1040
12700-12702,1-120100,0.01776226,0.858,0.858,81.4,6.04434861721362,1,1,0,8.026,9.768,0.982,0.094368,86.843,1.7420000000000009,9.904,9.904,0.0,0.089481,86.843,0.0,9.31766188643072,9.655203,44.511837,0.895288,0.23306412,10.130387,1552
12624-6104,1-415768,0.040400892,0.28,0.28,204.5,8.968629199738919,1,1,0,11.296,11.296,0.0,0.028139,27.132,0.0,11.304,11.305,0.0,0.028006,26.388,0.0009999999999994458,10.871467326104296,11.209008,204.43585,0.9676485,0.95150423,5.6909966,1040
7959-1902,1-177460,0.0313023,0.163,0.163,86.2,2.6558968136367174,1,1,2,9.818,9.911,0.191,0.053857,80.043,0.09299999999999997,9.817,9.912,0.196,0.05565,79.649,0.09500000000000064,9.55738206857224,9.894922,86.77245,1.1027148,0.943064,1.89682,4160
11960-9102,1-564644,0.06826999,0.18,0.18,279.2,6.8906252929861385,1,1,0,11.606,11.688,0.17,0.037332,23.471,0.08200000000000074,11.36,11.594,0.415,0.035543,60.112,0.23399999999999999,11.051908308909848,11.389449,283.32297,0.95973253,0.7488686,7.130852,1040
11940-3702,1-200895,0.033399034,0.124,0.124,169.3,4.996736570219371,1,1,0,10.769,10.77,0.0,0.030402,50.274,0.0009999999999994458,10.754,10.759,0.011,0.035361,84.023,0.005000000000000782,10.50442929328985,10.8419695,172.73262,1.2438657,0.8590455,3.8441033,1040
12700-6101,1-120103,0.01817357,0.786,0.786,45.2,4.444681176883955,1,1,0,9.044,9.356,0.512,0.060662,62.716,0.3119999999999994,9.142,9.34,0.366,0.058266,62.716,0.1980000000000004,9.323976241799777,9.661517,33.196316,0.99094003,0.46741349,5.648413,1552
12651-12705,1-634208,0.034339245,0.781,0.781,113.6,14.405237677591971,1,1,0,10.881,11.108,0.407,0.019577,49.353,0.2270000000000003,10.903,11.097,0.36,0.019326,49.36,0.19399999999999906,10.31385199871328,10.651393,78.092735,0.9219373,0.6384602,14.033031,1040
12696-6103,1-32786,0.04209036,0.565,0.565,188.6,6.311650990867191,1,1,2,10.965,11.01,0.098,0.03083,69.993,0.04499999999999993,10.936,11.012,0.159,0.032601,73.599,0.07600000000000051,10.557530900985602,10.895072,177.07721,0.98911214,0.57040864,5.9516525,4160
12621-12704,1-575215,0.036702566,0.073,0.073,192.1,11.617222482063966,1,1,0,11.466,11.899,0.63,0.021153,2.592,0.43299999999999983,11.26,11.512,0.44,0.021377,2.766,0.25200000000000067,10.645980499597977,10.983521,191.32617,0.9483669,0.7856184,13.503273,1040
12622-3704,1-421808,0.02432687,0.674,0.674,72.1,5.956463573707328,1,1,0,10.026,10.159,0.263,0.041933,35.535,0.1330000000000009,9.984,10.145,0.309,0.041785,35.923,0.1609999999999996,9.779470910055489,10.117011,67.13554,0.921839,0.86759275,4.838999,1168
11015-9102,1-456940,0.032797415,0.493,0.493,76.0,3.9473782337479952,1,1,2,9.995,9.995,0.0,0.058904,50.866,0.0,9.994,9.994,0.0,0.06916,85.847,0.0,9.720380406408434,10.057921,74.34099,0.96871203,0.7478261,3.1984818,4096
11015-12703,1-404401,0.023731727,0.567,0.567,88.5,3.8533267554104143,1,1,0,10.0,10.034,0.074,0.048054,45.294,0.034000000000000696,9.989,10.044,0.12,0.047902,45.272,0.054999999999999716,9.645697035795395,9.983237,88.357445,1.0399728,0.8797828,3.1697767,1168
7959-3704,1-177397,0.0815723,0.082,0.082,284.8,6.039672120229854,1,1,0,11.659,11.693,0.074,0.04706,13.913,0.03399999999999892,11.634,11.677,0.093,0.047173,16.095,0.04299999999999926,11.009042756228924,11.346583,285.59323,1.0183752,0.950707,4.81624,1040
7959-3701,1-177659,0.0329884,0.682,0.682,144.6,6.430112949676492,1,1,0,10.704,10.717,0.029,0.03506,54.772,0.0129999999999999,10.708,10.716,0.017,0.034902,55.353,0.007999999999999119,10.361297104481134,10.698837,127.32833,1.1775702,0.744422,4.62486,1552
11965-3703,1-335141,0.0370942,0.171,0.171,110.0,7.86425631789204,1,1,0,11.207,11.208,0.0,0.034423,2.576,0.0009999999999994458,11.258,11.258,0.0,0.033886,2.572,0.0,10.252179498096517,10.58972,114.43119,0.9040212,0.784485,6.4185514,0
11940-12705,1-594564,0.03436049,0.541,0.541,225.4,13.849344438787409,1,1,0,11.361,11.462,0.206,0.012872,63.566,0.10099999999999909,11.312,11.458,0.285,0.012681,61.895,0.1460000000000008,11.129702215291479,11.467243,201.59096,0.94164515,0.69134927,12.002634,0
12621-1901,1-420979,0.016559899,0.398,0.398,61.8,4.026692365032889,1,1,0,9.581,9.718,0.271,0.049209,36.616,0.13700000000000045,9.614,9.711,0.2,0.04829,36.616,0.09699999999999953,9.288604544175504,9.626145,60.004627,0.99465597,0.8731042,3.2666125,1552
12673-6104,1-135092,0.03435257,0.393,0.393,148.8,7.288357077344689,1,1,0,10.941,11.01,0.146,0.035078,20.996,0.06899999999999906,10.918,11.097,0.338,0.032137,20.996,0.17900000000000027,10.500723602375217,10.838264,159.70996,1.128038,0.8847416,4.2451453,1040
12769-12701,1-30887,0.03288747,0.828,0.828,102.5,8.761992534642335,1,1,2,9.256,10.546,0.949,0.09342,63.289,1.2899999999999991,9.408,10.534,0.925,0.090602,65.09,1.1260000000000012,10.186740546504174,10.5242815,71.08467,0.887375,0.5500627,10.398907,4288
12495-6102,1-79764,0.026804302,0.757,0.757,118.5,11.491107577231766,1,1,0,10.788,10.887,0.204,0.05264,63.16,0.0990000000000002,10.738,10.901,0.314,0.053044,63.196,0.16300000000000026,10.265375816038649,10.602917,101.22874,0.89743954,0.52612704,10.1783905,1040
12085-6101,1-117381,0.035540454,0.807,0.807,131.7,5.653996679148855,3,1,0,10.662,10.662,0.0,0.035213,56.33,0.0,10.66,10.66,0.001,0.035072,56.234,0.0,10.445806842315532,10.783347,98.88962,0.9654784,0.6308536,5.3481774,1552
12620-1901,1-591742,0.022518946,0.371,0.371,178.7,2.6677991485866723,1,1,0,10.396,10.397,0.0,0.049662,86.776,0.0009999999999994458,10.403,10.404,0.0,0.048206,86.776,0.0009999999999994458,9.897238581335769,10.234779,174.23845,1.1653724,0.6346618,2.1574001,1168
12089-6104,1-598372,0.045718364,0.345,0.345,232.1,8.237930297491928,1,1,0,11.255,11.298,0.092,0.035033,51.351,0.04299999999999926,11.237,11.273,0.076,0.035043,84.745,0.03599999999999959,10.843269850434863,11.180811,238.19482,0.9337522,0.82051533,5.474729,1040
12679-12705,1-97191,0.02848876,0.841,0.841,124.1,12.998418567911969,3,1,0,10.885,10.957,0.152,0.030975,49.339,0.07200000000000095,10.876,10.963,0.183,0.030347,49.305,0.08699999999999974,10.451685277633514,10.789226,101.15481,0.94528455,0.675519,12.913533,1088
11951-9101,1-211925,0.0919578,0.169,0.169,305.3,7.124306617902647,1,1,0,11.765,11.767,0.0,0.054695,85.23,0.0019999999999988916,11.778,11.779,0.0,0.05626,85.23,0.0009999999999994458,11.151002000017362,11.488543,312.6517,0.9580995,0.7722633,6.956486,1040
11015-1901,1-456509,0.023342367,0.517,0.517,99.8,3.4370698545054355,1,1,0,9.961,10.041,0.168,0.042837,68.577,0.08000000000000007,9.937,10.023,0.178,0.043933,79.037,0.0860000000000003,9.669859363218116,10.0074,95.59776,1.0468903,0.6406545,3.222136,1168
11960-6103,1-497734,0.03496376,0.745,0.745,181.3,6.31773493290131,3,1,0,10.866,10.89,0.052,0.038899,60.056,0.02400000000000091,10.829,10.891,0.133,0.043503,60.94,0.06199999999999939,10.475363601838781,10.812904,166.68816,0.94213855,0.63992393,6.073048,1040
11967-3701,1-632581,0.034281764,0.101,0.101,221.2,5.3438492926958165,2,1,0,11.093,11.108,0.033,0.031185,33.245,0.015000000000000568,11.097,11.099,0.001,0.030862,33.56,0.002000000000000668,10.44514885827749,10.782689,229.2212,1.2992604,0.9027792,3.6102257,1040
12667-12701,1-211525,0.03106242,0.757,0.757,166.7,10.777330705409204,3,1,0,11.099,11.1,0.001,0.021387,65.911,0.0009999999999994458,11.108,11.111,0.005,0.019834,65.893,0.0030000000000001137,10.65128431510005,10.988825,128.7887,0.93660414,0.43997374,12.487157,1040
12085-12704,1-636870,0.037244104,0.872,0.872,145.0,10.006273571145353,3,1,0,11.0,11.006,0.012,0.029517,71.798,0.006000000000000227,10.869,10.994,0.251,0.028527,71.809,0.125,10.551765771385556,10.889306,80.26228,0.8860981,0.40821055,12.556351,1040
11951-9102,1-250343,0.062463015,0.742,0.742,128.7,8.170916802857162,1,1,2,11.064,11.095,0.067,0.029177,49.274,0.031000000000000583,10.876,11.1,0.403,0.032886,49.417,0.2240000000000002,10.737156410215988,11.0746975,103.11039,0.9283939,0.78289187,7.231709,4096
11947-9102,1-135911,0.031725857,0.795,0.795,139.9,7.749284935387365,3,1,0,10.748,10.75,0.004,0.028865,81.102,0.002000000000000668,10.693,10.733,0.089,0.024977,81.345,0.040000000000000924,10.398304489331466,10.735846,96.18104,0.92257124,0.303223,10.465619,1168
12673-1901,1-210747,0.027356828,0.511,0.511,231.0,2.834251758819249,1,1,0,10.708,10.714,0.006,0.051994,33.085,0.006000000000000227,10.662,10.691,0.058,0.04992,34.992,0.028999999999999915,10.025560631248986,10.363101,238.80069,1.4391141,0.9218318,2.0450273,1168
12683-6102,1-212706,0.07180065,0.916,0.916,133.7,6.7248284101301,3,1,0,11.009,11.041,0.072,0.053885,62.719,0.03200000000000003,11.069,11.069,0.001,0.045959,62.763,0.0,10.467564481582423,10.805105,80.312996,0.9516569,0.54496247,7.2725844,0
8654-6104,1-107040,0.068676,0.057,0.057,275.3,8.183695087878615,1,1,0,11.556,11.678,0.244,0.020263,85.581,0.12200000000000166,11.558,11.679,0.242,0.024867,85.581,0.12100000000000044,11.038099332139085,11.37564,279.8901,0.93905056,0.805295,6.90042,1040
11981-6104,1-273422,0.0451287,0.823,0.823,159.5,7.121191521225406,3,1,0,10.972,11.005,0.075,0.028787,62.716,0.03300000000000125,10.98,11.007,0.059,0.028563,62.717,0.026999999999999247,10.639586146425014,10.977127,120.429794,0.9293411,0.61168885,6.530978,1040
12622-9102,1-421842,0.042610347,0.836,0.836,157.1,8.16788707980744,3,1,0,11.09,11.092,0.003,0.023596,62.724,0.002000000000000668,11.084,11.124,0.087,0.022398,62.778,0.040000000000000924,10.57952648676461,10.917068,117.961945,0.87788844,0.68801594,7.328896,1040
11949-6103,1-564537,0.06700193,0.24,0.24,296.9,7.280513074188383,1,1,0,11.641,11.705,0.135,0.011432,64.581,0.06400000000000006,11.634,11.698,0.135,0.014559,86.222,0.06400000000000006,11.065477458641988,11.403018,299.3332,0.91531724,0.72783196,5.447293,1040
12652-1901,1-273107,0.034206394,0.625,0.625,173.1,7.134975742377926,1,1,2,10.726,10.892,0.317,0.05717,60.626,0.1659999999999986,10.719,10.881,0.311,0.05453,61.579,0.1620000000000008,10.344595519169728,10.682137,167.18973,0.88486797,0.63662434,8.865621,4224
12679-3701,1-97176,0.028326752,0.248,0.248,130.3,4.087631344139456,1,1,0,10.315,10.347,0.07,0.036503,77.866,0.03200000000000003,10.318,10.348,0.066,0.0365,77.877,0.030000000000001137,10.12001853471512,10.45756,125.63291,1.2176942,0.62895185,3.9246988,1168
11948-6104,1-249226,0.031042796,0.143,0.143,163.0,9.478782232157734,1,1,0,10.907,10.948,0.089,0.036362,80.043,0.04100000000000037,10.943,10.957,0.029,0.034185,18.348,0.014000000000001123,10.50095999334909,10.838501,168.48076,0.949158,0.878601,6.8135715,1040
11015-1902,1-456628,0.024140697,0.295,0.295,177.9,3.187434310934628,1,1,0,10.515,10.516,0.0,0.038582,45.076,0.0009999999999994458,10.471,10.473,0.0,0.032997,85.23,0.002000000000000668,10.049834051064936,10.387375,181.75325,1.6769531,0.8114714,2.6023827,1040
12667-3704,1-211544,0.031354476,0.371,0.371,301.7,10.655995311747706,1,1,0,11.45,11.516,0.137,0.013572,86.56,0.06600000000000072,11.421,11.518,0.196,0.018674,86.56,0.09700000000000131,11.0436234286011,11.381164,288.66187,1.114367,0.69948083,7.7769876,0
12673-6101,1-210388,0.031204717,0.767,0.767,113.9,4.908878364594669,1,1,2,10.375,10.375,0.0,0.055994,81.045,0.0,10.244,10.324,0.169,0.049702,81.529,0.08000000000000007,10.002728853729414,10.340269,92.04524,0.9955857,0.35794088,6.24346,4096
11948-12703,1-634132,0.030861193,0.82,0.82,159.5,9.719075674671501,3,1,0,10.99,10.99,0.0,0.019927,63.36,0.0,10.99,10.996,0.013,0.01959,63.135,0.006000000000000227,10.580849668639036,10.91839,121.877716,0.9265825,0.61506265,9.145106,1040
8654-3704,1-29610,0.0233449,0.588,0.588,65.3,12.53484100953432,1,1,0,8.788,10.449,0.978,0.069452,50.897,1.6609999999999996,9.817,10.43,0.756,0.06972,51.179,0.6129999999999995,9.36922328118399,9.706764,49.156525,0.9155981,0.659664,12.7774,1168
11940-1902,1-249062,0.03320053,0.593,0.593,156.9,7.2340765811339836,1,1,0,10.844,10.845,0.0,0.03747,69.81,0.0010000000000012221,10.827,10.828,0.0,0.034902,69.831,0.0009999999999994458,10.472378829185162,10.809919,135.2434,1.0328523,0.542794,7.220944,1040
11960-12701,1-336461,0.038508248,0.869,0.869,126.5,10.64753297509679,3,1,0,10.951,10.977,0.059,0.027712,58.494,0.0259999999999998,10.897,10.987,0.188,0.026469,58.522,0.08999999999999986,10.484290042691914,10.821831,74.2357,0.88128453,0.6041116,10.823369,1040
12495-12703,1-80437,0.068888634,0.806,0.806,143.0,13.083077780765688,1,1,0,11.498,11.862,0.567,0.043127,25.747,0.36400000000000077,11.533,11.831,0.496,0.035266,25.749,0.29800000000000004,10.909011429222474,11.246552,162.7324,0.8857441,0.89156175,10.749646,1040
11969-12701,1-363508,0.055601228,0.384,0.384,210.4,9.764839230493992,1,1,0,11.518,11.553,0.077,0.024721,36.453,0.03500000000000014,11.539,11.539,0.0,0.023634,37.162,0.0,10.972469953813231,11.310011,204.38985,0.9072719,0.85318696,8.034638,1040
12673-3702,1-135060,0.027942264,0.807,0.807,110.0,4.435340872248212,1,1,2,10.099,10.256,0.304,0.034121,66.224,0.15700000000000003,9.948,10.251,0.502,0.036785,66.4,0.30299999999999905,9.898787727554554,10.236328,86.0553,0.88935864,0.5853397,4.8011084,4288
11965-3702,1-335380,0.030087072,0.378,0.378,108.3,5.447537522760172,1,1,2,10.438,10.44,0.004,0.057388,33.161,0.0019999999999988916,10.352,10.376,0.053,0.058552,36.973,0.023999999999999133,9.887958885966952,10.225499,112.5745,1.0037047,0.8550615,4.77829,4224
12620-9101,1-401502,0.023506187,0.622,0.622,72.9,6.068513691024926,1,1,0,9.672,10.197,0.701,0.023298,50.214,0.5249999999999986,9.989,10.184,0.361,0.021795,49.695,0.1949999999999985,9.572603859583941,9.910145,59.837532,0.87715435,0.7534904,5.5116787,1168
8654-6101,1-29590,0.0360824,0.794,0.794,153.1,7.1342506021909085,3,1,0,10.841,10.853,0.026,0.023636,65.922,0.012000000000000455,10.823,10.854,0.068,0.023725,65.923,0.030999999999998806,10.62882198667991,10.966363,122.144714,1.2056975,0.593471,6.8753,1040
12682-1901,1-212462,0.050080094,0.12,0.12,232.2,7.2956561831298865,1,1,0,11.264,11.324,0.128,0.03405,83.234,0.0600000000000005,11.269,11.327,0.123,0.041794,84.023,0.05799999999999983,10.829001675487461,11.166542,232.61993,0.9443001,0.89463735,5.596362,1040
12684-3701,1-212626,0.059888642,0.115,0.115,232.5,6.968660877878784,1,1,0,11.343,11.378,0.077,0.0361,39.215,0.03500000000000014,11.399,11.4,0.0,0.035301,5.397,0.0010000000000012221,10.883066868078188,11.220608,236.5232,1.0062922,0.90354055,5.111147,1040
11940-3704,1-200932,0.033736892,0.654,0.654,132.0,4.096575744152193,1,1,2,10.386,10.521,0.267,0.02463,82.527,0.13500000000000156,10.369,10.516,0.286,0.024845,84.254,0.14700000000000024,10.150995558253111,10.488536,121.99948,1.0779915,0.51660377,4.1085873,4224
12085-9102,1-116989,0.027651656,0.748,0.748,134.3,8.13616174995009,3,1,0,10.712,10.771,0.126,0.021966,49.795,0.05900000000000105,10.684,10.776,0.191,0.021701,49.415,0.09200000000000053,10.48972412206051,10.827265,106.16419,0.9188925,0.7213564,7.3594174,1024
12675-3702,1-211544,0.031354476,0.375,0.375,299.4,10.708503114733128,1,1,0,11.44,11.503,0.131,0.026816,73.294,0.06300000000000061,11.426,11.504,0.161,0.030388,86.56,0.0779999999999994,11.0436234286011,11.381164,286.0698,0.9197528,0.69948083,7.7769876,0
12651-9101,1-272881,0.04510069,0.692,0.692,153.8,7.3447691295294435,1,1,2,10.964,10.994,0.066,0.033376,53.776,0.02999999999999936,10.936,10.995,0.126,0.032833,55.209,0.058999999999999275,10.626524795560929,10.964066,136.27509,0.9007541,0.59134287,7.0534463,4672
11960-3702,1-336867,0.05556385,0.475,0.475,191.4,5.7744916806136395,1,1,2,11.08,11.166,0.178,0.036508,60.509,0.0860000000000003,11.122,11.157,0.077,0.036576,68.577,0.03500000000000014,10.772828149349182,11.110369,183.4663,0.9399772,0.699735,5.0281405,4160
12089-9101,1-117978,0.04176776,0.682,0.682,141.5,8.07890819255881,1,1,0,10.984,11.005,0.046,0.033024,46.074,0.021000000000000796,10.883,11.021,0.272,0.031626,45.398,0.13800000000000168,10.538778957311802,10.87632,116.65189,0.8645359,0.7583552,7.201487,1168
11949-12702,1-564539,0.030312445,0.843,0.843,147.8,14.72421851886853,1,1,0,10.498,11.189,0.796,0.013637,59.491,0.6910000000000007,11.008,11.189,0.341,0.011518,59.491,0.18100000000000094,10.640087740073726,10.977629,91.78422,0.8788916,0.600436,13.872151,1040
11974-3702,1-497602,0.06783314,0.656,0.656,200.0,6.085228895092272,3,1,0,11.317,11.317,0.0,0.058668,45.494,0.0,11.311,11.315,0.007,0.059042,45.629,0.0039999999999995595,10.93908054343883,11.276621,191.8825,0.9257751,0.7859452,4.8530684,1040
12674-12701,1-210822,0.03163466,0.904,0.904,132.3,6.558070775470281,1,1,2,10.541,10.541,0.0,0.031654,81.228,0.0,10.374,10.503,0.257,0.03172,81.136,0.12899999999999956,10.142301440600848,10.479842,68.26058,0.9213294,0.23782584,10.331333,4224
12683-12705,1-596390,0.019416796,0.87,0.87,87.2,6.543320875651585,3,1,0,9.743,10.006,0.454,0.023964,83.003,0.2629999999999999,9.999,10.049,0.11,0.02382,83.074,0.049999999999998934,9.687505185839242,10.025045,49.69136,0.91832167,0.39814955,8.393726,1088
11960-6104,1-497686,0.034838434,0.735,0.735,226.0,6.137122082464176,1,1,0,11.042,11.043,0.0,0.031937,71.185,0.0009999999999994458,11.038,11.042,0.007,0.026086,70.277,0.0039999999999995595,10.548465139711965,10.886005,201.32329,0.95469946,0.59359413,5.7134323,1040
11976-3702,1-545973,0.038058273,0.099,0.099,230.4,7.03645969685792,1,1,0,11.145,11.181,0.076,0.044804,69.582,0.03599999999999959,11.141,11.179,0.08,0.045016,83.802,0.038000000000000256,10.64564197463473,10.983183,236.1914,0.9350804,0.9057052,4.5474033,1040
8654-1902,1-29745,0.0214614,0.146,0.146,86.6,2.0421317811334534,1,1,0,9.601,9.642,0.089,0.035741,84.023,0.04099999999999859,9.656,9.657,0.0,0.03446,84.011,0.0009999999999994458,9.295562702021407,9.633103,87.46245,1.3499873,0.867071,1.5785,1168
12675-3701,1-249224,0.037573412,0.45,0.45,213.1,5.285853311772513,1,1,2,11.034,11.05,0.035,0.045509,66.392,0.016000000000000014,11.041,11.05,0.019,0.045469,66.814,0.009000000000000341,10.473347243448787,10.810888,209.7827,1.1105394,0.7644966,3.9390128,4240
12489-9102,1-63963,0.13580294,0.084,0.084,312.1,5.869133824722583,1,1,0,11.835,11.854,0.042,0.037093,82.799,0.01899999999999835,11.852,11.853,0.0,0.037141,82.799,0.0009999999999994458,11.304452008280899,11.641993,314.39145,0.8745301,0.8079424,7.7382684,1024
12090-1901,1-117981,0.026378848,0.564,0.564,103.5,6.024980738381727,1,1,0,10.277,10.277,0.0,0.042769,75.894,0.0,10.24,10.254,0.03,0.043509,78.592,0.013999999999999346,10.142668351310732,10.480209,93.01987,0.937302,0.43420956,7.010923,1552
11976-9102,1-633849,0.038767647,0.614,0.614,58.3,10.459860639980139,1,1,0,10.465,10.465,0.0,0.045082,36.827,0.0,10.467,10.467,0.0,0.04503,36.824,0.0,10.195547565224615,10.533088,61.216473,0.871767,0.7885306,9.258085,0
12085-3703,1-570482,0.11085825,0.278,0.278,214.2,6.645617192204989,1,1,0,11.613,11.614,0.0,0.105534,38.294,0.0010000000000012221,11.61,11.61,0.0,0.10193,35.843,0.0,11.218822113250594,11.556363,234.17996,0.8891915,0.56096786,6.834831,1040
12489-6103,1-139868,0.022551285,0.481,0.481,67.0,7.499358245933351,1,1,0,8.888,10.453,0.973,0.033608,26.75,1.5649999999999995,9.794,10.39,0.747,0.031613,26.882,0.5960000000000001,9.536344398802978,9.873885,58.317345,0.8541632,0.9092266,5.7867837,1168
12674-9102,1-210790,0.029944424,0.866,0.866,110.5,5.630749394909023,1,1,2,10.413,10.417,0.01,0.048486,83.863,0.0039999999999995595,10.423,10.423,0.0,0.047892,83.863,0.0,9.88374615121528,10.221287,74.9334,0.9001541,0.26902294,7.7587366,4160
11967-9101,1-335328,0.035702687,0.135,0.135,230.4,9.802714339175978,1,1,0,11.278,11.311,0.07,0.020434,84.745,0.032999999999999474,11.284,11.312,0.059,0.03218,84.745,0.027999999999998693,10.821847079934761,11.159388,235.51712,0.9176728,0.87620103,6.8769217,1040
11969-3702,1-364513,0.03286711,0.677,0.677,138.6,5.728202617722297,3,1,0,10.571,10.662,0.189,0.019965,59.704,0.09100000000000108,10.555,10.664,0.222,0.018834,59.82,0.10899999999999999,10.445397545128298,10.782938,125.93462,1.1461406,0.7144351,4.8608384,1040
12652-3704,1-273036,0.056949347,0.071,0.071,238.9,15.82168442327482,1,1,0,11.595,11.92,0.527,0.030075,18.209,0.3249999999999993,11.697,11.698,0.0,0.029379,18.209,0.0010000000000012221,10.971065378358237,11.308606,239.34164,0.9882979,0.8788955,7.5467496,1040
11969-6102,1-364559,0.031877123,0.71,0.71,153.4,6.189374928503564,3,1,0,10.759,10.851,0.19,0.017784,50.449,0.09200000000000053,10.758,10.851,0.191,0.017776,50.449,0.09300000000000175,10.495283446632548,10.832824,131.98943,1.123811,0.7446139,5.5097256,1040
7959-12701,1-177434,0.0336895,0.8,0.8,150.4,7.95773670248395,3,1,0,10.88,10.888,0.017,0.028463,77.866,0.007999999999999119,10.85,10.888,0.083,0.027136,77.866,0.038000000000000256,10.35042247660771,10.6879635,111.27365,0.93801475,0.402858,9.2746,1168
12696-1901,1-601561,0.06694086,0.1,0.1,302.5,7.241348707039126,1,1,0,11.629,11.712,0.173,0.024882,80.043,0.08300000000000018,11.629,11.713,0.173,0.025975,80.042,0.08399999999999963,11.081242322610365,11.418783,302.99747,1.0017437,0.82951564,5.741156,1040
7959-6104,1-177923,0.0630295,0.22,0.22,249.1,8.69889030783879,1,1,0,11.46,11.587,0.252,0.019398,39.215,0.1269999999999989,11.632,11.817,0.345,0.019386,2.826,0.1850000000000005,11.042027869628232,11.379568,250.709,0.9685402,0.814151,6.65938,1040
12667-12703,1-135742,0.061029024,0.837,0.837,140.9,12.075918005828363,1,1,2,11.412,11.478,0.14,0.050282,31.65,0.06599999999999895,11.398,11.476,0.165,0.048793,31.691,0.07800000000000118,10.79707468373386,11.134615,151.08243,0.9162367,0.8095917,9.64279,4096
12682-6104,1-596385,0.051052064,0.097,0.097,245.2,9.248130895478607,1,1,0,11.442,11.444,0.0,0.03268,10.361,0.002000000000000668,11.579,11.581,0.0,0.032502,2.927,0.0019999999999988916,10.999952242353006,11.337493,253.81139,0.9211979,0.91411054,5.8985043,1040
12495-6101,1-80416,0.026585639,0.727,0.727,90.2,9.420334247831116,1,1,0,10.611,10.765,0.299,0.047765,36.616,0.15399999999999991,10.586,10.783,0.364,0.047701,36.616,0.19699999999999918,10.13136202120983,10.468903,74.84621,0.8851122,0.8510894,7.6294312,1040
11950-1902,1-564585,0.09610256,0.635,0.635,192.5,7.216989742596505,1,1,2,11.497,11.497,0.0,0.068206,41.311,0.0,11.424,11.47,0.101,0.060282,41.167,0.04600000000000115,10.987281261157104,11.324821,197.07494,0.86389613,0.8359551,5.6897774,4096
12088-9101,1-118083,0.0407402,0.807,0.807,117.0,10.031081157917745,1,1,0,10.732,10.929,0.364,0.023906,50.127,0.19700000000000095,10.475,10.94,0.657,0.022848,49.985,0.46499999999999986,10.513505764077074,10.851047,85.1124,0.8783565,0.6072166,9.622495,0
7959-6101,1-177336,0.0546458,0.085,0.085,202.7,7.855981311420209,1,1,0,11.256,11.304,0.104,0.036983,39.215,0.04800000000000004,11.37,11.37,0.0,0.029475,3.524,0.0,10.791321447063165,11.128862,207.72595,1.0170467,0.792808,6.15385,16
12683-1901,1-212693,0.053755075,0.579,0.579,151.8,9.260138615877423,1,1,0,11.057,11.124,0.141,0.045673,65.854,0.06700000000000017,11.044,11.112,0.144,0.044325,65.854,0.06799999999999962,10.766496254876543,11.104037,143.0737,0.94946104,0.5618316,9.461576,1040
12684-9102,1-98529,0.058669336,0.053,0.053,241.1,5.344900071294308,1,1,0,11.21,11.45,0.424,0.009353,12.558,0.23999999999999844,11.342,11.343,0.0,0.008892,19.922,0.0009999999999994458,10.876835289315393,11.2143755,243.17311,0.9568603,0.8160466,7.2469606,1168
8654-3702,1-29599,0.0233347,0.444,0.444,154.3,5.787136188023353,1,1,0,10.541,10.556,0.032,0.032354,85.847,0.014999999999998792,10.534,10.555,0.047,0.036515,85.847,0.02099999999999902,10.117214933172681,10.454756,149.70137,1.0192971,0.805663,4.8499,1040
11960-12703,1-336486,0.036391743,0.795,0.795,125.6,10.049435283924591,1,1,0,10.748,10.749,0.001,0.041924,79.25,0.0010000000000012221,10.721,10.721,0.0,0.039244,79.84,0.0,10.409984779334273,10.747525,114.04201,0.8833233,0.28954723,15.146353,1552
12700-12703,1-599614,0.037421063,0.823,0.823,210.2,10.079687489323861,3,1,0,11.162,11.289,0.253,0.017769,74.911,0.1269999999999989,11.198,11.294,0.197,0.017221,74.911,0.09600000000000009,10.847173529426476,11.184714,152.62589,0.89439476,0.4422037,10.331336,1040
12683-12701,1-212498,0.05186423,0.064,0.064,264.9,16.69804525987118,1,1,0,11.948,12.346,0.599,0.014566,2.609,0.3979999999999997,11.825,12.13,0.505,0.014677,2.701,0.3050000000000015,11.203369280500745,11.54091,259.60294,0.94233876,0.86265403,10.260209,0
11947-3704,1-135949,0.031381115,0.644,0.644,68.7,4.172503837706129,1,1,2,9.692,9.925,0.414,0.065372,64.016,0.23300000000000054,9.903,9.94,0.082,0.063086,66.023,0.036999999999999034,9.591068593608831,9.928609,56.82581,0.9195777,0.47335175,4.43527,4096
12673-3701,1-210702,0.029560467,0.289,0.289,190.2,6.673789164699259,1,1,0,10.941,11.018,0.162,0.026696,24.863,0.07699999999999996,10.991,11.003,0.026,0.025395,24.982,0.012000000000000455,10.447913712860624,10.785455,192.2096,1.064584,0.9632274,4.5217624,1040
12667-6102,1-211491,0.03127578,0.852,0.852,100.0,2.9800657577985,1,1,0,10.01,10.174,0.315,0.018861,59.853,0.1639999999999997,10.048,10.172,0.248,0.017377,59.733,0.12400000000000055,10.2545502522011,10.592091,90.71357,1.1148705,0.24407594,6.0578594,1040
12675-12701,1-249206,0.031179415,0.769,0.769,207.9,8.39384356696251,3,1,0,11.073,11.117,0.095,0.022743,69.013,0.04400000000000048,11.082,11.119,0.08,0.022557,69.021,0.036999999999999034,10.679132330440517,11.016673,166.55304,0.96933466,0.5380301,8.410998,1040
11965-9101,1-335268,0.033439912,0.763,0.763,185.6,8.456033012076055,3,1,0,11.069,11.082,0.027,0.027454,68.922,0.0129999999999999,11.068,11.079,0.024,0.027404,68.922,0.011000000000001009,10.53337069058656,10.870912,161.06638,0.9094107,0.6316975,7.760569,1040
12620-3703,1-626078,0.02359776,0.747,0.747,85.2,4.752755716512917,1,1,0,9.899,10.103,0.374,0.02792,50.009,0.20400000000000063,9.779,10.098,0.52,0.029704,50.088,0.31900000000000084,9.687837138504674,10.025378,66.43641,0.96029574,0.74778247,4.134838,1168
12700-12705,1-119975,0.018187463,0.666,0.666,62.0,9.170952017817168,1,1,0,8.221,10.026,0.984,0.056097,53.649,1.8049999999999997,8.409,10.032,0.976,0.044334,59.829,1.6229999999999993,9.283810095506166,9.62135,42.156384,0.86731523,0.66342205,8.720003,1040
12495-12705,1-61812,0.04215599,0.112,0.112,212.9,10.802148555233218,1,1,0,11.303,11.305,0.004,0.056592,83.859,0.0019999999999988916,11.304,11.309,0.01,0.066988,83.859,0.004999999999999005,11.412139723064382,11.7496805,228.8851,0.9123456,0.89768493,9.657315,1040
12673-12703,1-210415,0.029858349,0.75,0.75,57.0,17.22895105433211,1,1,0,9.061,10.792,0.981,0.054549,37.606,1.7309999999999999,9.497,10.813,0.952,0.053832,37.572,1.3160000000000007,10.041805779053306,10.379347,42.685642,0.8767433,0.8297696,14.535649,1168
12696-6101,1-32701,0.041749552,0.423,0.423,230.5,7.235509336321085,1,1,0,11.242,11.271,0.063,0.032622,55.967,0.028999999999999915,11.223,11.262,0.084,0.033158,69.386,0.0389999999999997,10.643910753683096,10.981451,224.31876,1.0151361,0.7690902,5.8373504,1040
12622-12701,1-625812,0.023375174,0.861,0.861,100.4,7.615662667944071,1,1,0,10.1,10.331,0.412,0.027156,85.965,0.23099999999999987,9.916,10.316,0.602,0.028927,85.968,0.40000000000000036,9.625496462269766,9.9630375,59.098145,0.91200924,0.26411206,11.154935,1168
11960-3703,1-633283,0.040724903,0.499,0.499,228.6,6.321418115444282,1,1,0,11.185,11.236,0.11,0.008256,53.503,0.051000000000000156,11.187,11.235,0.103,0.008252,53.741,0.04800000000000004,10.775648597262615,11.113189,220.74217,1.0428575,0.80575246,4.5450044,1040
11965-6101,1-560666,0.07680531,0.075,0.075,281.2,7.432262584969386,1,1,0,11.602,11.688,0.178,0.02117,80.043,0.0860000000000003,11.602,11.688,0.178,0.021288,80.043,0.0860000000000003,11.166424044927751,11.503964,285.53772,1.005653,0.94446963,5.3289404,1024
12620-6103,1-419023,0.023946244,0.558,0.558,149.4,7.914161769244887,1,1,2,10.704,10.735,0.066,0.031752,60.582,0.030999999999998806,10.706,10.734,0.063,0.031748,60.609,0.02800000000000047,10.35906655596511,10.696608,139.27983,0.88533187,0.7190155,6.6277623,4096
11967-1902,1-335454,0.03497085,0.354,0.354,190.9,5.309649349260703,1,1,0,10.91,10.99,0.166,0.022347,39.971,0.08000000000000007,10.903,10.946,0.092,0.022563,51.448,0.04299999999999926,10.483191116768635,10.820732,188.78717,1.2698911,0.86349106,3.705821,1040
12622-9101,1-419022,0.024536984,0.741,0.741,105.7,6.832736996009858,1,1,0,10.116,10.318,0.371,0.021861,74.911,0.20199999999999996,9.568,10.276,0.804,0.019494,74.911,0.7080000000000002,10.009012428055913,10.346553,79.51687,0.92564005,0.5414564,7.247874,1040
12621-12703,1-415848,0.034458153,0.858,0.858,130.2,9.430670693425192,3,1,0,10.752,10.752,0.0,0.025888,74.911,0.0,10.772,10.772,0.0,0.024542,74.937,0.0,10.356027445139206,10.693568,85.287476,0.90518856,0.3919096,10.891308,1168
11969-3703,1-334478,0.033416916,0.709,0.709,195.8,5.3442560842949085,3,1,0,10.876,10.92,0.095,0.020201,70.839,0.04400000000000048,10.859,10.924,0.137,0.017028,71.338,0.0649999999999995,10.64345474925036,10.980995,178.95857,1.7006003,0.595637,4.4868255,1040
12624-6101,1-592010,0.03641525,0.082,0.082,238.8,10.791089390226485,1,1,0,11.29,11.368,0.162,0.017796,39.215,0.07800000000000118,11.328,11.403,0.155,0.017704,4.717,0.07500000000000107,10.834686966010496,11.172228,246.33284,1.0245306,0.98030823,6.3263597,1040
12675-3704,1-634132,0.030861193,0.646,0.646,153.4,9.736324760250943,3,1,0,11.006,11.006,0.0,0.026854,63.511,0.0,10.977,11.019,0.091,0.025431,63.253,0.041999999999999815,10.580849668639036,10.91839,126.74367,0.9219291,0.61506265,9.145106,1040
12674-12704,1-210403,0.03384976,0.602,0.602,194.2,10.855777188735171,3,1,2,11.228,11.326,0.201,0.019411,62.798,0.09800000000000075,11.233,11.331,0.202,0.019348,62.805,0.09799999999999898,10.864422967297148,11.201963,184.83034,0.90451074,0.7034983,11.9526005,4160
11951-12704,1-211931,0.061276197,0.895,0.895,183.8,10.251912297552101,1,1,0,11.199,11.388,0.352,0.026663,66.686,0.18900000000000006,11.131,11.392,0.452,0.027218,66.563,0.26099999999999923,10.874158382735555,11.211699,129.62198,0.9032634,0.6257992,9.183156,1040
12667-3701,1-594544,0.03126501,0.755,0.755,131.8,6.5196029310330195,3,1,0,10.675,10.688,0.029,0.030338,66.095,0.0129999999999999,10.661,10.68,0.041,0.030097,66.172,0.019000000000000128,10.288290148407109,10.625831,105.950455,0.963896,0.66653275,5.9045153,1168
11950-3701,1-550868,0.09894046,0.197,0.197,168.9,5.813942608050447,1,1,0,11.225,11.226,0.0,0.093389,80.043,0.0010000000000012221,11.225,11.226,0.0,0.093773,80.043,0.0010000000000012221,11.18014248359846,11.517683,177.34567,0.893828,0.8073686,7.6194987,1040
12621-6104,1-415720,0.1160931,0.133,0.133,237.0,6.095233687415844,1,1,0,11.548,11.605,0.12,0.061021,31.894,0.057000000000000384,11.537,11.603,0.14,0.061177,34.729,0.06599999999999895,11.220744725956557,11.558286,240.80005,1.0082092,0.82667404,6.70493,1040
11015-9101,1-456587,0.022256613,0.278,0.278,44.9,2.5391501105799517,1,1,0,9.12,9.12,0.0,0.085067,82.799,0.0,9.124,9.124,0.0,0.10768,82.799,0.0,9.045573545269882,9.383114,45.383694,0.8954293,0.91942036,2.2641966,1168
12652-12703,1-270440,0.035066884,0.885,0.885,154.0,9.157240487855956,1,1,0,10.379,10.904,0.702,0.011357,68.993,0.5250000000000004,10.691,10.929,0.422,0.009905,69.461,0.23799999999999955,10.4676242045151,10.805165,100.89469,0.88223314,0.4775375,10.318049,1552
12772-12703,1-551328,0.018025512,0.65,0.65,87.2,11.257785270797315,1,1,2,10.224,10.249,0.056,0.05652,81.22,0.025000000000000355,10.063,10.214,0.293,0.058794,86.789,0.1509999999999998,9.94492286307703,10.282463,75.36849,0.8700348,0.3465093,14.866675,4160
12667-12705,1-211519,0.032882314,0.681,0.681,83.4,13.665750681255362,1,1,0,10.971,11.266,0.493,0.021832,18.213,0.29499999999999993,10.966,11.272,0.506,0.021826,18.213,0.30600000000000094,10.442337322201539,10.779878,82.11673,0.8895465,0.98241436,10.096372,1040
12678-1902,1-96680,0.027905166,0.656,0.656,74.2,3.6150396747811575,1,1,2,9.682,9.931,0.436,0.027386,59.812,0.24899999999999878,9.76,9.934,0.331,0.027369,59.725,0.1739999999999995,9.666895858227104,10.0044365,65.03927,0.9738152,0.68921,3.3042126,4096
11974-3701,1-337227,0.04277682,0.157,0.157,167.2,6.741077018924295,1,1,0,11.023,11.045,0.05,0.02904,19.805,0.02200000000000024,11.006,11.063,0.121,0.028963,19.547,0.057000000000000384,10.762799069351578,11.10034,171.91757,1.0506619,0.97833467,4.5759826,1040
11947-9101,1-135964,0.032203645,0.098,0.098,195.9,10.101160469386137,1,1,0,11.14,11.187,0.101,0.012268,26.29,0.04699999999999882,11.167,11.214,0.102,0.011849,22.171,0.0470000000000006,10.681776383579665,11.019317,202.04105,0.8670942,0.9510095,7.382066,1040
11947-3703,1-135979,0.036654282,0.637,0.637,176.8,9.762564864185288,3,1,0,10.987,11.1,0.229,0.02657,63.167,0.11299999999999955,10.976,11.083,0.219,0.029269,63.72,0.10699999999999932,10.653214086883619,10.990755,159.72813,0.8747692,0.5735829,9.164436,1040
11960-6102,1-336432,0.038051587,0.505,0.505,136.0,7.480218075697709,1,1,2,10.815,10.864,0.107,0.040167,42.47,0.049000000000001265,10.842,10.857,0.033,0.039709,42.002,0.014999999999998792,10.457016425750282,10.794557,134.97797,0.94731253,0.84928846,5.867875,4288
12675-1902,1-211368,0.030153016,0.601,0.601,129.6,5.836945606667236,1,1,0,10.556,10.567,0.025,0.036348,49.91,0.011000000000001009,10.484,10.581,0.201,0.036842,49.478,0.09699999999999953,10.47830220254849,10.815843,118.11696,1.1306556,0.7452094,4.916125,1040
12682-3703,1-212396,0.052476257,0.176,0.176,257.0,10.452791676632375,3,1,0,11.45,11.507,0.12,0.02566,60.832,0.057000000000000384,11.444,11.507,0.132,0.028316,84.745,0.06299999999999883,10.922904379515256,11.260445,261.9863,1.0300533,0.92459464,4.8247504,1040
11976-12701,1-545967,0.035793338,0.859,0.859,167.3,8.538563353322305,1,1,0,10.8,11.002,0.371,0.016479,71.936,0.20199999999999996,10.762,11.006,0.43,0.015986,71.936,0.24399999999999977,10.555206745756841,10.892747,123.04269,0.9402456,0.4261119,11.108309,1040
12673-3704,1-135056,0.029251507,0.746,0.746,82.1,4.344251741759727,1,1,2,10.054,10.054,0.0,0.059603,59.844,0.0,10.028,10.06,0.072,0.058958,60.08,0.03200000000000003,9.753724537719886,10.091265,67.45842,0.9542043,0.56957364,4.5381627,4608
11949-6102,1-211629,0.056168426,0.213,0.213,209.6,7.020107832076508,1,1,0,11.293,11.301,0.017,0.040333,50.444,0.008000000000000895,11.276,11.277,0.002,0.04433,56.979,0.0009999999999994458,10.865229682624875,11.20277,212.33154,0.9884349,0.74092,5.728044,1040
11960-12704,1-336690,0.035258528,0.814,0.814,149.0,18.969755533350025,1,1,0,11.482,11.651,0.323,0.030357,36.652,0.16900000000000048,11.468,11.641,0.329,0.023119,36.657,0.17300000000000004,10.727978779380045,11.065519,143.47824,0.9047282,0.79058945,15.779872,1040
11976-12703,1-446242,0.033610165,0.88,0.88,115.9,8.799193217440662,1,1,0,9.044,10.653,0.975,0.014352,71.936,1.609,10.384,10.71,0.527,0.012646,71.936,0.3260000000000005,10.353667656455418,10.691208,72.25896,0.8541499,0.5988822,8.823809,1168
12674-6102,1-210890,0.03179979,0.67,0.67,137.5,7.699963021485024,1,1,0,11.019,11.209,0.354,0.018567,25.777,0.1899999999999995,11.01,11.209,0.367,0.01879,25.789,0.19899999999999984,10.404322384481274,10.741863,126.58659,0.92801756,0.89727557,6.1935534,1552
